height,weight,age,stamina,strength,balance,sprint_speed,agility,acceleration,jumping,reactions,score,label
192,84,22,55,86,40,52,43,41,51,68,50.349999999999994,Intermediate
181,80,31,87,81,42,67,65,64,65,70,63.6,Intermediate
193,84,29,38,68,41,48,36,46,60,65,42.900000000000006,Beginner
187,86,33,73,82,56,63,57,35,80,64,61.1,Intermediate
191,80,23,28,64,24,31,34,38,27,50,31.65,Beginner
183,83,31,44,75,65,54,62,55,72,70,52.550000000000004,Intermediate
194,88,25,75,84,33,68,34,55,74,61,58.4,Intermediate
185,75,20,64,78,63,55,45,63,71,54,55.349999999999994,Intermediate
189,80,30,54,86,58,69,60,53,73,64,59.85,Intermediate
173,67,22,55,63,80,69,68,81,60,47,58.95,Intermediate
186,78,23,63,71,54,74,67,71,74,58,61.25,Intermediate
169,65,31,67,49,90,66,85,74,71,58,61.6,Intermediate
193,88,21,46,78,52,64,51,61,60,50,53.4,Intermediate
171,67,29,70,64,80,78,77,73,58,55,65.60000000000001,Intermediate
172,65,19,53,40,82,79,81,77,42,46,58.7,Intermediate
189,75,26,53,83,61,67,58,65,72,68,58.650000000000006,Intermediate
178,66,32,89,70,73,59,67,58,60,73,63.0,Intermediate
185,81,26,61,76,60,64,65,62,63,57,58.449999999999996,Intermediate
180,71,26,69,64,71,80,73,80,71,66,65.35000000000001,Intermediate
183,75,19,35,58,61,62,52,55,84,43,49.800000000000004,Beginner
184,80,22,65,70,59,67,55,66,75,50,58.74999999999999,Intermediate
188,72,25,63,65,61,68,59,71,69,63,58.2,Intermediate
176,83,30,76,81,77,77,76,75,81,69,69.8,Intermediate
180,71,26,74,63,78,75,77,79,81,69,66.3,Intermediate
180,69,24,61,51,61,74,64,71,58,57,57.449999999999996,Intermediate
182,72,29,77,73,68,70,68,68,65,60,64.19999999999999,Intermediate
175,73,29,53,48,76,75,79,74,51,55,58.349999999999994,Intermediate
169,64,27,55,34,72,69,68,70,48,49,53.199999999999996,Intermediate
180,65,20,73,59,76,69,77,74,59,64,62.400000000000006,Intermediate
189,76,22,37,47,32,41,34,47,44,68,35.550000000000004,Beginner
173,67,26,69,54,90,86,86,92,34,67,67.00000000000001,Intermediate
176,70,26,53,52,75,82,89,81,48,60,61.8,Intermediate
188,91,35,67,91,50,66,47,43,78,66,60.45,Intermediate
187,83,25,60,51,83,55,51,60,72,48,53.15,Intermediate
185,80,30,45,65,38,40,50,49,76,63,43.349999999999994,Beginner
182,70,18,54,53,58,74,68,72,51,44,56.099999999999994,Intermediate
187,72,24,64,74,65,64,41,62,84,56,57.900000000000006,Intermediate
190,81,21,26,65,24,21,25,29,33,62,27.799999999999997,Beginner
194,87,26,66,81,43,54,41,53,66,68,53.24999999999999,Intermediate
186,89,32,68,93,33,88,48,68,82,83,66.14999999999999,Intermediate
180,85,32,88,74,73,65,78,65,80,71,67.3,Intermediate
180,75,21,80,76,79,89,84,94,75,58,74.15,Advanced
172,69,29,70,61,78,82,79,83,84,46,67.64999999999999,Intermediate
180,72,22,67,55,80,81,83,80,43,56,64.4,Intermediate
181,77,29,86,75,82,67,70,68,79,61,67.7,Intermediate
182,73,35,54,71,62,64,66,68,66,65,56.75,Intermediate
190,88,22,24,47,46,33,24,31,60,37,31.75,Beginner
177,73,19,51,57,74,47,63,55,48,47,48.95,Beginner
187,78,26,63,75,59,59,45,57,69,61,55.4,Intermediate
178,72,28,63,52,75,41,66,34,60,66,49.8,Beginner
177,72,29,69,53,71,65,73,69,64,73,58.85,Intermediate
184,74,23,62,59,65,77,75,74,70,52,61.85,Intermediate
180,70,26,65,69,65,79,73,77,36,56,62.650000000000006,Intermediate
190,82,22,32,44,43,45,47,38,46,62,37.8,Beginner
172,56,25,73,56,86,82,74,70,83,61,67.75,Intermediate
175,70,23,61,47,71,65,72,63,57,56,55.900000000000006,Intermediate
191,87,27,28,78,23,25,31,29,35,63,31.950000000000003,Beginner
187,71,26,71,82,64,86,68,71,91,77,70.05,Advanced
174,74,17,38,46,82,89,83,90,48,52,60.1,Intermediate
180,76,32,84,77,75,84,82,83,75,76,73.0,Advanced
182,75,19,67,69,66,65,61,62,71,61,59.5,Intermediate
178,74,26,73,74,68,68,71,72,75,66,63.75,Intermediate
170,72,27,70,72,73,77,72,75,65,62,65.64999999999999,Intermediate
188,80,27,80,74,69,73,66,71,77,64,66.35,Intermediate
175,72,23,64,67,90,88,87,87,58,51,69.85000000000001,Intermediate
186,77,24,78,83,56,55,53,61,73,64,59.099999999999994,Intermediate
170,64,27,66,65,86,70,57,65,71,60,61.800000000000004,Intermediate
188,77,31,60,74,44,62,70,60,51,65,55.64999999999999,Intermediate
170,68,33,72,68,91,81,91,82,77,85,70.95,Advanced
175,67,32,62,60,68,60,70,71,69,72,56.650000000000006,Intermediate
173,71,24,60,50,85,80,83,84,70,67,63.8,Intermediate
185,85,31,87,76,58,70,66,65,74,69,65.9,Intermediate
192,80,24,65,77,48,55,43,53,58,62,53.04999999999999,Intermediate
166,68,27,61,44,92,91,92,91,81,61,68.55,Intermediate
173,79,23,67,59,78,64,64,65,62,54,58.75000000000001,Intermediate
191,77,22,55,77,53,59,48,55,68,58,53.74999999999999,Intermediate
175,70,35,65,64,77,67,65,67,63,61,60.05,Intermediate
172,72,24,66,52,78,69,88,76,41,61,60.349999999999994,Intermediate
191,79,23,60,77,53,56,56,62,60,57,54.25,Intermediate
186,77,22,54,70,58,53,49,50,76,56,51.7,Intermediate
170,59,19,56,50,72,67,58,70,52,52,54.4,Intermediate
183,82,31,80,77,76,47,63,54,78,66,59.45,Intermediate
191,74,21,20,42,27,32,33,31,36,48,27.7,Beginner
192,80,21,68,75,52,76,62,67,66,63,62.35000000000001,Intermediate
178,72,19,60,69,69,69,58,63,70,53,59.25000000000001,Intermediate
178,66,25,80,64,63,70,73,75,72,54,63.800000000000004,Intermediate
196,90,24,62,92,34,57,33,48,63,72,53.14999999999999,Intermediate
177,69,36,83,67,75,68,65,68,60,69,64.05,Intermediate
173,68,27,67,45,75,61,62,66,56,65,54.95,Intermediate
188,77,18,53,63,50,54,41,52,67,41,48.7,Beginner
175,70,24,59,51,85,75,80,81,49,57,60.9,Intermediate
178,68,26,81,64,77,79,82,82,75,65,69.15,Intermediate
180,82,29,73,61,73,72,75,74,54,58,62.85000000000001,Intermediate
193,75,23,20,55,22,26,31,32,37,45,27.200000000000003,Beginner
175,66,21,60,47,72,74,63,66,55,57,57.5,Intermediate
187,82,29,56,86,50,33,54,34,71,59,47.949999999999996,Beginner
182,81,31,85,80,74,66,72,75,85,68,67.65,Intermediate
180,71,31,74,62,66,49,60,56,77,56,55.25,Intermediate
179,66,20,60,34,63,69,64,69,58,59,53.4,Intermediate
180,73,29,66,66,77,71,77,76,50,61,62.300000000000004,Intermediate
177,93,33,54,92,72,67,68,65,69,65,62.150000000000006,Intermediate
181,80,20,62,63,66,69,71,72,53,57,58.9,Intermediate
175,75,27,66,71,73,70,70,71,64,49,62.35000000000001,Intermediate
186,80,27,73,70,59,75,67,70,51,55,62.75,Intermediate
185,74,24,83,77,75,73,70,68,59,79,67.5,Intermediate
180,76,32,63,71,64,68,69,67,86,62,61.24999999999999,Intermediate
182,78,34,85,75,77,79,75,79,76,77,70.95,Advanced
189,84,31,42,73,50,52,58,56,65,79,49.0,Beginner
177,71,25,92,73,84,84,83,81,76,70,75.05,Advanced
194,93,35,64,91,43,55,41,51,71,74,54.9,Intermediate
173,70,31,77,43,69,81,81,85,75,62,64.9,Intermediate
185,87,23,55,73,57,69,61,63,76,58,58.25,Intermediate
185,71,29,88,84,58,62,58,65,83,69,64.55000000000001,Intermediate
176,70,28,79,65,78,58,71,71,59,63,60.80000000000001,Intermediate
175,75,29,76,58,82,78,86,80,77,57,67.94999999999999,Intermediate
194,83,31,34,55,38,34,39,33,59,47,35.9,Beginner
179,71,24,82,66,74,80,79,78,67,78,68.95,Intermediate
187,72,29,78,72,69,69,69,65,60,56,63.89999999999999,Intermediate
174,77,31,60,59,75,62,62,65,34,64,54.85,Intermediate
191,93,30,40,80,45,48,47,48,62,75,46.7,Beginner
182,79,22,64,64,63,57,52,73,57,48,53.85,Intermediate
173,67,19,62,61,77,74,70,73,64,57,61.650000000000006,Intermediate
184,77,20,63,66,60,61,62,64,58,54,55.900000000000006,Intermediate
180,76,21,76,61,70,68,64,74,61,67,61.199999999999996,Intermediate
176,77,24,49,60,62,69,64,68,56,50,54.9,Intermediate
178,70,22,48,56,68,66,58,67,57,47,53.25000000000001,Intermediate
187,80,20,57,69,61,61,61,56,66,61,55.550000000000004,Intermediate
186,79,34,20,43,33,21,23,16,45,45,24.6,Beginner
185,80,19,25,57,29,34,32,31,65,45,33.1,Beginner
182,79,29,22,64,42,25,23,25,59,67,30.95,Beginner
180,71,23,69,56,87,79,83,85,72,68,66.5,Intermediate
172,70,35,60,58,67,64,65,67,64,63,56.300000000000004,Intermediate
183,78,23,59,63,58,74,73,72,45,44,58.8,Intermediate
180,77,20,60,60,63,64,62,60,59,54,55.650000000000006,Intermediate
198,79,24,66,88,30,44,57,37,70,71,51.8,Intermediate
173,70,23,70,49,66,82,75,79,45,53,62.3,Intermediate
187,90,26,56,70,54,62,57,66,70,67,54.9,Intermediate
186,85,33,63,82,60,55,48,55,62,62,55.300000000000004,Intermediate
183,79,36,65,77,63,64,62,60,78,70,60.15,Intermediate
175,73,21,48,42,72,65,68,70,42,44,51.50000000000001,Intermediate
168,63,25,70,55,80,72,70,76,60,56,61.849999999999994,Intermediate
191,84,28,68,83,56,34,34,33,62,63,48.35,Beginner
188,80,20,63,57,57,65,60,64,64,45,55.550000000000004,Intermediate
175,70,21,66,60,88,93,89,92,75,62,71.55,Advanced
178,71,20,68,52,70,63,61,67,61,64,56.449999999999996,Intermediate
185,77,25,66,70,59,65,62,69,72,69,58.900000000000006,Intermediate
168,65,25,91,45,91,62,83,67,61,67,63.99999999999999,Intermediate
196,80,25,33,57,49,42,41,44,65,55,40.0,Beginner
175,65,38,68,68,76,67,74,69,65,77,62.150000000000006,Intermediate
175,64,32,63,34,83,86,77,79,58,67,62.40000000000001,Intermediate
173,65,25,72,68,84,78,73,74,73,61,67.35,Intermediate
189,77,18,59,68,50,70,57,66,61,65,56.75,Intermediate
182,67,26,84,63,72,68,72,74,54,59,63.750000000000014,Intermediate
183,75,31,77,68,65,69,75,70,71,77,63.849999999999994,Intermediate
180,88,29,33,69,40,48,43,50,67,78,43.0,Beginner
181,79,25,65,63,67,72,65,75,46,57,59.55,Intermediate
190,84,32,63,78,45,54,50,43,66,54,53.3,Intermediate
181,78,24,65,70,62,75,68,70,75,58,62.75,Intermediate
180,88,29,33,69,40,48,43,50,67,78,43.0,Beginner
190,84,32,63,78,45,54,50,43,66,54,53.3,Intermediate
181,78,24,65,70,62,75,68,70,75,58,62.75,Intermediate
179,73,31,79,65,68,79,70,65,71,74,66.6,Intermediate
169,68,35,79,64,77,65,63,68,76,74,62.7,Intermediate
192,84,29,28,56,44,40,38,44,56,70,37.0,Beginner
184,80,36,64,72,69,68,73,74,87,69,62.55,Intermediate
186,75,21,18,42,39,33,33,32,49,44,29.45,Beginner
191,93,31,66,91,34,54,58,52,69,63,55.699999999999996,Intermediate
180,80,23,70,74,63,65,60,67,71,60,60.45,Intermediate
173,69,22,65,38,65,69,63,69,47,55,54.550000000000004,Intermediate
189,80,28,59,79,57,63,50,60,71,52,56.8,Intermediate
184,76,21,61,57,60,58,56,65,56,51,52.55,Intermediate
177,76,27,72,56,81,91,67,87,60,68,67.9,Intermediate
192,84,26,69,78,57,68,56,67,56,62,60.00000000000001,Intermediate
177,72,27,63,58,71,66,52,64,64,60,56.600000000000016,Intermediate
183,75,22,54,63,60,53,39,54,76,48,49.849999999999994,Beginner
178,79,25,69,70,88,79,78,78,55,76,67.35,Intermediate
182,74,28,70,72,67,86,80,87,83,63,69.45,Intermediate
182,74,23,74,60,67,74,76,72,57,65,63.150000000000006,Intermediate
170,74,29,63,45,82,81,83,80,33,66,61.800000000000004,Intermediate
182,65,18,53,32,72,55,71,68,54,63,48.900000000000006,Beginner
184,79,31,72,80,60,63,54,67,71,58,60.24999999999999,Intermediate
173,77,25,72,61,73,83,85,82,80,65,68.25,Intermediate
175,77,26,67,79,53,65,61,69,71,58,59.7,Intermediate
177,75,38,62,73,67,53,66,56,64,72,55.75000000000001,Intermediate
186,76,28,41,56,55,46,43,45,59,61,43.15,Beginner
185,80,26,78,78,62,78,70,73,83,65,68.05000000000001,Intermediate
175,73,31,76,63,75,64,72,62,73,59,62.199999999999996,Intermediate
184,75,19,59,59,60,61,61,60,62,56,54.150000000000006,Intermediate
180,73,30,73,75,67,85,77,86,74,66,69.45,Intermediate
176,70,29,76,60,73,81,70,80,70,53,66.3,Intermediate
178,70,21,68,50,69,59,62,69,61,58,54.949999999999996,Intermediate
181,77,23,71,66,71,74,70,74,59,60,63.35,Intermediate
193,78,27,66,84,82,74,74,70,81,62,67.65,Intermediate
175,70,30,73,70,87,77,76,79,69,77,67.95,Intermediate
180,75,24,80,67,87,90,87,85,69,61,73.9,Advanced
168,67,21,63,45,82,67,80,71,54,59,58.35000000000001,Intermediate
188,78,22,55,68,55,50,46,49,62,47,49.400000000000006,Beginner
180,64,24,72,42,73,77,77,79,71,63,62.349999999999994,Intermediate
173,60,26,79,63,84,64,83,67,74,60,64.85,Intermediate
170,68,30,82,60,86,76,87,79,77,77,69.35,Intermediate
175,84,23,63,72,64,66,60,64,80,65,59.6,Intermediate
192,80,34,75,92,58,37,56,41,84,65,55.5,Intermediate
172,76,33,72,64,64,65,78,67,66,57,60.99999999999999,Intermediate
178,74,33,72,65,72,51,67,53,59,61,56.30000000000001,Intermediate
180,70,21,56,72,73,78,71,75,69,56,63.25,Intermediate
181,80,27,67,81,60,61,58,62,68,62,59.050000000000004,Intermediate
184,74,26,68,64,63,84,76,77,45,66,64.55,Intermediate
185,76,27,73,72,64,84,68,84,66,61,67.1,Intermediate
179,80,27,80,81,76,77,66,71,83,55,69.6,Intermediate
186,85,23,64,70,62,65,64,63,79,69,59.35,Intermediate
181,71,30,78,76,60,74,76,76,91,54,67.35,Intermediate
190,82,26,78,79,62,55,62,58,68,75,59.75000000000001,Intermediate
192,85,20,58,76,59,61,43,54,70,63,55.0,Intermediate
184,75,24,73,79,74,77,68,75,52,73,66.35000000000001,Intermediate
193,88,28,68,90,47,75,74,72,77,67,65.55,Intermediate
178,68,20,59,42,61,75,64,73,68,54,56.49999999999999,Intermediate
185,78,21,55,64,60,69,68,71,85,56,58.349999999999994,Intermediate
182,62,23,82,65,67,67,71,64,61,68,63.1,Intermediate
181,74,29,73,70,58,74,71,78,87,56,64.55,Intermediate
178,69,24,62,43,78,76,74,76,81,58,60.900000000000006,Intermediate
184,85,30,60,76,59,54,56,52,74,56,54.800000000000004,Intermediate
182,84,31,66,81,60,67,71,72,87,73,62.9,Intermediate
185,80,23,61,67,62,64,60,64,66,54,56.949999999999996,Intermediate
177,76,31,81,75,53,71,65,64,72,63,64.14999999999999,Intermediate
194,86,20,62,81,35,55,40,62,66,56,51.849999999999994,Intermediate
198,91,21,51,79,31,55,50,52,60,62,49.650000000000006,Beginner
173,68,25,82,67,82,81,84,82,78,76,71.25,Advanced
180,70,19,67,51,68,68,55,65,56,54,56.55,Intermediate
175,70,21,74,45,75,86,75,85,57,68,65.2,Intermediate
180,66,17,48,53,52,63,60,64,67,45,51.00000000000001,Intermediate
174,69,24,67,60,72,68,61,67,69,48,59.550000000000004,Intermediate
192,80,18,61,60,64,59,58,62,72,46,54.7,Intermediate
178,71,23,67,54,64,80,83,83,67,69,63.55,Intermediate
186,73,21,55,59,73,64,59,60,65,59,55.5,Intermediate
178,78,32,84,72,73,63,69,62,57,70,63.550000000000004,Intermediate
185,84,27,68,75,69,69,71,68,51,65,62.099999999999994,Intermediate
185,78,21,54,57,49,68,49,67,66,51,52.849999999999994,Intermediate
192,78,23,39,68,22,31,33,41,42,54,34.900000000000006,Beginner
191,77,27,70,80,54,54,55,54,78,71,57.0,Intermediate
186,76,24,76,73,63,79,74,83,81,68,67.6,Intermediate
183,76,29,80,71,51,52,67,61,57,59,56.900000000000006,Intermediate
187,79,19,54,64,53,51,48,54,61,48,48.849999999999994,Beginner
179,82,38,70,81,64,65,61,61,82,66,62.25,Intermediate
178,76,38,53,56,69,37,59,36,60,57,45.9,Beginner
178,72,24,73,64,44,74,74,76,58,46,61.099999999999994,Intermediate
186,82,26,75,69,62,67,54,65,72,58,60.65,Intermediate
173,63,28,69,34,86,75,85,76,46,70,60.8,Intermediate
183,88,26,80,84,50,84,52,79,79,68,67.95,Intermediate
180,72,19,66,50,86,83,85,86,38,66,64.60000000000001,Intermediate
182,75,29,74,72,67,78,66,74,81,59,66.35000000000001,Intermediate
180,72,32,81,68,58,75,68,73,53,56,64.15,Intermediate
181,79,26,79,48,79,89,83,86,58,67,68.80000000000001,Intermediate
170,61,22,66,53,87,73,86,81,76,55,64.15,Intermediate
197,97,21,64,78,47,70,51,64,68,60,58.7,Intermediate
185,75,18,55,56,57,53,58,57,62,48,49.9,Beginner
176,69,19,60,40,74,65,65,63,62,41,54.5,Intermediate
184,78,23,59,78,70,81,72,75,62,65,65.1,Intermediate
181,81,36,25,70,48,35,58,35,71,60,40.15,Beginner
184,78,24,27,54,51,38,49,33,64,72,38.1,Beginner
181,73,28,68,79,63,78,66,71,80,69,65.75,Intermediate
180,71,27,50,63,66,76,59,70,61,54,57.8,Intermediate
185,74,19,67,71,69,75,65,73,61,62,62.99999999999999,Intermediate
176,66,18,52,44,79,64,75,62,59,58,54.550000000000004,Intermediate
182,75,18,55,68,71,68,77,66,64,59,59.6,Intermediate
175,67,20,47,50,73,57,53,62,60,58,49.599999999999994,Beginner
173,75,23,76,55,72,79,70,81,64,68,64.55,Intermediate
175,74,21,68,54,69,64,68,65,58,53,57.5,Intermediate
181,76,22,55,57,61,60,56,66,60,53,52.25,Intermediate
185,84,31,60,71,55,64,60,67,59,44,56.300000000000004,Intermediate
178,74,26,79,74,72,68,70,69,75,69,65.25,Intermediate
184,77,31,70,71,62,70,70,65,60,69,61.85,Intermediate
180,75,22,55,63,68,92,72,93,65,56,65.3,Intermediate
169,60,27,68,32,88,83,82,84,81,66,64.35,Intermediate
188,82,30,73,74,37,62,68,55,87,62,59.15000000000001,Intermediate
180,75,33,67,71,68,64,70,65,70,59,60.55,Intermediate
197,87,23,29,55,41,42,48,42,57,66,38.4,Beginner
172,68,23,47,40,70,64,53,64,57,49,49.75000000000001,Beginner
170,66,21,48,38,82,63,67,66,56,59,51.900000000000006,Intermediate
174,65,32,81,70,78,67,73,72,85,61,66.14999999999999,Intermediate
172,69,19,64,57,85,69,74,65,52,56,60.55,Intermediate
176,71,20,78,65,77,72,79,73,69,70,66.0,Intermediate
178,70,27,59,60,73,65,67,67,51,53,56.849999999999994,Intermediate
182,73,19,52,56,62,63,56,59,64,53,52.7,Intermediate
190,73,32,30,65,52,28,55,31,44,56,37.050000000000004,Beginner
174,68,32,66,53,83,34,67,41,40,81,48.349999999999994,Beginner
172,67,22,58,60,74,81,70,75,50,51,61.800000000000004,Intermediate
194,84,32,34,86,33,43,49,39,78,65,44.699999999999996,Beginner
185,78,24,74,76,55,60,70,62,73,41,60.349999999999994,Intermediate
195,88,22,62,77,34,37,29,29,59,41,44.3,Beginner
183,71,27,86,73,63,72,71,74,76,61,66.95,Intermediate
170,60,26,35,50,83,76,71,78,59,60,55.650000000000006,Intermediate
171,65,20,46,30,77,77,71,76,34,39,53.300000000000004,Intermediate
180,73,28,89,68,71,66,65,67,69,62,64.85,Intermediate
187,82,18,16,54,34,15,25,16,40,36,23.700000000000003,Beginner
174,70,32,76,62,81,67,72,64,74,69,63.6,Intermediate
180,78,26,69,64,74,55,74,69,62,66,57.8,Intermediate
171,65,31,77,60,79,40,65,40,69,66,54.25,Intermediate
186,83,21,59,81,55,69,55,68,70,66,59.15,Intermediate
191,89,33,38,48,33,32,26,31,54,60,33.0,Beginner
180,70,24,48,64,82,83,76,86,58,50,62.800000000000004,Intermediate
177,70,27,62,57,72,75,76,80,60,58,61.25,Intermediate
179,70,31,66,60,61,61,64,63,75,63,56.75,Intermediate
192,79,22,56,71,50,53,54,57,66,58,51.449999999999996,Intermediate
170,67,27,68,49,86,64,75,68,46,74,58.55,Intermediate
175,75,34,52,62,54,38,52,44,71,62,45.25,Beginner
177,72,25,64,68,80,90,90,91,79,62,70.95,Advanced
195,84,21,28,68,26,38,37,41,44,38,35.7,Beginner
172,66,24,68,60,82,88,86,88,60,69,68.8,Intermediate
179,72,31,80,68,70,81,76,85,70,63,68.6,Intermediate
189,77,21,54,68,47,56,48,63,72,52,50.9,Intermediate
180,68,23,75,64,65,67,64,65,70,69,61.099999999999994,Intermediate
170,71,30,75,52,89,67,88,75,35,70,62.34999999999999,Intermediate
185,69,34,46,66,69,54,64,51,36,61,50.39999999999999,Intermediate
185,80,23,73,79,64,75,52,75,81,59,64.60000000000001,Intermediate
187,85,30,62,85,53,50,59,50,59,65,54.3,Intermediate
177,65,27,66,62,90,80,84,83,76,58,67.7,Intermediate
182,75,30,58,59,62,68,55,59,61,57,55.6,Intermediate
174,69,20,60,66,76,78,78,79,65,58,63.949999999999996,Intermediate
184,74,22,58,64,60,68,59,61,55,55,56.25,Intermediate
162,58,19,58,43,75,68,69,71,52,59,55.45,Intermediate
183,77,22,58,56,77,60,56,60,58,49,54.2,Intermediate
176,73,19,51,44,62,65,70,71,50,55,52.00000000000001,Intermediate
185,71,23,80,66,77,78,75,72,56,59,67.3,Intermediate
176,70,24,70,65,69,64,58,65,57,57,58.5,Intermediate
173,68,28,73,68,75,76,78,78,75,65,66.65,Intermediate
195,88,28,30,70,36,39,34,38,50,55,37.7,Beginner
183,82,23,66,75,52,52,53,64,61,57,53.599999999999994,Intermediate
178,75,33,70,60,74,68,66,70,62,56,60.5,Intermediate
173,67,26,90,66,85,73,83,75,71,60,70.14999999999999,Advanced
180,77,31,77,74,72,78,77,78,79,85,68.75,Intermediate
177,72,35,70,71,68,78,71,73,73,62,65.60000000000001,Intermediate
175,70,27,67,52,79,89,90,87,56,74,67.6,Intermediate
186,76,36,54,77,65,50,57,45,81,68,53.6,Intermediate
176,72,22,79,50,71,84,80,86,43,68,65.75,Intermediate
183,70,36,62,70,68,68,66,70,80,61,60.7,Intermediate
184,76,25,70,65,65,71,65,74,62,58,61.15,Intermediate
178,79,28,75,71,78,66,75,75,53,65,63.4,Intermediate
187,81,27,68,80,58,80,61,68,76,77,65.3,Intermediate
187,86,30,31,69,55,45,66,40,73,67,45.8,Beginner
185,68,23,21,43,20,17,35,23,62,49,24.35,Beginner
185,79,31,35,62,57,44,44,58,75,71,43.35,Beginner
185,78,26,73,77,50,60,49,53,87,67,58.4,Intermediate
183,75,23,64,52,61,65,60,67,57,55,55.05,Intermediate
163,66,27,77,59,93,77,85,78,72,65,68.75,Intermediate
189,80,20,61,73,50,55,51,64,75,50,53.50000000000001,Intermediate
188,75,28,77,74,66,68,60,64,55,70,62.25,Intermediate
172,65,29,59,34,83,81,81,84,51,65,60.150000000000006,Intermediate
185,85,21,72,76,65,67,61,64,82,57,62.6,Intermediate
185,88,30,33,73,54,53,42,51,77,80,46.900000000000006,Beginner
175,71,32,39,60,82,64,77,64,86,62,56.2,Intermediate
188,79,19,65,63,67,60,65,63,73,60,57.300000000000004,Intermediate
174,70,23,74,48,68,70,67,72,62,65,59.6,Intermediate
189,84,33,30,65,40,42,44,41,54,62,39.45,Beginner
187,75,30,67,75,66,54,62,54,63,72,56.800000000000004,Intermediate
188,82,29,65,76,53,65,68,67,70,74,59.5,Intermediate
181,69,22,57,72,72,82,69,80,74,57,64.6,Intermediate
175,68,36,85,70,75,35,65,54,59,70,54.95,Intermediate
179,70,19,57,42,52,72,75,74,48,41,54.4,Intermediate
166,64,19,57,56,87,73,88,78,45,58,61.45,Intermediate
180,69,24,65,57,68,87,75,84,50,59,64.44999999999999,Intermediate
181,75,26,82,73,65,91,77,92,69,68,72.30000000000001,Advanced
173,67,22,75,46,83,72,86,88,52,65,62.99999999999999,Intermediate
191,85,28,63,85,52,53,60,62,81,66,56.5,Intermediate
180,75,29,78,67,73,70,65,68,79,75,64.4,Intermediate
188,78,21,67,81,52,72,63,76,79,64,62.60000000000001,Intermediate
180,67,26,70,44,70,89,72,84,57,67,64.35000000000001,Intermediate
180,78,26,84,77,66,78,68,75,67,72,68.49999999999999,Intermediate
180,67,23,57,53,71,74,67,73,46,61,57.65,Intermediate
184,74,22,55,67,62,69,67,66,72,54,58.25000000000001,Intermediate
188,81,32,74,83,65,70,70,66,73,77,65.4,Intermediate
193,93,24,64,91,50,55,34,52,71,49,54.9,Intermediate
191,84,25,76,77,49,69,48,60,64,75,60.35,Intermediate
177,63,27,74,49,80,74,83,78,62,66,63.75000000000001,Intermediate
188,82,27,42,69,50,44,31,41,36,65,41.85,Beginner
172,63,23,79,62,85,78,93,89,57,79,69.14999999999999,Intermediate
197,93,26,21,68,38,23,29,22,56,54,30.799999999999997,Beginner
193,85,27,25,59,21,25,40,37,56,56,30.250000000000004,Beginner
172,67,20,68,50,83,73,69,76,57,41,61.050000000000004,Intermediate
188,80,23,87,79,67,68,62,73,72,61,66.15,Intermediate
183,80,24,69,76,57,72,51,70,71,63,61.15,Intermediate
195,86,25,79,85,53,85,61,80,73,84,69.10000000000001,Intermediate
174,65,22,66,57,74,65,66,68,49,60,57.7,Intermediate
181,82,30,58,74,61,43,59,59,83,63,51.75,Intermediate
185,77,28,69,66,69,75,66,78,58,50,62.599999999999994,Intermediate
189,85,31,53,83,46,66,47,67,57,54,55.00000000000001,Intermediate
190,79,20,52,67,58,69,68,67,60,58,56.75,Intermediate
180,75,27,52,60,85,90,90,92,72,53,67.5,Intermediate
193,87,37,36,66,45,29,42,39,65,58,37.75,Beginner
195,90,37,33,65,40,18,22,16,70,66,31.45,Beginner
189,84,23,53,64,57,53,54,59,73,54,50.85,Intermediate
170,67,21,54,41,80,67,60,71,42,53,53.15,Intermediate
178,69,25,65,62,73,72,80,76,71,65,62.749999999999986,Intermediate
170,72,28,64,57,86,70,69,72,60,57,60.849999999999994,Intermediate
182,81,34,90,77,69,63,69,66,71,75,65.8,Intermediate
174,69,30,67,45,82,78,85,83,72,61,63.85,Intermediate
190,85,24,33,44,37,45,48,38,55,58,37.95,Beginner
191,87,28,58,89,48,59,52,65,67,52,56.00000000000001,Intermediate
184,69,28,81,70,70,77,67,74,62,59,66.6,Intermediate
192,84,30,34,75,40,53,62,52,70,80,47.650000000000006,Beginner
186,82,34,48,65,72,35,52,52,40,67,44.25000000000001,Beginner
176,69,25,57,50,70,68,73,65,55,46,56.349999999999994,Intermediate
186,78,21,58,75,55,69,54,66,53,58,57.099999999999994,Intermediate
179,71,18,38,34,58,72,64,65,68,38,49.9,Beginner
175,65,38,79,64,77,53,69,54,86,68,60.199999999999996,Intermediate
182,80,23,72,75,67,68,64,69,77,61,63.0,Intermediate
184,81,20,68,66,56,62,59,61,57,50,56.45,Intermediate
190,83,22,61,69,59,77,56,65,62,75,60.25,Intermediate
175,70,22,73,57,86,81,88,82,70,56,68.35,Intermediate
187,76,20,63,67,59,61,52,63,59,54,55.00000000000001,Intermediate
182,70,21,58,69,54,59,55,67,71,55,54.099999999999994,Intermediate
188,77,26,73,76,47,64,54,56,69,60,58.75,Intermediate
175,65,21,50,57,74,57,58,61,57,45,51.7,Intermediate
178,74,31,49,66,70,45,58,42,66,52,49.3,Beginner
194,80,28,32,73,57,44,39,40,52,56,42.75000000000001,Beginner
186,83,34,26,72,43,38,52,48,65,67,40.15,Beginner
182,78,21,66,59,82,87,80,85,87,56,68.69999999999999,Intermediate
185,73,21,66,63,66,75,70,76,78,62,62.650000000000006,Intermediate
180,71,24,77,57,67,77,69,75,66,73,63.949999999999996,Intermediate
175,62,27,81,66,80,60,83,71,55,66,63.150000000000006,Intermediate
179,71,24,73,48,77,87,74,85,64,67,66.2,Intermediate
187,86,36,60,82,51,52,50,51,76,66,53.8,Intermediate
169,63,22,58,39,86,67,77,76,78,53,57.75,Intermediate
176,69,18,54,42,67,64,69,62,66,43,53.199999999999996,Intermediate
176,70,22,54,45,79,71,74,72,67,52,57.5,Intermediate
186,81,21,30,54,37,39,45,27,58,58,36.9,Beginner
184,73,19,54,48,65,74,68,75,55,49,56.25,Intermediate
175,74,22,71,63,74,81,76,79,64,51,66.15,Intermediate
183,78,31,75,74,74,52,76,64,90,80,61.2,Intermediate
172,64,28,84,56,79,84,85,89,62,63,69.89999999999999,Intermediate
181,76,32,84,89,35,73,60,69,78,64,65.45,Intermediate
184,76,23,72,70,56,71,61,66,63,62,61.050000000000004,Intermediate
175,68,20,43,43,60,62,60,63,55,48,48.4,Beginner
186,80,27,83,76,68,74,67,68,75,60,67.45,Intermediate
184,72,25,64,56,82,86,86,88,69,53,67.25,Intermediate
172,60,37,78,37,82,82,81,84,63,78,65.2,Intermediate
174,64,22,66,62,77,81,80,83,68,57,65.9,Intermediate
182,77,32,75,67,74,77,77,77,76,79,67.05,Intermediate
190,83,34,38,54,56,41,65,43,67,65,43.45,Beginner
179,75,22,58,59,67,68,59,70,59,64,56.400000000000006,Intermediate
185,75,31,81,72,62,70,66,71,82,65,64.9,Intermediate
181,70,26,38,59,65,53,60,51,70,69,48.35,Beginner
188,83,33,34,78,49,47,55,52,77,66,46.849999999999994,Beginner
168,62,23,80,32,82,75,91,82,68,66,64.0,Intermediate
183,75,34,69,69,64,56,55,54,71,69,56.4,Intermediate
172,60,34,74,69,78,90,78,87,80,64,71.75,Advanced
186,82,24,60,75,55,49,65,52,72,62,53.550000000000004,Intermediate
179,72,26,81,73,69,72,71,69,83,71,66.9,Intermediate
177,71,21,72,45,81,79,80,82,56,60,63.75,Intermediate
170,67,37,67,65,77,70,77,74,78,64,63.45,Intermediate
192,74,29,64,77,50,66,35,47,70,53,56.15,Intermediate
194,88,20,28,75,26,19,37,18,41,55,30.900000000000002,Beginner
187,82,23,59,66,60,77,67,76,65,58,60.75,Intermediate
191,84,24,63,73,48,68,56,63,64,53,57.55000000000001,Intermediate
174,68,29,81,51,78,68,86,78,38,71,62.54999999999999,Intermediate
176,73,20,55,59,77,69,75,74,48,45,58.15,Intermediate
179,77,24,62,80,80,69,54,74,47,57,60.85,Intermediate
173,63,20,49,35,81,55,59,61,62,59,48.650000000000006,Beginner
184,78,32,66,80,61,74,66,65,70,60,63.6,Intermediate
183,78,27,73,79,65,69,73,55,86,70,65.25,Intermediate
183,80,36,66,78,55,48,44,33,68,67,52.599999999999994,Intermediate
192,82,22,21,52,26,22,38,27,45,53,27.250000000000004,Beginner
167,62,20,70,44,73,75,70,73,44,62,59.60000000000001,Intermediate
190,85,33,68,82,36,34,52,49,71,52,48.45,Beginner
180,73,21,51,58,66,62,52,64,63,57,52.45,Intermediate
182,76,24,62,59,57,55,55,55,68,50,52.35,Intermediate
196,87,29,24,60,37,35,26,37,32,62,32.2,Beginner
165,60,26,74,62,92,74,72,76,68,62,66.10000000000001,Intermediate
182,72,22,75,48,57,76,71,72,60,66,60.800000000000004,Intermediate
179,69,22,60,66,80,61,70,70,64,58,58.400000000000006,Intermediate
194,85,22,60,73,63,61,56,58,65,50,56.400000000000006,Intermediate
189,83,29,60,88,56,77,62,75,86,67,64.4,Intermediate
170,64,19,54,59,58,73,73,77,64,59,57.85000000000001,Intermediate
183,74,21,54,73,57,51,49,63,81,44,51.699999999999996,Intermediate
173,70,28,64,56,87,88,90,91,74,66,69.0,Intermediate
183,72,25,73,62,72,69,66,70,67,69,61.75,Intermediate
180,76,26,71,73,60,72,61,71,60,61,61.85,Intermediate
175,70,22,58,60,82,83,81,85,53,51,64.45,Intermediate
179,79,33,70,76,79,67,73,68,65,73,63.949999999999996,Intermediate
180,62,21,64,38,73,64,51,64,57,54,52.95000000000001,Intermediate
185,80,21,23,47,44,27,22,26,59,38,29.3,Beginner
166,61,25,70,58,75,76,70,74,73,57,63.65,Intermediate
180,73,27,65,64,76,80,74,81,56,57,64.4,Intermediate
181,85,25,69,78,78,76,73,72,76,80,67.19999999999999,Intermediate
184,74,30,66,77,63,53,50,52,60,69,54.95,Intermediate
181,69,26,55,57,69,55,70,56,53,63,52.599999999999994,Intermediate
186,79,19,56,59,50,62,58,65,67,49,52.800000000000004,Intermediate
189,81,36,32,75,51,53,39,45,61,69,45.599999999999994,Beginner
175,68,18,59,39,60,66,69,68,63,45,53.5,Intermediate
175,66,22,51,54,77,80,78,87,57,54,60.65000000000001,Intermediate
188,75,25,28,52,50,20,28,32,60,58,30.200000000000003,Beginner
182,81,27,72,76,58,75,61,70,47,72,62.550000000000004,Intermediate
192,73,33,78,74,37,69,72,69,33,67,59.95,Intermediate
191,87,27,45,83,65,75,65,71,80,54,60.95,Intermediate
179,74,31,63,55,66,62,63,66,52,65,54.95,Intermediate
168,63,33,85,44,91,66,82,78,75,69,64.45,Intermediate
184,77,29,67,72,64,70,63,69,74,59,61.6,Intermediate
188,80,25,50,76,61,64,45,64,82,62,55.300000000000004,Intermediate
178,75,22,70,46,74,75,74,80,33,65,59.849999999999994,Intermediate
180,80,32,79,77,76,79,69,71,78,77,69.45,Intermediate
183,70,23,70,65,54,84,70,82,74,54,65.05,Intermediate
174,70,25,75,72,76,77,59,76,87,59,66.74999999999999,Intermediate
180,84,31,70,56,72,73,66,71,59,59,61.050000000000004,Intermediate
188,86,29,80,77,64,94,67,87,63,61,72.00000000000001,Advanced
178,72,29,72,70,71,72,70,74,70,55,64.1,Intermediate
186,72,24,62,66,59,65,70,60,68,68,58.099999999999994,Intermediate
193,84,21,63,81,60,53,42,51,73,57,54.5,Intermediate
175,76,21,61,58,73,68,64,68,61,54,58.05,Intermediate
184,70,19,30,54,53,29,32,34,58,35,34.199999999999996,Beginner
181,73,29,75,61,70,88,86,87,71,79,69.7,Intermediate
173,68,33,73,57,81,79,71,73,72,58,65.64999999999999,Intermediate
173,66,27,74,59,80,78,80,76,64,62,66.25,Intermediate
196,92,26,63,89,31,47,32,34,35,58,48.10000000000001,Beginner
183,75,25,64,73,55,62,54,64,71,56,56.79999999999999,Intermediate
174,73,22,69,62,85,87,88,90,68,56,69.9,Intermediate
170,65,22,66,66,60,83,75,81,55,66,64.25,Intermediate
183,81,23,58,71,70,71,73,81,79,60,61.80000000000001,Intermediate
183,69,20,54,60,54,69,61,66,55,56,54.75,Intermediate
173,65,27,72,56,82,60,78,64,62,62,59.9,Intermediate
176,66,20,71,60,68,75,73,76,55,59,62.55,Intermediate
179,72,32,63,61,77,53,70,57,61,69,55.4,Intermediate
178,77,29,55,74,59,70,56,72,66,64,57.9,Intermediate
180,78,35,66,74,65,67,61,59,76,65,60.8,Intermediate
175,70,26,93,72,75,83,82,84,80,76,74.0,Advanced
186,82,20,62,75,52,60,53,55,69,48,55.60000000000001,Intermediate
176,74,34,70,71,74,55,60,66,77,63,58.4,Intermediate
180,75,25,87,76,77,85,77,86,63,78,72.85000000000001,Advanced
185,82,24,83,81,70,76,70,74,81,76,69.60000000000001,Intermediate
194,89,34,68,92,32,72,45,39,65,68,59.95,Intermediate
167,66,27,78,68,73,73,75,74,68,70,65.9,Intermediate
174,71,27,77,47,84,81,75,85,80,63,66.65,Intermediate
191,80,21,67,71,47,80,54,70,62,59,61.25,Intermediate
182,77,31,82,67,80,78,81,72,70,72,69.44999999999999,Intermediate
180,74,28,79,69,80,68,72,73,70,73,65.25,Intermediate
183,84,20,59,67,58,71,56,69,58,53,57.449999999999996,Intermediate
190,86,27,61,86,58,87,56,66,69,68,66.05,Intermediate
186,72,31,20,42,38,30,30,29,47,64,28.450000000000003,Beginner
189,91,30,61,85,45,54,71,54,75,51,56.5,Intermediate
186,80,19,22,65,45,31,28,34,57,32,33.6,Beginner
180,70,25,70,65,69,64,63,66,56,72,58.949999999999996,Intermediate
170,74,25,61,59,76,69,71,78,49,66,58.900000000000006,Intermediate
182,69,29,82,53,72,81,76,81,81,65,67.50000000000001,Intermediate
181,79,33,88,72,66,52,51,55,73,63,59.35,Intermediate
176,67,33,71,64,68,69,62,68,65,64,60.75,Intermediate
183,77,25,72,78,69,82,63,71,78,80,67.8,Intermediate
188,80,31,80,77,50,86,76,79,85,70,70.19999999999999,Advanced
176,70,37,31,59,69,39,60,39,61,67,42.699999999999996,Beginner
171,72,20,60,49,79,60,54,57,64,55,53.85,Intermediate
168,69,23,68,46,91,84,90,85,54,66,66.5,Intermediate
191,81,22,76,81,56,77,63,74,74,70,66.05,Intermediate
196,100,28,84,93,34,66,49,70,50,65,61.349999999999994,Intermediate
182,71,29,68,68,68,63,63,63,76,60,59.599999999999994,Intermediate
182,81,21,54,69,77,65,73,69,56,62,58.45,Intermediate
189,78,19,49,66,54,63,59,61,63,58,53.05,Intermediate
181,72,25,70,61,77,55,76,67,59,72,57.900000000000006,Intermediate
186,74,20,28,66,33,32,46,38,54,57,35.7,Beginner
167,61,30,73,31,93,91,89,92,92,74,69.35,Intermediate
180,80,17,64,59,60,63,63,66,70,52,56.349999999999994,Intermediate
188,84,21,63,80,43,54,42,54,47,60,51.65,Intermediate
182,90,27,62,77,69,76,67,69,78,74,64.25,Intermediate
185,83,32,48,68,61,67,65,67,76,58,56.3,Intermediate
185,74,28,74,63,63,91,70,90,63,59,68.0,Intermediate
177,75,34,80,69,83,79,84,86,66,82,70.05,Advanced
184,73,27,82,75,68,82,76,79,69,75,70.10000000000001,Advanced
178,62,23,75,68,67,55,62,60,75,71,58.35000000000001,Intermediate
174,68,30,76,80,80,75,68,71,68,62,67.9,Intermediate
187,84,32,65,81,39,38,49,50,85,61,49.599999999999994,Beginner
177,84,34,66,78,72,66,67,69,57,71,61.45000000000001,Intermediate
183,72,29,74,64,87,82,92,82,65,84,70.15,Advanced
179,75,25,73,67,74,68,71,71,70,66,63.05,Intermediate
178,75,27,68,64,65,42,45,44,65,59,50.050000000000004,Intermediate
194,84,24,25,60,42,28,44,32,38,54,32.9,Beginner
187,77,21,59,68,62,64,55,64,63,56,56.050000000000004,Intermediate
179,79,27,58,70,64,77,67,76,76,46,62.1,Intermediate
177,78,25,67,64,81,75,77,77,63,57,64.45,Intermediate
177,71,22,59,47,73,57,57,61,69,51,52.400000000000006,Intermediate
196,73,24,72,85,40,51,33,40,63,63,52.9,Intermediate
184,80,32,64,76,65,74,55,63,81,73,62.449999999999996,Intermediate
180,85,31,72,80,59,69,73,68,88,68,64.7,Intermediate
189,78,29,75,81,47,65,51,58,77,68,60.300000000000004,Intermediate
177,67,29,67,52,68,83,80,82,42,60,62.99999999999999,Intermediate
188,83,36,21,65,45,37,69,31,57,57,39.300000000000004,Beginner
176,64,25,76,68,86,78,82,79,72,73,69.19999999999999,Intermediate
170,70,22,67,40,78,80,74,79,41,51,60.64999999999999,Intermediate
182,65,25,71,62,70,72,68,62,65,58,62.14999999999999,Intermediate
172,69,31,73,59,70,77,80,76,51,55,64.10000000000001,Intermediate
178,68,26,69,60,77,66,60,66,55,50,59.050000000000004,Intermediate
185,89,24,63,88,51,82,56,71,67,67,64.45,Intermediate
185,75,19,64,63,58,66,50,64,57,52,55.699999999999996,Intermediate
188,76,25,36,51,34,31,33,30,48,50,33.25,Beginner
183,74,33,65,67,62,66,73,63,71,66,59.89999999999999,Intermediate
184,83,21,16,42,44,17,30,22,78,50,25.9,Beginner
170,64,23,69,46,73,59,70,64,54,63,55.400000000000006,Intermediate
177,70,28,70,61,72,67,68,66,56,66,60.05,Intermediate
174,70,22,58,59,69,69,57,69,64,49,56.95,Intermediate
175,78,25,76,75,73,79,74,78,72,74,68.44999999999999,Intermediate
178,81,33,68,73,81,71,70,72,67,70,64.30000000000001,Intermediate
175,69,31,64,53,78,79,78,86,58,64,62.949999999999996,Intermediate
175,78,27,80,62,82,78,84,82,74,64,69.0,Intermediate
190,77,21,55,75,53,51,44,54,62,59,50.35,Intermediate
185,77,33,59,70,63,63,61,55,76,69,57.400000000000006,Intermediate
171,62,35,69,63,77,70,70,71,69,75,62.400000000000006,Intermediate
194,86,23,63,82,42,64,53,67,66,65,56.900000000000006,Intermediate
178,73,37,77,71,78,53,61,57,66,61,59.14999999999999,Intermediate
180,73,24,68,71,69,63,62,61,79,58,60.2,Intermediate
181,74,23,70,73,70,73,69,79,81,67,64.8,Intermediate
175,70,31,52,54,78,71,72,62,44,75,57.000000000000014,Intermediate
172,68,31,91,73,78,93,81,92,75,82,76.69999999999999,Advanced
195,91,29,64,93,31,50,33,34,43,62,50.3,Intermediate
180,74,25,67,73,61,60,53,63,77,65,57.599999999999994,Intermediate
185,77,28,68,78,58,67,50,63,85,56,60.45,Intermediate
183,76,28,50,74,62,68,59,64,61,64,56.65,Intermediate
183,80,29,82,77,69,88,67,74,78,77,71.85000000000001,Advanced
197,84,31,81,90,42,63,62,53,79,81,62.95,Intermediate
193,91,26,68,90,54,82,66,76,65,66,66.95,Intermediate
183,67,24,79,73,66,84,69,89,70,57,68.95,Intermediate
183,79,26,80,71,64,56,62,55,76,62,59.849999999999994,Intermediate
180,68,22,53,57,69,69,61,71,46,43,55.15,Intermediate
181,77,36,67,67,79,76,84,76,82,78,66.64999999999999,Intermediate
172,72,29,76,51,90,79,91,82,72,67,68.25,Intermediate
188,77,23,50,57,54,64,69,65,57,52,52.9,Intermediate
187,76,23,72,67,65,68,65,65,64,70,61.05,Intermediate
180,74,21,67,64,65,66,63,64,66,58,58.900000000000006,Intermediate
180,73,25,65,62,70,68,74,69,49,76,59.55,Intermediate
183,79,31,61,82,57,56,54,55,78,71,56.3,Intermediate
186,76,25,84,76,77,75,76,67,78,73,69.9,Intermediate
180,76,38,55,70,67,60,73,58,70,63,57.0,Intermediate
193,78,33,33,76,40,44,62,40,63,69,44.550000000000004,Beginner
179,77,21,75,75,76,71,76,73,62,54,65.85,Intermediate
177,67,35,71,60,68,66,74,66,53,59,59.85,Intermediate
186,78,23,37,32,28,21,38,20,45,48,27.35,Beginner
183,78,30,77,67,59,71,66,74,60,61,62.25,Intermediate
180,77,29,68,73,76,70,69,69,74,63,63.75,Intermediate
178,76,26,66,80,76,83,72,81,91,64,69.45,Intermediate
175,66,32,83,67,66,69,69,68,78,59,64.75,Intermediate
184,80,23,55,57,59,77,63,77,61,53,57.899999999999984,Intermediate
191,84,30,64,88,65,72,71,60,80,76,65.19999999999999,Intermediate
172,70,28,76,64,76,79,75,76,66,74,66.9,Intermediate
182,78,29,86,72,64,77,73,72,72,71,68.39999999999999,Intermediate
183,73,29,85,64,71,81,76,81,70,64,69.1,Intermediate
180,74,30,75,68,69,67,68,54,87,74,63.349999999999994,Intermediate
187,72,22,17,52,38,30,38,55,47,50,30.150000000000002,Beginner
169,63,30,59,48,77,62,67,64,49,50,54.45,Intermediate
178,75,20,46,55,76,81,75,79,47,39,59.2,Intermediate
170,64,21,63,37,68,68,68,71,57,49,54.99999999999999,Intermediate
184,72,21,64,56,57,63,54,59,63,49,54.35,Intermediate
182,76,33,72,70,72,68,65,71,78,66,62.9,Intermediate
196,74,23,40,53,25,40,42,37,42,74,36.75,Beginner
181,73,27,64,65,59,78,87,76,75,68,64.30000000000001,Intermediate
181,78,21,65,58,70,72,73,69,72,62,61.199999999999996,Intermediate
176,69,25,89,64,77,89,83,91,63,73,73.25000000000001,Advanced
189,79,23,63,72,59,67,50,69,70,59,57.9,Intermediate
185,76,25,70,78,52,39,34,34,77,54,49.85,Beginner
185,81,23,74,74,53,69,60,68,57,59,60.75000000000001,Intermediate
185,72,37,71,69,65,35,61,35,67,61,51.00000000000001,Intermediate
188,83,29,34,90,31,51,46,44,74,71,47.00000000000001,Beginner
178,74,30,91,75,75,76,76,73,58,69,70.25,Advanced
188,83,31,31,56,39,53,40,42,41,70,40.449999999999996,Beginner
188,80,29,22,58,57,22,34,24,53,53,31.450000000000003,Beginner
175,68,35,55,70,68,34,57,36,72,60,47.800000000000004,Beginner
179,76,22,22,42,47,28,35,26,61,45,30.35,Beginner
177,70,27,78,60,77,76,79,78,65,75,66.25,Intermediate
185,72,20,49,49,52,75,72,69,46,58,54.35,Intermediate
173,70,25,86,65,88,84,77,83,60,61,71.65,Advanced
188,86,21,32,48,44,38,42,35,60,48,36.6,Beginner
182,71,21,62,68,64,61,41,61,69,50,54.85000000000001,Intermediate
173,72,21,76,62,86,73,72,75,33,59,63.85,Intermediate
175,70,36,68,73,70,48,54,48,77,60,55.2,Intermediate
184,89,24,61,66,52,65,67,61,83,59,57.650000000000006,Intermediate
173,71,24,71,60,72,70,68,71,76,59,62.0,Intermediate
169,61,36,68,35,92,75,83,84,58,80,61.75000000000001,Intermediate
180,71,31,77,68,79,78,71,79,73,76,67.65,Intermediate
178,71,27,59,68,44,70,66,61,42,73,56.1,Intermediate
181,75,25,70,76,59,54,64,66,82,71,58.0,Intermediate
188,83,32,82,78,52,34,70,64,82,62,54.6,Intermediate
185,78,22,76,78,55,81,65,78,72,77,66.8,Intermediate
178,65,28,73,71,65,71,65,68,73,75,63.2,Intermediate
188,85,34,53,83,57,71,56,53,90,70,60.150000000000006,Intermediate
183,70,29,73,68,60,83,73,90,70,64,66.5,Intermediate
186,77,28,80,71,69,66,65,72,52,65,62.449999999999996,Intermediate
168,69,25,63,70,69,72,69,68,61,50,61.55,Intermediate
172,76,22,53,61,62,71,67,54,56,51,56.75000000000001,Intermediate
170,66,21,52,58,64,63,70,61,49,63,53.85,Intermediate
189,83,25,69,74,61,81,61,84,68,74,64.80000000000001,Intermediate
193,82,34,71,85,44,55,51,61,80,58,56.95,Intermediate
180,70,21,75,60,75,74,74,77,73,64,64.75,Intermediate
175,68,33,70,59,75,71,75,71,53,62,61.8,Intermediate
181,70,20,44,44,56,77,74,68,45,48,53.75,Intermediate
187,80,25,85,75,56,60,63,65,75,60,61.9,Intermediate
188,86,24,58,72,61,53,62,58,66,56,53.9,Intermediate
185,81,25,63,73,61,71,66,76,68,51,60.95000000000001,Intermediate
188,82,34,66,71,52,40,56,43,67,55,50.00000000000001,Intermediate
180,80,26,40,58,70,63,68,65,62,60,52.49999999999999,Intermediate
175,70,33,60,56,82,76,82,80,67,60,62.95,Intermediate
183,72,23,61,48,69,75,70,66,53,52,58.45,Intermediate
175,71,26,58,57,76,62,72,70,63,48,56.7,Intermediate
179,71,22,81,79,79,77,80,81,80,76,71.05,Advanced
188,85,34,57,80,43,33,43,32,71,63,45.44999999999999,Beginner
186,76,24,82,80,71,74,64,70,85,70,68.35,Intermediate
191,88,27,74,84,56,64,67,58,82,77,63.00000000000001,Intermediate
181,74,29,84,74,74,61,64,65,58,69,62.9,Intermediate
186,80,21,63,75,50,69,45,55,74,67,57.75,Intermediate
172,68,22,67,50,89,65,83,78,60,60,60.6,Intermediate
180,70,26,86,66,70,66,69,68,79,52,64.75,Intermediate
181,74,22,62,50,77,79,81,83,61,62,62.45,Intermediate
188,85,23,55,86,43,58,63,64,77,62,55.74999999999999,Intermediate
189,93,29,28,74,57,41,58,43,71,71,44.05,Beginner
183,75,26,70,74,64,77,74,78,71,62,65.55,Intermediate
170,59,21,41,46,89,66,84,72,43,43,54.349999999999994,Intermediate
190,80,28,15,51,62,47,59,43,67,69,40.2,Beginner
183,83,29,22,69,62,37,34,35,47,48,37.800000000000004,Beginner
179,74,36,69,64,75,84,72,83,78,84,67.2,Intermediate
184,78,24,83,67,58,72,68,68,70,63,64.35,Intermediate
192,81,18,53,70,38,63,52,55,68,58,52.4,Intermediate
184,84,27,28,53,47,15,24,21,63,47,28.300000000000004,Beginner
185,73,31,79,81,66,60,61,54,80,61,62.65,Intermediate
185,85,19,54,67,48,61,46,55,67,62,51.9,Intermediate
187,75,23,87,84,70,81,73,83,63,63,71.75000000000001,Advanced
178,64,22,65,56,75,73,74,73,68,52,61.599999999999994,Intermediate
191,91,29,70,93,42,70,54,63,70,63,62.050000000000004,Intermediate
173,71,29,71,46,84,65,83,75,33,66,58.95,Intermediate
188,74,29,69,90,42,47,38,38,86,64,53.699999999999996,Intermediate
185,76,28,55,70,63,67,64,62,67,60,57.65,Intermediate
176,69,24,73,70,74,69,73,74,62,69,63.599999999999994,Intermediate
185,72,26,75,73,65,69,49,68,76,64,61.85,Intermediate
178,73,33,46,80,57,34,52,46,59,55,45.25000000000001,Beginner
178,77,23,72,66,74,68,84,66,67,58,63.849999999999994,Intermediate
175,68,22,54,53,79,62,61,64,62,58,54.449999999999996,Intermediate
178,76,21,52,56,56,63,62,66,61,49,52.55,Intermediate
179,83,37,91,83,76,54,70,36,81,71,65.5,Intermediate
180,75,21,58,50,70,62,56,60,38,50,52.2,Intermediate
174,69,22,71,52,72,60,63,52,61,63,56.55,Intermediate
193,100,30,66,90,33,52,39,44,87,77,53.849999999999994,Intermediate
175,67,28,85,70,77,66,70,74,71,79,65.55,Intermediate
185,76,25,59,71,54,58,59,54,61,52,54.199999999999996,Intermediate
182,75,27,62,80,66,51,63,50,80,55,56.6,Intermediate
178,75,22,82,68,70,67,71,68,68,70,64.2,Intermediate
179,74,19,50,53,66,55,67,55,56,58,50.550000000000004,Intermediate
182,75,29,91,77,71,88,74,84,81,69,74.69999999999999,Advanced
182,72,31,68,64,81,66,76,68,58,57,61.60000000000001,Intermediate
182,78,29,74,68,72,78,67,75,70,61,65.80000000000001,Intermediate
180,76,25,83,80,84,74,78,78,76,76,70.8,Advanced
186,74,35,63,75,65,71,60,64,72,62,61.25000000000001,Intermediate
186,81,29,41,66,55,46,32,48,60,62,43.6,Beginner
183,80,28,76,87,69,85,77,81,70,67,71.85000000000001,Advanced
175,61,20,62,37,79,53,68,58,71,63,52.09999999999999,Intermediate
182,74,28,72,61,66,81,80,80,62,67,65.55,Intermediate
178,70,21,69,56,75,81,75,79,63,55,64.65,Intermediate
179,78,26,81,64,71,64,71,66,84,47,63.400000000000006,Intermediate
186,74,24,61,53,67,55,66,56,51,70,52.50000000000001,Intermediate
190,89,28,20,62,39,36,50,41,68,68,36.4,Beginner
170,66,28,77,80,90,72,78,74,65,69,69.05,Intermediate
180,79,19,59,68,62,55,49,62,69,50,53.050000000000004,Intermediate
193,80,20,29,54,49,35,36,32,53,44,35.55,Beginner
176,73,27,65,64,73,69,74,53,72,71,61.6,Intermediate
187,84,24,71,84,50,77,56,74,67,61,63.85,Intermediate
184,72,24,56,72,47,65,61,64,71,59,55.85,Intermediate
176,65,30,70,66,80,89,89,86,75,68,71.25,Advanced
185,84,28,65,74,64,58,57,58,80,55,57.6,Intermediate
166,68,24,75,67,86,90,80,85,80,73,72.64999999999999,Advanced
188,81,34,32,55,41,50,43,46,69,75,41.5,Beginner
185,84,27,67,73,67,62,71,70,73,66,60.400000000000006,Intermediate
184,81,35,67,67,72,74,78,75,80,66,64.65,Intermediate
182,77,22,69,57,69,74,71,68,75,60,62.3,Intermediate
173,70,20,68,48,79,68,74,68,63,54,59.65,Intermediate
172,70,25,78,59,93,78,86,81,34,76,67.45,Intermediate
185,79,27,65,70,55,66,66,65,59,64,58.35,Intermediate
175,71,18,63,44,72,81,77,73,34,58,60.100000000000016,Intermediate
183,75,20,50,70,59,75,70,79,42,43,58.0,Intermediate
190,84,34,40,61,49,52,59,56,83,77,47.699999999999996,Beginner
180,82,33,74,79,64,50,64,50,71,71,57.99999999999999,Intermediate
190,82,26,53,74,52,64,60,61,70,62,55.6,Intermediate
183,76,25,68,68,64,86,62,86,42,63,64.30000000000001,Intermediate
190,84,24,24,57,28,19,21,32,34,42,25.65,Beginner
186,82,32,75,81,68,71,74,68,74,64,66.35,Intermediate
185,78,28,60,62,56,56,56,60,70,56,52.800000000000004,Intermediate
177,69,24,71,54,87,82,87,90,79,78,68.25,Intermediate
177,70,20,55,58,80,79,79,79,75,61,63.050000000000004,Intermediate
185,78,25,73,75,56,70,70,70,75,58,63.2,Intermediate
177,64,22,55,61,67,75,62,70,57,54,58.400000000000006,Intermediate
181,75,28,65,58,69,67,70,69,66,56,58.99999999999999,Intermediate
185,72,26,61,74,67,59,65,61,72,60,57.800000000000004,Intermediate
182,75,29,71,70,61,60,46,64,72,45,57.00000000000001,Intermediate
180,75,27,64,55,66,69,60,64,59,57,57.300000000000004,Intermediate
188,80,24,70,77,56,74,58,67,76,63,62.949999999999996,Intermediate
186,76,19,60,70,61,79,52,72,59,41,60.45000000000001,Intermediate
188,75,19,26,42,34,30,28,31,46,35,29.000000000000004,Beginner
182,80,27,69,72,74,78,74,76,68,68,66.2,Intermediate
183,75,21,70,64,55,71,70,68,53,65,60.05,Intermediate
183,75,26,82,75,73,55,67,55,70,74,61.650000000000006,Intermediate
178,78,27,91,81,75,77,77,80,80,63,72.65,Advanced
182,75,29,62,73,64,60,66,64,78,57,58.24999999999999,Intermediate
180,73,28,80,65,72,71,78,75,77,66,65.89999999999999,Intermediate
178,77,29,75,73,72,66,69,59,87,69,64.2,Intermediate
190,75,20,68,75,64,73,67,66,66,60,63.15,Intermediate
191,70,30,69,79,62,66,63,65,72,54,61.550000000000004,Intermediate
181,76,23,62,59,69,52,71,61,56,60,53.65,Intermediate
183,80,30,72,71,67,56,64,67,88,63,59.35,Intermediate
188,87,35,65,90,80,73,82,74,83,74,68.75,Intermediate
170,65,28,66,42,80,76,72,82,59,63,60.45,Intermediate
178,70,23,44,54,68,61,63,69,52,63,50.9,Intermediate
194,80,23,23,35,24,29,23,22,30,53,24.75,Beginner
185,83,26,54,71,62,79,75,78,70,65,62.35,Intermediate
185,78,24,83,85,71,71,66,68,81,70,68.4,Intermediate
176,71,22,80,65,72,64,58,62,56,52,60.75,Intermediate
192,85,36,34,66,55,46,52,46,68,74,44.6,Beginner
167,61,20,56,31,89,71,84,75,48,48,56.849999999999994,Intermediate
177,83,32,65,78,64,74,74,72,77,72,64.55,Intermediate
178,76,35,72,61,73,49,65,52,76,66,55.849999999999994,Intermediate
194,86,26,70,86,38,56,31,39,57,66,53.45,Intermediate
170,65,28,63,50,87,72,84,81,81,66,62.85,Intermediate
172,70,26,72,69,81,79,75,85,59,72,67.0,Intermediate
167,61,26,82,51,86,84,86,87,71,56,70.0,Advanced
174,77,20,64,54,78,77,77,82,48,67,61.9,Intermediate
170,73,24,67,62,76,91,81,90,56,62,68.5,Intermediate
181,76,23,72,65,60,66,68,66,50,64,59.25,Intermediate
180,85,25,42,65,61,55,35,52,65,67,47.5,Beginner
194,85,31,34,69,30,33,32,34,63,67,36.4,Beginner
180,75,29,70,68,70,65,66,72,63,65,60.45,Intermediate
188,76,21,38,70,55,58,56,55,72,50,50.2,Intermediate
184,76,34,83,65,57,43,66,46,68,62,54.95,Intermediate
186,82,26,31,47,50,46,53,44,65,60,40.6,Beginner
186,74,23,56,70,57,50,57,58,71,52,51.650000000000006,Intermediate
185,80,21,70,58,64,55,66,62,56,62,55.0,Intermediate
182,78,32,70,61,59,61,59,61,62,61,56.349999999999994,Intermediate
183,86,21,71,79,55,55,56,63,78,60,57.550000000000004,Intermediate
175,68,26,64,51,76,78,71,77,33,55,60.2,Intermediate
187,74,32,34,42,32,33,22,31,58,66,31.300000000000004,Beginner
181,82,25,66,50,72,68,54,68,64,65,56.900000000000006,Intermediate
172,66,23,54,39,79,71,79,81,50,58,56.25,Intermediate
188,80,28,53,73,63,65,67,67,70,64,57.55,Intermediate
187,85,27,46,73,64,52,48,52,73,68,50.599999999999994,Intermediate
167,67,38,72,68,85,64,78,71,69,81,63.55,Intermediate
198,86,22,24,69,45,38,36,35,47,65,37.00000000000001,Beginner
189,82,31,75,79,44,45,47,55,77,72,53.300000000000004,Intermediate
178,74,28,72,57,78,83,75,79,65,77,66.39999999999999,Intermediate
182,77,31,84,68,72,85,73,79,69,68,70.45,Advanced
182,70,32,69,68,76,83,75,80,83,66,68.15,Intermediate
175,70,31,79,63,81,73,80,76,80,71,67.25,Intermediate
180,71,33,87,76,68,53,41,60,79,65,59.55,Intermediate
170,68,21,74,56,83,79,85,81,62,65,66.8,Intermediate
172,62,23,75,45,68,73,87,81,52,70,61.75000000000001,Intermediate
177,76,31,69,59,82,60,78,69,53,83,59.300000000000004,Intermediate
187,81,30,77,71,60,54,62,60,70,67,57.95,Intermediate
186,80,36,21,56,32,39,47,46,47,64,34.55,Beginner
187,80,19,83,82,52,81,48,77,67,78,66.55,Intermediate
177,73,34,52,71,74,71,69,70,73,68,60.3,Intermediate
188,78,24,74,60,58,73,68,74,49,59,60.75,Intermediate
189,79,24,76,79,52,64,55,62,73,76,60.6,Intermediate
166,62,23,48,32,90,79,81,84,36,42,56.99999999999999,Intermediate
173,68,22,57,53,85,78,85,79,59,68,62.7,Intermediate
187,75,24,16,46,32,24,21,33,53,37,25.25,Beginner
185,77,26,81,65,78,72,76,64,54,77,65.65,Intermediate
180,74,24,65,75,50,69,62,68,73,63,59.800000000000004,Intermediate
185,77,22,46,60,64,54,55,48,63,66,49.449999999999996,Beginner
192,85,25,62,74,52,65,48,63,72,55,56.6,Intermediate
178,76,29,78,79,68,74,69,75,88,71,67.75,Intermediate
183,86,24,74,69,70,68,69,72,59,70,62.400000000000006,Intermediate
191,94,30,67,95,52,86,59,72,74,83,68.25,Intermediate
188,83,23,75,73,57,50,68,68,69,71,56.900000000000006,Intermediate
179,73,25,89,67,80,75,82,74,88,73,70.95,Advanced
187,75,18,50,58,55,53,54,58,62,58,48.599999999999994,Beginner
168,64,23,67,61,70,68,80,74,67,72,61.3,Intermediate
167,65,26,86,52,85,83,92,87,77,78,71.44999999999999,Advanced
188,77,31,74,76,53,50,56,62,81,67,56.150000000000006,Intermediate
182,70,25,72,66,61,68,70,67,70,63,61.3,Intermediate
179,71,25,55,68,77,69,68,66,34,62,58.10000000000001,Intermediate
191,82,24,50,74,46,80,68,65,69,55,59.95000000000001,Intermediate
182,72,20,68,60,66,74,73,78,63,58,61.849999999999994,Intermediate
178,76,23,71,62,75,54,74,69,67,60,57.949999999999996,Intermediate
169,63,27,71,60,89,82,80,83,68,63,68.10000000000001,Intermediate
168,63,27,60,31,86,77,78,80,31,63,57.699999999999996,Intermediate
187,85,27,36,64,40,35,49,31,72,60,39.8,Beginner
180,74,29,76,76,71,66,72,64,74,64,64.4,Intermediate
187,83,25,66,83,57,64,55,60,75,64,59.8,Intermediate
180,74,33,78,74,68,67,68,69,91,66,64.95,Intermediate
178,73,22,68,60,73,73,63,74,68,68,61.49999999999999,Intermediate
184,74,29,79,75,57,62,66,55,53,77,60.6,Intermediate
185,83,20,63,74,62,74,71,71,61,70,62.25,Intermediate
180,75,31,71,70,71,73,73,75,90,60,65.5,Intermediate
186,80,27,65,76,64,71,65,76,73,59,62.24999999999999,Intermediate
176,71,17,41,48,70,56,71,63,46,45,48.6,Beginner
175,71,29,61,49,80,72,73,72,45,64,58.7,Intermediate
186,80,27,58,71,51,63,51,57,67,56,54.7,Intermediate
187,74,27,58,64,54,44,51,32,73,59,48.55,Beginner
184,85,23,26,64,43,28,37,20,57,49,34.050000000000004,Beginner
185,76,33,71,83,52,65,59,63,83,65,61.400000000000006,Intermediate
181,75,19,53,58,74,74,73,71,66,50,59.49999999999999,Intermediate
172,66,31,68,44,75,64,55,66,62,68,55.5,Intermediate
186,80,29,70,82,53,72,50,57,80,60,62.19999999999999,Intermediate
187,70,24,68,72,55,63,62,57,55,60,57.75,Intermediate
175,70,27,78,43,83,79,78,73,72,70,65.44999999999999,Intermediate
188,87,20,66,64,58,72,51,70,68,58,58.699999999999996,Intermediate
187,76,19,55,67,58,55,48,51,60,61,51.14999999999999,Intermediate
191,79,25,34,65,35,40,48,38,55,60,39.6,Beginner
186,74,25,29,49,40,29,28,31,55,41,31.400000000000002,Beginner
180,75,25,67,63,77,85,81,91,81,65,68.19999999999999,Intermediate
186,81,25,20,62,37,30,25,26,46,52,30.799999999999997,Beginner
190,84,19,16,62,40,25,29,27,51,39,29.45,Beginner
172,72,28,69,68,86,83,90,84,40,70,68.5,Intermediate
188,77,24,35,70,55,38,31,34,73,55,41.15,Beginner
187,82,23,61,74,51,58,45,61,74,50,54.00000000000001,Intermediate
185,77,23,65,62,58,64,63,62,52,61,56.199999999999996,Intermediate
175,67,21,65,51,74,66,67,68,60,59,57.55,Intermediate
191,80,29,49,79,56,54,59,57,64,63,52.550000000000004,Intermediate
192,88,33,37,62,47,39,46,40,49,57,40.150000000000006,Beginner
186,81,24,64,70,65,75,66,73,70,64,62.4,Intermediate
171,60,21,49,34,87,77,83,91,43,41,57.15,Intermediate
165,56,18,55,38,84,55,80,69,60,55,52.6,Intermediate
191,86,36,42,72,32,48,40,32,56,76,43.599999999999994,Beginner
182,67,33,80,69,70,64,64,57,74,70,62.650000000000006,Intermediate
188,86,32,70,81,45,45,33,51,78,59,51.349999999999994,Intermediate
177,76,31,72,69,70,84,80,71,69,73,68.4,Intermediate
167,70,31,84,81,87,76,61,71,89,57,71.0,Advanced
191,77,25,85,91,72,64,64,69,75,77,67.2,Intermediate
191,84,29,55,80,38,52,37,42,80,65,50.1,Intermediate
183,74,27,75,63,64,51,61,52,66,67,55.55,Intermediate
174,69,31,85,72,88,86,93,91,87,91,76.04999999999998,Advanced
167,66,30,74,53,89,87,91,89,68,67,70.25,Advanced
180,76,33,84,81,62,80,80,78,83,68,71.3,Advanced
178,73,27,80,67,72,82,80,80,76,57,69.64999999999999,Intermediate
190,80,31,82,88,43,49,56,49,61,65,57.24999999999999,Intermediate
193,97,36,36,71,22,43,23,38,68,70,38.65,Beginner
185,78,27,69,71,59,61,58,54,78,54,58.349999999999994,Intermediate
186,76,26,72,77,64,77,67,68,86,73,66.45,Intermediate
182,77,19,55,60,63,70,55,68,72,52,56.4,Intermediate
170,68,31,69,58,83,67,55,71,73,64,60.04999999999999,Intermediate
170,68,31,68,44,87,63,69,67,70,67,58.2,Intermediate
196,75,28,63,82,52,53,53,52,74,60,55.0,Intermediate
177,70,29,87,63,71,76,86,80,73,66,69.00000000000001,Intermediate
188,81,24,61,78,53,49,53,57,70,55,52.69999999999999,Intermediate
178,70,28,65,64,70,63,66,68,70,68,58.6,Intermediate
176,73,24,75,75,79,79,78,86,73,74,69.30000000000001,Intermediate
189,76,21,65,75,57,62,53,52,74,63,57.55,Intermediate
188,80,34,27,62,62,35,67,38,53,71,40.75,Beginner
185,70,25,74,82,68,72,65,69,70,63,65.5,Intermediate
189,82,21,24,59,38,24,21,21,52,45,29.350000000000005,Beginner
173,68,27,63,61,72,78,75,77,75,62,63.6,Intermediate
188,78,24,20,57,34,30,31,32,50,43,30.549999999999997,Beginner
186,72,30,78,66,71,80,70,81,69,68,67.05,Intermediate
168,67,25,89,66,87,70,80,71,76,69,69.19999999999999,Intermediate
189,88,29,71,85,52,69,59,51,79,61,62.7,Intermediate
189,75,33,69,90,62,74,53,66,71,63,64.55,Intermediate
177,76,33,66,69,68,66,66,61,83,75,60.9,Intermediate
193,83,29,71,89,33,53,34,49,92,67,54.75,Intermediate
184,87,31,78,84,63,75,80,70,89,71,69.45,Intermediate
187,76,26,63,68,37,69,75,71,70,81,58.2,Intermediate
182,75,28,78,57,78,80,74,80,66,66,66.64999999999999,Intermediate
175,68,19,67,35,76,68,73,68,52,54,56.55,Intermediate
192,85,31,75,90,45,38,58,34,53,62,52.85,Intermediate
182,74,34,76,70,72,49,63,52,49,79,56.35000000000001,Intermediate
194,87,31,67,83,46,77,54,64,57,76,61.800000000000004,Intermediate
182,72,28,76,69,73,66,72,67,62,70,62.95000000000001,Intermediate
174,67,21,60,48,71,68,78,68,72,50,58.099999999999994,Intermediate
183,73,27,72,69,69,67,74,68,63,70,62.3,Intermediate
173,63,35,78,53,82,78,81,76,78,62,67.15,Intermediate
187,86,28,30,78,51,55,35,48,61,63,45.85,Beginner
186,75,22,73,57,72,68,68,66,56,62,60.349999999999994,Intermediate
186,80,29,67,74,57,64,50,66,79,65,58.35000000000001,Intermediate
168,65,21,51,50,85,75,54,74,39,35,56.050000000000004,Intermediate
188,80,22,23,56,55,33,36,30,54,49,34.7,Beginner
175,73,20,55,51,65,73,62,71,53,64,55.9,Intermediate
178,65,21,80,62,86,82,84,88,54,84,69.6,Intermediate
175,71,27,68,55,66,65,61,67,52,57,56.650000000000006,Intermediate
175,70,28,69,69,72,68,71,69,64,66,62.05000000000001,Intermediate
186,77,28,81,78,67,77,74,75,76,58,68.89999999999999,Intermediate
178,66,30,74,59,58,64,64,63,57,61,57.9,Intermediate
185,72,26,66,70,63,67,63,63,80,64,60.39999999999999,Intermediate
179,72,30,83,69,80,73,77,85,80,60,68.55000000000001,Intermediate
186,75,23,62,64,62,77,55,74,54,59,59.50000000000001,Intermediate
186,80,27,64,65,58,54,53,61,61,61,52.89999999999999,Intermediate
190,77,29,78,76,43,50,64,51,80,74,56.699999999999996,Intermediate
185,67,31,69,66,77,65,78,63,42,69,60.800000000000004,Intermediate
169,67,19,65,56,83,74,80,80,61,66,62.95,Intermediate
168,62,32,90,60,83,69,81,72,55,66,66.85000000000001,Intermediate
183,75,27,70,59,78,86,81,87,51,68,67.1,Intermediate
192,76,21,79,69,60,79,67,70,58,68,65.45,Intermediate
183,63,21,58,59,75,75,76,72,36,64,59.85,Intermediate
180,65,19,53,34,82,87,88,85,45,52,61.05000000000001,Intermediate
194,82,21,18,52,28,15,22,24,36,46,22.7,Beginner
186,83,35,21,59,50,49,55,51,76,59,42.05,Beginner
176,75,35,48,68,66,31,46,35,60,54,43.3,Beginner
189,67,21,17,48,39,29,26,15,54,49,28.499999999999996,Beginner
179,68,25,77,56,60,70,75,71,58,58,61.199999999999996,Intermediate
186,76,36,55,72,59,33,44,33,40,65,43.99999999999999,Beginner
180,65,18,28,56,50,38,49,41,67,47,38.65,Beginner
179,76,27,64,58,73,83,69,79,62,67,63.70000000000001,Intermediate
185,79,26,70,77,51,65,57,55,76,59,59.65,Intermediate
170,65,20,62,39,75,65,70,71,54,57,54.95,Intermediate
182,75,31,71,72,64,67,64,65,81,62,61.94999999999999,Intermediate
185,82,24,84,80,50,55,51,54,82,58,59.5,Intermediate
200,93,26,67,83,53,55,63,64,54,78,56.64999999999999,Intermediate
174,74,32,62,65,76,77,75,76,81,64,64.4,Intermediate
184,75,20,57,60,61,64,66,63,62,55,55.400000000000006,Intermediate
177,80,32,76,78,83,68,74,73,90,63,67.5,Intermediate
187,77,33,73,75,59,59,57,58,70,69,58.65,Intermediate
188,84,32,62,85,63,68,64,65,70,64,61.75,Intermediate
166,59,24,50,48,70,62,57,63,56,52,51.3,Intermediate
177,69,35,78,64,76,69,72,69,67,63,64.05,Intermediate
175,68,29,86,65,83,87,84,83,89,54,74.2,Advanced
183,78,25,54,65,58,88,81,84,41,55,62.900000000000006,Intermediate
188,79,22,29,54,50,34,37,28,57,52,35.65,Beginner
185,76,24,45,57,42,28,35,22,62,45,36.75,Beginner
178,68,24,65,58,67,69,82,66,67,59,60.65000000000001,Intermediate
180,70,26,66,76,67,56,62,54,82,65,58.400000000000006,Intermediate
172,63,21,55,52,70,73,65,73,54,61,56.9,Intermediate
180,75,18,58,57,54,53,58,54,65,53,50.49999999999999,Intermediate
177,73,23,63,66,72,69,64,73,52,58,59.4,Intermediate
187,80,33,84,81,63,43,54,55,70,59,57.05,Intermediate
191,88,31,37,84,52,51,43,42,62,54,47.9,Beginner
179,75,29,71,73,67,67,50,65,60,69,59.95,Intermediate
187,85,25,68,70,62,56,53,66,70,53,55.900000000000006,Intermediate
167,61,21,58,41,85,67,68,70,62,54,56.25000000000001,Intermediate
172,63,20,70,53,84,73,76,76,49,63,62.3,Intermediate
181,72,22,63,57,79,73,69,78,71,54,61.39999999999999,Intermediate
179,84,29,53,55,81,67,79,68,69,62,58.400000000000006,Intermediate
185,75,37,54,74,74,59,54,58,75,60,56.15,Intermediate
178,66,23,84,58,78,79,79,84,59,76,67.85000000000001,Intermediate
190,78,22,77,73,65,70,73,70,76,70,64.94999999999999,Intermediate
180,80,31,78,88,54,76,60,58,90,59,67.5,Intermediate
189,85,33,67,82,49,34,47,37,91,51,50.05,Intermediate
168,77,23,63,50,83,82,85,84,63,61,64.65,Intermediate
193,86,23,59,76,40,63,50,59,50,52,53.6,Intermediate
184,77,23,55,59,59,65,61,64,60,46,54.35,Intermediate
173,64,20,33,30,72,72,81,87,54,39,50.70000000000001,Intermediate
173,73,31,78,69,83,55,69,59,64,77,60.85000000000001,Intermediate
195,85,24,18,38,28,24,34,19,38,54,24.599999999999998,Beginner
180,70,21,71,49,76,68,78,72,62,48,60.45,Intermediate
180,75,28,79,67,72,84,80,78,69,68,69.7,Intermediate
178,70,26,30,51,46,38,37,19,60,39,36.349999999999994,Beginner
179,70,27,78,59,71,79,77,76,73,65,66.60000000000001,Intermediate
178,69,32,59,59,69,80,77,80,33,57,60.9,Intermediate
175,65,30,56,59,66,70,69,72,32,52,56.150000000000006,Intermediate
170,71,23,79,70,87,77,87,81,69,78,70.25,Advanced
177,66,23,83,44,77,76,75,81,63,55,64.35000000000001,Intermediate
186,75,24,25,52,55,30,38,32,54,46,33.800000000000004,Beginner
172,63,22,64,38,86,69,89,73,71,66,60.25,Intermediate
184,78,20,59,58,62,61,59,68,62,55,54.0,Intermediate
174,83,30,80,79,50,34,55,48,79,47,52.5,Intermediate
178,69,36,71,77,59,53,55,50,57,72,55.9,Intermediate
181,75,25,73,75,69,79,72,79,80,60,67.65,Intermediate
193,81,25,62,70,50,58,40,55,70,58,52.8,Intermediate
177,70,20,70,45,68,77,62,83,62,59,59.949999999999996,Intermediate
188,70,21,50,73,51,69,54,66,66,55,55.449999999999996,Intermediate
204,75,20,65,91,47,69,53,63,74,53,61.05000000000001,Intermediate
180,75,27,77,72,85,55,71,65,69,68,61.75,Intermediate
182,74,25,74,60,66,66,73,69,58,66,60.400000000000006,Intermediate
194,85,21,55,79,41,55,47,69,44,54,50.35000000000001,Intermediate
185,69,22,24,57,43,25,42,33,64,45,32.550000000000004,Beginner
196,94,30,29,59,42,50,36,52,55,64,40.2,Beginner
165,69,22,69,42,86,83,84,85,71,52,65.55,Intermediate
188,76,27,54,72,61,65,59,71,50,53,55.6,Intermediate
179,78,19,83,63,66,79,72,75,69,63,67.0,Intermediate
194,82,22,29,64,24,26,36,24,38,57,31.1,Beginner
188,76,21,71,68,52,81,67,74,58,66,63.50000000000001,Intermediate
183,74,21,58,57,63,54,50,53,58,61,50.550000000000004,Intermediate
179,71,32,54,62,78,64,72,62,67,70,57.65,Intermediate
185,70,25,83,64,71,73,71,72,52,66,64.9,Intermediate
172,63,22,62,58,74,65,76,66,54,60,58.3,Intermediate
183,71,34,76,71,76,66,63,68,73,56,63.2,Intermediate
183,72,17,51,58,62,68,57,70,71,45,54.75,Intermediate
185,76,29,60,56,64,62,53,57,58,61,53.599999999999994,Intermediate
183,77,19,60,64,58,60,58,59,57,61,54.050000000000004,Intermediate
184,76,25,53,63,65,75,66,65,54,55,58.35,Intermediate
188,74,22,80,69,61,88,70,86,78,70,69.75,Intermediate
183,79,27,81,73,60,79,69,74,82,67,67.85,Intermediate
179,72,31,63,55,60,59,52,60,62,55,52.85,Intermediate
184,75,33,53,66,66,54,53,53,69,70,52.050000000000004,Intermediate
191,81,24,67,80,52,79,61,64,79,65,64.35000000000001,Intermediate
186,75,21,48,62,69,66,59,73,77,60,55.35,Intermediate
190,82,23,70,84,49,83,65,79,69,73,66.35,Intermediate
178,69,23,72,66,56,68,60,64,64,63,59.5,Intermediate
186,80,28,81,70,59,54,75,58,33,77,57.949999999999996,Intermediate
190,83,33,75,92,60,89,68,73,74,65,72.0,Advanced
187,75,31,68,73,60,78,74,69,77,62,65.2,Intermediate
178,74,35,37,70,76,50,74,54,89,61,52.35,Intermediate
185,80,26,64,82,57,70,67,75,64,63,61.7,Intermediate
183,82,30,70,71,70,74,70,70,71,63,64.4,Intermediate
185,78,33,57,79,57,48,34,62,74,50,50.45,Intermediate
170,71,26,65,53,82,68,76,75,46,65,59.449999999999996,Intermediate
182,75,21,50,59,67,68,70,73,49,51,55.400000000000006,Intermediate
182,73,25,80,74,63,73,64,76,66,67,65.0,Intermediate
187,77,23,48,48,76,70,82,78,77,56,57.45,Intermediate
186,80,32,73,86,63,75,62,65,78,53,66.4,Intermediate
187,74,19,62,75,67,67,61,63,67,54,59.900000000000006,Intermediate
178,71,35,73,64,74,74,79,79,64,72,64.89999999999999,Intermediate
173,69,32,81,68,63,67,73,60,79,80,64.05,Intermediate
183,72,20,66,60,61,67,58,66,70,49,57.699999999999996,Intermediate
177,71,30,34,38,81,56,81,72,56,58,48.3,Beginner
180,68,21,33,32,71,67,69,76,35,43,47.25,Beginner
186,91,29,68,86,49,64,48,60,72,58,59.0,Intermediate
195,85,22,18,52,36,35,28,29,57,53,31.150000000000002,Beginner
191,85,27,38,75,43,46,34,44,58,55,43.24999999999999,Beginner
183,65,29,64,72,74,65,71,69,84,68,61.8,Intermediate
173,67,20,44,59,80,81,80,85,43,57,60.1,Intermediate
187,78,23,28,44,31,41,37,37,50,72,33.8,Beginner
176,71,26,64,59,73,60,67,68,60,59,56.650000000000006,Intermediate
183,71,21,55,50,63,61,62,61,61,58,52.349999999999994,Intermediate
185,72,22,66,76,65,72,61,67,77,69,62.65,Intermediate
177,77,33,69,59,73,53,64,55,76,56,56.05,Intermediate
185,78,25,57,70,52,69,71,70,70,59,58.400000000000006,Intermediate
177,73,24,89,73,75,76,81,76,71,78,70.7,Advanced
192,78,33,76,90,51,69,42,48,86,59,63.0,Intermediate
163,59,29,72,53,77,76,83,83,70,64,64.65,Intermediate
183,77,28,70,76,55,56,59,55,58,64,56.5,Intermediate
191,90,34,68,91,52,44,57,36,70,59,54.85000000000001,Intermediate
182,82,36,66,74,63,65,60,58,79,60,60.05000000000001,Intermediate
174,60,20,40,34,80,54,68,66,54,60,46.8,Beginner
185,72,29,70,70,60,53,56,58,70,62,55.5,Intermediate
178,67,23,64,57,70,66,66,68,58,59,57.65,Intermediate
186,71,22,65,54,69,79,73,79,35,64,60.75000000000001,Intermediate
190,89,26,65,86,54,68,50,66,63,62,59.849999999999994,Intermediate
176,75,32,73,73,80,69,74,73,58,64,64.55,Intermediate
187,77,34,52,74,45,33,36,33,52,58,42.1,Beginner
177,70,24,66,51,81,69,80,80,42,66,59.75,Intermediate
185,77,31,83,70,68,77,68,70,72,67,67.39999999999999,Intermediate
172,63,30,73,66,76,58,69,66,72,66,60.0,Intermediate
176,71,19,62,40,71,79,66,83,55,53,58.550000000000004,Intermediate
173,70,27,88,70,52,82,78,80,55,65,68.45,Intermediate
186,76,29,69,78,63,68,62,63,86,60,62.7,Intermediate
176,71,32,75,59,78,67,77,74,68,53,62.85,Intermediate
168,68,23,70,68,70,74,70,81,70,55,63.900000000000006,Intermediate
180,79,33,83,77,82,52,61,47,73,76,61.7,Intermediate
174,72,30,46,61,74,82,71,83,74,67,61.15,Intermediate
180,75,25,76,73,72,73,78,83,83,69,67.2,Intermediate
186,83,31,70,90,34,54,61,43,70,73,56.7,Intermediate
178,70,23,68,48,75,80,80,81,67,54,63.65,Intermediate
182,77,20,65,63,63,70,65,68,58,68,59.15,Intermediate
183,76,25,80,71,66,55,61,67,59,61,58.800000000000004,Intermediate
189,77,21,68,74,55,70,60,57,55,62,59.95,Intermediate
181,68,25,75,64,73,81,79,78,59,64,67.05,Intermediate
185,70,25,70,59,82,77,81,79,34,62,63.95,Intermediate
188,84,32,65,80,51,64,52,52,83,73,58.650000000000006,Intermediate
178,72,27,76,76,73,64,72,69,82,77,64.39999999999999,Intermediate
194,84,26,45,59,39,29,35,29,49,51,36.4,Beginner
185,72,23,69,56,67,67,58,66,46,43,57.099999999999994,Intermediate
185,78,29,50,70,58,61,65,63,65,61,54.349999999999994,Intermediate
185,74,22,47,67,63,49,48,54,63,52,48.4,Beginner
182,75,21,71,74,69,79,67,70,77,67,66.45,Intermediate
179,77,31,67,70,66,61,66,60,53,55,58.050000000000004,Intermediate
187,80,27,69,84,52,65,46,44,72,60,59.300000000000004,Intermediate
196,94,26,25,60,22,38,29,28,58,49,33.4,Beginner
184,81,30,77,84,67,74,62,69,82,66,67.2,Intermediate
193,92,28,80,91,55,55,51,47,70,71,60.25,Intermediate
175,70,25,86,61,76,86,81,84,75,79,71.6,Advanced
186,84,22,64,76,59,63,59,63,74,64,58.6,Intermediate
175,74,24,80,67,80,72,68,69,63,59,65.6,Intermediate
189,83,24,32,61,54,55,66,60,71,70,47.599999999999994,Beginner
177,77,30,56,79,61,55,59,58,70,59,55.050000000000004,Intermediate
175,68,22,46,35,73,63,71,69,63,56,50.9,Intermediate
173,65,24,58,38,85,73,77,68,57,64,58.25000000000001,Intermediate
179,73,20,76,64,72,77,75,76,76,70,66.4,Intermediate
180,73,23,71,65,67,56,69,66,81,60,58.4,Intermediate
183,72,21,62,60,56,68,67,74,65,59,57.35,Intermediate
184,79,29,27,55,33,42,26,40,60,64,35.15,Beginner
180,71,37,49,56,74,64,76,65,33,65,54.05,Intermediate
170,74,19,56,65,77,67,62,70,56,50,57.75,Intermediate
190,82,21,54,80,49,64,67,65,71,58,57.15,Intermediate
180,75,22,70,62,65,82,78,86,67,58,65.54999999999998,Intermediate
188,70,25,67,71,65,66,64,72,78,66,60.65,Intermediate
185,65,25,70,70,63,70,70,80,70,59,62.3,Intermediate
177,63,22,78,50,81,74,74,80,86,54,65.1,Intermediate
171,64,30,60,33,87,74,89,77,80,66,60.75000000000001,Intermediate
200,88,23,66,89,30,42,39,51,72,55,49.65,Beginner
180,80,30,82,82,55,59,47,53,92,68,61.2,Intermediate
172,63,34,81,37,82,77,78,78,62,58,63.949999999999996,Intermediate
189,74,20,50,74,53,52,50,64,70,57,50.5,Intermediate
176,73,31,86,66,78,72,79,75,61,83,67.44999999999999,Intermediate
183,79,25,69,83,66,90,65,72,80,72,70.35,Advanced
176,75,22,70,58,56,73,75,70,63,67,60.849999999999994,Intermediate
190,81,35,77,74,51,35,55,37,65,70,50.85,Intermediate
180,78,20,64,66,62,68,57,67,65,59,58.25000000000001,Intermediate
184,82,26,77,75,77,80,73,87,70,65,69.15,Intermediate
180,76,27,64,70,63,73,70,75,52,67,61.1,Intermediate
178,64,29,95,65,74,80,75,79,62,85,70.75,Advanced
187,81,32,51,77,43,51,32,51,82,69,48.65,Beginner
175,72,24,87,68,85,76,77,85,84,77,70.80000000000001,Advanced
187,88,26,58,88,47,69,61,59,80,69,60.300000000000004,Intermediate
166,66,28,74,48,93,70,92,81,82,61,65.6,Intermediate
185,79,22,23,55,49,28,38,28,59,55,32.900000000000006,Beginner
185,79,21,54,63,56,54,51,54,61,56,50.2,Intermediate
173,62,23,77,63,78,79,75,79,77,56,67.69999999999999,Intermediate
166,60,24,58,32,84,68,72,74,42,49,54.5,Intermediate
182,76,31,63,62,51,59,58,73,57,62,53.35000000000001,Intermediate
184,78,27,70,59,54,67,56,79,59,55,56.9,Intermediate
174,73,29,72,58,80,72,84,79,72,68,64.7,Intermediate
180,65,22,73,59,71,68,60,63,59,58,59.900000000000006,Intermediate
168,72,22,53,58,91,83,91,85,40,56,64.4,Intermediate
184,79,28,68,71,75,65,70,79,69,66,61.7,Intermediate
170,72,32,83,64,84,64,79,66,79,71,65.64999999999999,Intermediate
195,89,30,34,60,35,42,34,34,60,64,38.3,Beginner
185,87,29,65,77,61,67,66,64,82,65,61.449999999999996,Intermediate
175,73,21,61,46,66,85,72,83,50,58,60.900000000000006,Intermediate
185,82,25,65,78,65,67,64,60,81,69,61.74999999999999,Intermediate
185,80,33,86,92,41,34,34,32,47,62,51.05,Intermediate
187,81,23,73,77,70,72,70,75,77,70,65.6,Intermediate
183,80,23,67,73,57,64,65,66,83,60,59.9,Intermediate
183,75,26,62,67,76,73,76,77,64,74,62.75,Intermediate
176,69,20,66,34,77,74,81,76,59,50,59.25000000000001,Intermediate
190,85,25,67,85,40,63,54,50,73,66,58.099999999999994,Intermediate
185,75,24,67,63,64,51,61,52,40,60,52.65,Intermediate
180,74,23,63,55,74,80,77,75,65,61,63.2,Intermediate
173,67,23,73,49,82,80,86,86,70,66,66.25,Intermediate
184,77,23,73,69,78,81,83,87,75,82,69.10000000000001,Intermediate
186,75,25,91,64,61,75,61,74,61,73,65.55000000000001,Intermediate
185,74,33,66,74,54,72,63,68,70,68,61.1,Intermediate
174,73,32,74,59,73,67,68,59,48,54,60.24999999999999,Intermediate
186,78,31,64,75,61,44,60,52,81,62,53.4,Intermediate
178,74,26,83,68,68,54,67,64,59,70,59.45,Intermediate
185,84,31,66,76,55,51,32,50,80,58,52.6,Intermediate
184,74,24,58,59,68,62,67,65,60,63,55.55,Intermediate
183,76,34,45,60,67,58,63,65,71,70,51.95,Intermediate
192,83,20,62,79,53,77,54,66,62,59,61.15,Intermediate
180,77,28,68,68,62,78,68,76,70,61,63.7,Intermediate
197,80,24,58,70,49,66,65,69,61,51,56.35,Intermediate
178,68,20,50,49,68,67,77,66,64,45,55.150000000000006,Intermediate
185,80,30,78,84,71,74,68,69,75,63,68.05,Intermediate
179,78,24,80,59,83,83,81,83,48,72,68.55000000000001,Intermediate
168,56,24,63,32,88,84,86,80,56,56,62.8,Intermediate
183,75,32,73,61,60,55,56,73,64,45,55.050000000000004,Intermediate
178,71,29,71,74,78,53,76,69,78,70,60.50000000000001,Intermediate
185,78,25,75,73,58,58,54,55,75,67,58.3,Intermediate
190,80,31,30,72,40,35,40,35,55,48,38.05,Beginner
176,70,31,54,68,81,74,81,77,52,54,62.00000000000001,Intermediate
181,78,31,83,75,64,62,61,66,66,68,62.25,Intermediate
184,76,23,64,69,54,55,57,63,73,62,54.4,Intermediate
177,62,19,47,37,79,71,76,78,34,54,53.45,Intermediate
189,75,25,63,83,50,56,50,55,70,54,55.35,Intermediate
188,86,33,24,65,44,34,30,34,59,54,35.1,Beginner
188,79,27,86,74,59,66,58,64,57,61,62.650000000000006,Intermediate
177,72,31,58,60,62,75,82,74,64,63,60.70000000000001,Intermediate
186,72,18,23,48,39,45,44,40,52,43,36.2,Beginner
183,75,25,58,60,65,72,65,72,43,59,57.35,Intermediate
191,80,26,26,61,39,20,34,21,41,52,29.7,Beginner
191,81,32,34,54,58,44,38,30,55,56,40.45,Beginner
178,66,19,43,41,72,69,78,75,41,51,52.5,Intermediate
185,73,28,84,78,68,74,68,73,74,66,68.0,Intermediate
183,75,19,52,67,48,65,48,57,69,53,53.0,Intermediate
183,80,36,85,80,66,67,66,56,73,70,65.95,Intermediate
170,75,25,69,70,89,91,88,91,56,60,72.10000000000001,Advanced
191,79,34,70,86,48,63,63,62,81,62,60.94999999999999,Intermediate
168,55,21,73,34,81,76,80,76,53,61,61.25000000000001,Intermediate
193,86,23,63,84,52,75,46,66,59,59,60.45000000000001,Intermediate
179,60,19,46,34,86,89,88,90,48,43,60.8,Intermediate
186,77,27,78,63,70,77,74,74,54,67,65.25,Intermediate
178,75,33,77,74,52,70,74,67,73,59,63.75,Intermediate
183,65,18,57,41,61,57,60,61,54,52,49.45,Beginner
183,74,24,50,68,61,77,59,76,58,53,58.199999999999996,Intermediate
178,67,38,53,67,72,47,57,39,67,63,51.00000000000001,Intermediate
175,67,19,64,49,66,74,68,76,60,52,58.75000000000001,Intermediate
179,71,30,81,66,74,78,77,81,59,63,67.55,Intermediate
190,88,30,22,67,31,38,55,25,70,65,37.95,Beginner
180,72,22,79,78,85,77,80,76,77,77,70.94999999999999,Advanced
184,79,19,51,65,53,67,63,66,59,48,54.599999999999994,Intermediate
188,74,24,19,60,48,39,44,45,68,69,37.1,Beginner
171,70,27,73,50,80,65,74,69,76,65,60.8,Intermediate
181,78,31,80,74,64,44,62,52,80,64,56.9,Intermediate
181,78,23,62,58,63,69,62,72,59,56,57.25,Intermediate
185,73,20,65,71,46,50,54,53,72,57,52.25,Intermediate
184,72,17,45,44,64,80,75,83,50,45,56.0,Intermediate
179,73,30,83,70,71,71,71,62,67,51,65.95,Intermediate
177,72,21,73,65,68,65,71,74,61,68,60.8,Intermediate
175,67,23,61,58,70,76,70,71,55,54,60.45,Intermediate
173,67,28,56,41,82,76,79,83,47,57,58.6,Intermediate
176,68,23,64,44,75,70,75,70,71,54,58.949999999999996,Intermediate
189,91,39,68,85,59,32,43,32,65,75,49.4,Beginner
172,71,31,70,65,68,76,70,77,63,67,63.49999999999999,Intermediate
175,73,31,76,62,79,82,82,84,66,66,68.5,Intermediate
186,82,39,65,79,57,55,42,44,64,42,54.45000000000001,Intermediate
175,73,28,67,73,70,65,69,69,82,47,61.849999999999994,Intermediate
185,80,27,88,84,62,68,63,65,86,78,67.4,Intermediate
188,84,20,62,70,53,64,52,59,67,51,55.95000000000001,Intermediate
180,79,30,81,77,75,54,70,64,61,69,61.49999999999999,Intermediate
191,78,33,60,72,41,63,38,61,57,58,52.449999999999996,Intermediate
171,69,34,69,64,86,34,78,34,61,77,53.050000000000004,Intermediate
188,85,22,81,81,63,69,69,71,71,56,65.8,Intermediate
182,74,21,60,59,73,75,74,73,62,61,61.15,Intermediate
187,82,23,68,68,52,56,54,53,67,55,54.550000000000004,Intermediate
185,85,34,68,76,64,75,61,54,71,69,63.55,Intermediate
183,72,30,70,71,66,70,57,70,64,62,61.150000000000006,Intermediate
174,75,33,86,81,79,78,84,67,74,68,72.75,Advanced
179,71,27,60,56,58,65,56,66,57,51,54.15,Intermediate
170,69,28,60,31,90,60,90,80,68,58,56.05,Intermediate
174,67,22,48,42,69,62,71,66,59,59,51.45,Intermediate
175,70,22,58,54,77,77,81,81,58,58,61.50000000000001,Intermediate
178,75,30,90,59,69,76,83,81,87,64,69.2,Intermediate
192,76,22,62,60,54,55,51,60,75,60,52.15,Intermediate
187,84,25,61,80,39,82,60,78,75,52,62.449999999999996,Intermediate
178,64,29,61,65,74,61,76,67,78,63,59.15,Intermediate
180,69,24,68,55,69,73,74,71,54,53,60.75,Intermediate
192,90,37,46,87,59,33,37,43,78,60,45.65,Beginner
182,78,25,67,70,53,72,66,67,73,54,61.050000000000004,Intermediate
183,65,27,36,76,68,44,36,40,72,60,45.800000000000004,Beginner
180,75,21,73,64,62,71,68,74,57,73,61.350000000000016,Intermediate
183,75,27,74,71,55,45,55,48,73,63,53.6,Intermediate
175,71,30,91,64,83,69,81,72,85,65,69.15,Intermediate
185,75,22,63,78,58,57,54,55,64,61,55.8,Intermediate
183,73,37,40,58,55,55,51,52,52,61,46.400000000000006,Beginner
191,80,37,51,81,38,34,55,49,62,62,44.949999999999996,Beginner
174,69,31,81,72,86,66,83,66,84,65,67.89999999999999,Intermediate
187,70,21,61,55,69,88,69,78,60,62,63.65,Intermediate
170,71,23,54,65,61,52,60,64,64,55,51.45,Intermediate
192,83,29,69,85,47,69,49,52,73,77,60.5,Intermediate
183,80,32,82,80,52,70,58,62,59,69,63.35000000000001,Intermediate
179,75,29,81,65,68,66,76,70,47,66,62.50000000000001,Intermediate
178,75,29,70,69,79,80,82,81,57,70,67.3,Intermediate
183,80,30,58,68,71,68,68,66,75,66,59.85,Intermediate
180,72,32,78,65,66,61,66,69,60,62,59.85000000000001,Intermediate
182,75,26,66,68,65,67,72,66,80,65,61.2,Intermediate
183,78,29,74,73,75,66,75,74,56,76,63.349999999999994,Intermediate
188,88,30,21,71,39,42,35,48,54,67,37.550000000000004,Beginner
178,70,23,69,57,74,81,84,82,58,58,65.35,Intermediate
175,69,28,72,65,68,78,77,81,68,57,65.45,Intermediate
190,84,20,56,77,46,51,51,52,62,56,50.85,Intermediate
186,78,32,65,77,48,55,52,63,71,68,54.599999999999994,Intermediate
181,78,27,74,70,70,55,67,65,78,65,59.4,Intermediate
172,77,21,59,47,75,66,72,55,59,53,56.300000000000004,Intermediate
192,90,28,37,74,53,47,51,52,67,66,46.35,Beginner
192,88,25,54,82,45,72,41,55,60,73,56.3,Intermediate
185,78,27,71,74,57,73,72,69,67,65,63.45000000000001,Intermediate
176,70,26,86,83,90,82,84,85,84,80,75.85000000000001,Advanced
187,85,39,75,82,52,31,49,32,74,61,50.4,Intermediate
176,72,21,55,52,75,55,76,69,54,60,53.1,Intermediate
170,71,24,44,51,73,75,81,77,32,58,55.95000000000001,Intermediate
190,74,27,16,25,27,32,41,37,58,55,26.25,Beginner
201,78,22,65,90,30,74,33,55,55,68,57.75,Intermediate
182,73,23,65,60,51,63,55,67,53,64,54.15,Intermediate
167,59,20,59,32,88,78,81,80,59,49,59.85000000000001,Intermediate
184,81,30,76,77,73,70,79,70,72,57,66.55,Intermediate
185,85,30,55,82,60,61,54,59,72,55,56.6,Intermediate
182,77,33,80,82,66,44,36,50,82,69,55.800000000000004,Intermediate
188,79,24,72,81,56,75,64,77,78,71,64.95,Intermediate
179,78,21,63,66,50,58,49,55,66,51,53.099999999999994,Intermediate
185,82,28,83,75,65,55,69,64,72,73,61.35,Intermediate
174,60,28,84,42,81,78,83,71,73,65,66.55,Intermediate
191,90,27,58,84,53,88,61,72,59,63,64.95,Intermediate
176,69,29,82,79,73,73,71,71,72,60,68.14999999999999,Intermediate
176,74,25,83,74,84,77,83,78,85,63,71.75000000000001,Advanced
175,68,27,75,70,77,73,72,74,72,71,65.9,Intermediate
181,82,33,73,78,81,82,68,73,74,68,69.5,Intermediate
177,77,26,71,80,82,65,67,69,70,73,64.10000000000001,Intermediate
183,90,35,43,89,65,48,57,44,83,77,52.7,Intermediate
182,75,23,82,63,67,62,53,50,76,66,60.25,Intermediate
181,66,24,69,61,79,73,84,86,71,70,64.7,Intermediate
180,74,24,57,56,63,61,63,64,55,52,53.45,Intermediate
192,84,30,23,64,34,40,29,36,63,66,35.65,Beginner
168,64,26,64,53,84,75,73,70,71,62,62.49999999999999,Intermediate
170,68,32,81,63,74,67,66,70,67,47,63.1,Intermediate
174,80,31,89,75,69,54,60,62,76,62,61.949999999999996,Intermediate
180,70,22,49,52,62,62,58,70,65,59,51.45,Intermediate
176,71,31,75,66,72,64,70,66,84,62,62.50000000000001,Intermediate
184,76,18,64,52,67,69,71,69,54,57,57.800000000000004,Intermediate
174,66,31,60,58,66,72,74,71,58,55,59.199999999999996,Intermediate
183,79,22,58,71,58,57,63,61,62,51,54.550000000000004,Intermediate
188,81,31,22,69,33,15,35,32,50,57,28.55,Beginner
185,82,29,74,82,54,65,62,64,59,59,61.15,Intermediate
180,80,22,68,59,61,66,68,61,54,60,57.850000000000016,Intermediate
191,83,21,53,66,56,55,43,55,65,51,50.15,Intermediate
171,71,34,63,49,88,78,87,83,86,70,65.15,Intermediate
174,76,21,62,76,79,71,68,73,69,55,63.25000000000001,Intermediate
189,76,22,53,71,59,68,65,69,73,57,57.699999999999996,Intermediate
188,69,26,73,58,64,70,66,68,66,60,60.599999999999994,Intermediate
178,70,33,70,72,72,70,71,69,87,65,64.45,Intermediate
191,81,26,76,80,51,45,43,49,34,67,51.800000000000004,Intermediate
183,74,23,53,56,54,53,52,54,59,42,48.45,Beginner
178,70,28,65,59,69,81,74,81,55,60,63.199999999999996,Intermediate
188,80,28,74,87,55,51,50,54,77,65,57.5,Intermediate
178,61,28,62,65,66,74,69,72,67,60,61.2,Intermediate
182,79,26,55,69,54,69,70,71,60,72,57.449999999999996,Intermediate
176,76,24,58,53,71,65,70,74,46,52,55.449999999999996,Intermediate
174,77,28,83,67,78,73,73,79,70,60,67.14999999999999,Intermediate
174,64,27,80,60,71,75,74,76,56,70,64.8,Intermediate
178,72,20,76,58,69,67,64,64,61,52,60.349999999999994,Intermediate
171,60,24,57,45,83,64,69,63,53,57,55.199999999999996,Intermediate
191,92,30,66,84,55,67,32,54,67,65,57.95,Intermediate
180,80,33,88,79,80,88,82,88,86,70,76.35,Advanced
175,68,23,63,57,77,66,70,64,65,62,58.900000000000006,Intermediate
170,75,21,57,54,78,71,78,73,56,65,59.2,Intermediate
173,58,21,55,39,79,74,85,78,58,57,58.35,Intermediate
191,78,21,59,70,34,64,56,54,70,64,54.0,Intermediate
180,78,25,80,75,81,77,80,81,71,68,69.99999999999999,Intermediate
181,77,30,57,75,76,78,77,77,65,67,64.6,Intermediate
179,78,32,66,73,76,79,78,76,33,68,64.89999999999999,Intermediate
181,82,27,69,78,61,52,54,54,63,63,55.74999999999999,Intermediate
178,70,22,59,52,65,72,62,67,59,58,56.85,Intermediate
189,80,20,66,75,68,71,65,71,72,55,62.65,Intermediate
170,67,25,77,55,67,70,65,70,66,60,61.15,Intermediate
184,73,20,66,68,60,62,59,62,64,54,57.1,Intermediate
173,63,22,63,44,61,57,53,51,56,51,50.49999999999999,Intermediate
175,71,23,70,53,80,81,82,85,41,65,64.5,Intermediate
180,70,28,64,58,71,80,73,77,71,56,63.449999999999996,Intermediate
177,73,23,61,56,72,54,59,62,64,54,53.1,Intermediate
196,90,31,42,55,50,56,57,57,74,75,47.85000000000001,Beginner
187,80,21,55,80,54,60,67,64,70,65,56.6,Intermediate
181,71,20,81,56,66,78,66,78,55,63,63.949999999999996,Intermediate
189,82,22,21,54,59,35,42,36,61,53,35.949999999999996,Beginner
185,68,28,79,76,64,83,68,75,83,57,69.45000000000002,Intermediate
182,73,35,65,67,61,55,57,59,71,60,54.9,Intermediate
185,70,18,64,56,62,64,64,68,57,62,55.85,Intermediate
187,79,33,60,80,48,53,61,61,71,68,54.349999999999994,Intermediate
170,67,22,73,52,64,78,79,79,66,66,63.39999999999999,Intermediate
177,80,20,67,59,65,70,66,70,52,60,58.95,Intermediate
176,68,25,63,55,77,71,75,73,70,61,60.85000000000001,Intermediate
176,75,30,21,35,48,26,30,23,58,42,27.950000000000003,Beginner
201,96,33,31,80,22,39,26,38,58,71,37.6,Beginner
188,88,31,52,75,39,44,38,48,42,64,44.65,Beginner
166,71,28,82,64,92,82,92,83,92,65,73.6,Advanced
179,72,28,87,67,71,69,77,72,78,62,66.85000000000001,Intermediate
188,81,23,65,77,41,82,59,81,76,58,62.94999999999999,Intermediate
185,76,24,77,62,59,73,67,70,57,62,62.05,Intermediate
178,72,30,65,60,71,68,63,68,78,51,59.7,Intermediate
179,75,28,57,61,71,75,77,71,74,57,61.550000000000004,Intermediate
171,63,23,67,35,89,75,85,87,43,80,60.699999999999996,Intermediate
192,81,25,18,59,37,42,38,33,64,54,35.75,Beginner
180,70,19,60,51,77,68,83,78,65,60,59.3,Intermediate
180,72,33,86,65,70,73,68,73,77,63,66.49999999999999,Intermediate
182,75,24,66,59,64,72,70,68,61,60,60.099999999999994,Intermediate
186,81,26,81,77,67,72,67,75,63,64,65.9,Intermediate
174,74,35,80,60,76,65,73,62,76,65,63.199999999999996,Intermediate
170,65,24,57,40,84,56,65,44,66,46,52.4,Intermediate
186,76,26,68,81,46,75,61,75,78,61,62.85,Intermediate
188,84,34,69,85,51,50,40,35,71,64,54.199999999999996,Intermediate
180,82,26,68,72,63,74,58,76,74,56,62.39999999999999,Intermediate
185,69,28,86,60,67,68,71,71,47,66,62.75,Intermediate
185,83,35,64,84,57,65,74,65,80,70,62.0,Intermediate
193,84,27,23,64,26,23,21,19,36,36,27.600000000000005,Beginner
172,74,24,79,66,74,78,76,79,66,69,67.4,Intermediate
180,77,22,58,57,71,69,68,71,65,58,57.99999999999999,Intermediate
185,90,33,32,44,49,41,45,40,60,62,37.699999999999996,Beginner
183,77,24,75,63,68,72,75,70,71,72,63.89999999999999,Intermediate
186,81,31,43,75,53,42,62,48,73,75,47.6,Beginner
183,82,27,83,79,71,78,74,80,66,65,69.64999999999999,Intermediate
188,74,24,62,65,57,63,57,56,72,60,56.050000000000004,Intermediate
172,68,29,59,52,80,72,80,69,32,52,58.8,Intermediate
178,69,33,64,61,80,78,80,73,80,74,65.35,Intermediate
184,89,25,55,74,71,61,60,55,54,68,56.2,Intermediate
188,78,19,28,62,39,31,31,33,49,44,33.65,Beginner
174,68,31,61,52,81,80,73,83,69,65,62.85,Intermediate
181,78,22,75,76,64,72,67,71,70,65,64.6,Intermediate
181,76,30,90,77,66,77,72,77,70,69,69.94999999999999,Intermediate
184,84,29,80,80,76,73,70,65,63,67,67.65,Intermediate
173,70,23,62,50,78,82,72,80,54,53,62.2,Intermediate
174,67,19,57,33,83,77,80,80,53,50,58.4,Intermediate
178,62,27,78,70,70,73,73,74,69,68,65.75,Intermediate
197,96,22,66,86,35,58,36,56,56,66,53.4,Intermediate
174,60,27,71,52,85,91,82,91,64,66,69.2,Intermediate
191,80,22,28,73,33,42,36,41,57,65,38.9,Beginner
178,72,24,74,64,88,70,76,70,82,65,65.89999999999999,Intermediate
194,94,24,66,88,47,65,62,67,72,65,60.40000000000001,Intermediate
203,94,29,42,69,60,50,40,45,66,74,47.05,Beginner
191,85,32,47,82,74,60,72,59,66,60,57.599999999999994,Intermediate
185,86,27,68,84,60,67,56,64,73,60,61.550000000000004,Intermediate
186,85,35,42,71,57,61,56,58,70,67,52.150000000000006,Intermediate
176,71,20,56,67,83,68,82,74,31,69,59.7,Intermediate
170,60,22,63,66,85,83,82,85,58,63,67.0,Intermediate
187,75,18,47,65,51,66,61,56,61,57,53.2,Intermediate
185,82,32,68,78,68,72,66,64,66,73,63.60000000000001,Intermediate
185,72,35,66,72,59,68,67,55,80,68,61.0,Intermediate
188,73,21,70,74,61,70,58,63,77,70,61.85000000000001,Intermediate
172,67,20,71,68,79,69,73,67,66,64,63.59999999999999,Intermediate
180,76,30,80,78,73,71,68,69,73,61,66.75,Intermediate
188,82,23,70,73,55,79,71,73,48,64,63.650000000000006,Intermediate
179,77,31,82,75,65,66,62,63,54,69,62.85000000000001,Intermediate
191,89,26,68,77,50,55,43,49,70,63,54.449999999999996,Intermediate
194,88,30,38,58,42,49,54,46,58,58,43.5,Beginner
185,78,31,72,66,69,72,81,76,58,59,63.8,Intermediate
174,70,22,60,56,66,83,68,74,63,43,61.849999999999994,Intermediate
189,80,26,72,78,60,69,59,68,67,61,62.05,Intermediate
181,80,31,89,69,64,67,68,65,55,83,64.19999999999999,Intermediate
195,82,27,20,59,24,21,25,22,35,38,25.799999999999997,Beginner
184,76,23,56,73,57,71,38,68,74,69,56.650000000000006,Intermediate
185,79,22,71,74,68,74,68,71,80,66,65.1,Intermediate
180,77,25,54,81,55,55,42,53,79,63,53.10000000000001,Intermediate
185,70,30,72,75,62,64,63,61,75,60,61.10000000000001,Intermediate
172,70,25,68,57,81,75,71,76,57,64,62.7,Intermediate
198,85,31,37,63,38,45,32,40,70,56,40.849999999999994,Beginner
194,79,22,20,60,27,40,27,31,34,42,32.1,Beginner
183,77,26,80,72,71,79,65,76,75,65,67.85,Intermediate
191,85,32,78,89,31,36,34,41,58,65,49.15,Beginner
168,65,26,35,36,91,71,71,72,32,53,51.50000000000001,Intermediate
183,78,30,77,66,76,69,73,64,80,72,64.9,Intermediate
181,72,24,68,57,68,80,70,77,62,61,63.050000000000004,Intermediate
171,70,28,84,68,88,85,90,86,53,84,72.95,Advanced
174,71,23,83,65,70,70,71,72,61,66,64.5,Intermediate
166,64,23,85,68,75,84,78,91,66,61,71.0,Advanced
185,79,20,65,72,57,61,42,57,74,48,55.70000000000001,Intermediate
179,76,20,53,58,68,72,67,70,60,50,57.400000000000006,Intermediate
185,81,23,74,69,77,77,76,70,74,72,67.25,Intermediate
179,68,26,79,58,78,80,81,81,59,69,67.35000000000001,Intermediate
181,80,20,69,68,63,67,68,69,54,64,59.89999999999999,Intermediate
181,72,30,74,67,69,55,66,62,77,65,58.7,Intermediate
188,74,23,72,63,54,61,59,68,62,56,56.550000000000004,Intermediate
175,64,21,66,68,81,72,79,74,51,53,63.55,Intermediate
180,68,30,81,75,80,87,89,84,83,63,74.6,Advanced
176,75,27,59,74,70,80,41,72,81,58,62.05,Intermediate
173,72,21,51,54,74,80,78,81,46,45,59.800000000000004,Intermediate
184,80,27,72,84,56,70,59,63,73,59,63.15,Intermediate
178,74,30,85,66,73,57,75,57,90,65,63.3,Intermediate
183,78,20,76,75,74,54,74,73,70,75,60.949999999999996,Intermediate
178,70,26,69,48,82,70,69,67,52,63,59.7,Intermediate
182,72,22,57,56,58,58,62,60,56,58,52.0,Intermediate
185,80,30,79,83,52,70,66,65,85,69,65.30000000000001,Intermediate
192,80,32,18,64,24,27,24,15,33,46,27.749999999999993,Beginner
180,77,28,67,80,62,89,79,91,71,62,69.75,Intermediate
182,73,21,68,54,49,77,60,75,70,52,59.2,Intermediate
182,82,31,71,69,64,62,60,58,65,59,58.8,Intermediate
181,75,22,72,58,72,69,63,67,68,63,60.699999999999996,Intermediate
181,71,24,86,71,72,79,82,80,71,79,70.5,Advanced
177,60,21,53,32,80,66,80,68,50,59,53.7,Intermediate
180,78,33,85,71,72,77,74,78,68,80,68.75,Intermediate
175,70,26,67,46,84,71,75,66,65,62,60.75,Intermediate
173,80,25,73,79,78,79,70,78,79,66,68.9,Intermediate
177,70,26,78,49,75,76,74,85,57,62,63.50000000000001,Intermediate
197,92,27,67,89,36,58,63,55,65,55,57.300000000000004,Intermediate
177,76,19,30,50,55,30,25,26,55,40,33.25,Beginner
180,75,28,83,70,67,69,74,70,70,65,65.4,Intermediate
190,80,26,39,63,55,42,30,40,57,59,41.199999999999996,Beginner
188,83,26,34,46,37,50,42,45,52,76,39.2,Beginner
183,73,22,29,50,34,26,22,35,55,49,29.450000000000003,Beginner
185,72,32,75,79,63,67,65,65,80,79,63.75,Intermediate
190,83,20,55,76,44,68,56,56,73,54,56.449999999999996,Intermediate
185,83,34,70,74,54,32,46,33,72,63,48.300000000000004,Beginner
174,68,23,73,46,78,83,65,82,65,64,63.95,Intermediate
178,66,21,68,47,71,66,72,67,56,64,57.550000000000004,Intermediate
185,72,31,70,70,65,69,74,71,82,68,63.2,Intermediate
187,81,26,27,57,46,26,29,43,66,63,32.55,Beginner
176,75,22,58,54,70,69,59,61,58,49,56.199999999999996,Intermediate
172,66,28,87,67,80,83,82,81,53,83,71.2,Advanced
175,73,27,68,63,76,70,79,72,71,73,63.099999999999994,Intermediate
182,74,31,76,70,67,80,83,82,71,67,68.25,Intermediate
190,82,27,20,66,27,27,25,16,38,49,29.099999999999998,Beginner
177,76,30,65,59,75,59,77,68,64,62,57.95,Intermediate
191,86,23,73,82,66,76,68,77,78,81,67.0,Intermediate
173,69,30,80,56,85,40,61,48,34,61,52.7,Intermediate
186,80,35,67,78,73,72,66,68,71,65,64.15,Intermediate
185,77,30,80,84,50,75,67,63,83,82,66.95,Intermediate
190,77,21,81,75,77,78,80,76,72,73,70.14999999999999,Advanced
178,72,26,81,61,73,89,86,93,88,69,72.35000000000001,Advanced
185,80,32,70,77,63,55,54,52,80,67,57.75,Intermediate
186,80,20,58,64,46,55,46,54,56,49,49.7,Beginner
179,73,30,76,61,66,69,67,69,57,69,61.2,Intermediate
182,74,25,84,68,51,59,53,58,72,46,58.7,Intermediate
191,82,20,24,51,22,22,21,30,33,41,25.0,Beginner
175,70,26,79,63,83,77,79,79,65,79,67.8,Intermediate
188,83,21,45,72,62,60,55,50,80,61,53.5,Intermediate
178,70,29,76,48,76,67,76,66,73,66,61.35,Intermediate
170,55,18,49,50,91,75,72,74,58,45,59.0,Intermediate
200,90,26,25,72,45,37,37,38,62,60,38.199999999999996,Beginner
191,84,37,25,59,37,33,24,28,51,65,32.4,Beginner
192,87,39,28,56,42,41,50,40,66,54,38.8,Beginner
183,78,30,63,72,69,55,70,53,51,62,56.349999999999994,Intermediate
179,73,33,69,68,70,75,72,70,72,64,64.3,Intermediate
194,91,27,64,90,33,55,45,46,70,60,54.099999999999994,Intermediate
183,74,31,89,77,54,60,70,58,74,71,63.449999999999996,Intermediate
183,79,23,66,79,54,68,60,64,72,62,60.45,Intermediate
183,78,27,74,77,55,63,62,60,69,61,60.400000000000006,Intermediate
182,70,29,61,59,65,66,62,73,69,61,57.00000000000001,Intermediate
189,77,26,76,77,51,73,69,71,74,74,64.35,Intermediate
184,76,24,68,63,63,80,77,81,76,60,64.85,Intermediate
182,78,19,28,52,49,26,44,25,63,42,33.65,Beginner
185,80,29,69,82,71,78,76,77,84,76,68.4,Intermediate
191,77,24,23,63,35,26,23,27,53,63,30.300000000000004,Beginner
176,72,22,58,47,72,70,63,72,58,58,56.050000000000004,Intermediate
190,84,30,78,81,62,84,74,81,86,80,70.85,Advanced
184,76,19,55,64,66,67,68,69,63,66,57.25,Intermediate
180,71,22,47,50,67,78,72,77,44,44,56.400000000000006,Intermediate
192,83,31,25,66,53,35,37,34,69,58,37.85,Beginner
194,92,35,33,74,41,56,35,52,63,62,45.25,Beginner
178,71,19,50,34,69,62,71,65,57,60,50.55,Intermediate
173,70,19,68,55,70,64,65,65,55,48,57.3,Intermediate
186,80,26,24,60,48,36,45,32,54,41,36.60000000000001,Beginner
184,71,26,75,75,65,65,66,60,78,69,62.75,Intermediate
179,75,20,62,56,65,74,59,76,57,61,58.25,Intermediate
192,98,32,58,83,33,33,31,32,48,55,42.75,Beginner
187,77,21,55,73,63,69,62,68,66,51,58.45,Intermediate
187,78,41,51,82,53,30,50,33,72,71,45.4,Beginner
180,77,32,76,78,72,79,76,79,72,63,68.99999999999999,Intermediate
184,74,28,54,64,60,52,33,60,69,48,48.75,Beginner
179,77,32,60,67,75,62,68,69,76,72,58.75,Intermediate
175,63,22,80,37,79,64,70,66,71,57,59.199999999999996,Intermediate
189,75,34,75,75,64,42,59,49,65,63,54.4,Intermediate
175,74,32,74,61,89,80,83,82,55,77,67.9,Intermediate
175,69,21,53,55,77,66,71,69,66,58,56.75000000000001,Intermediate
178,73,29,81,72,75,78,81,81,48,62,68.4,Intermediate
190,83,29,71,76,44,69,69,67,77,72,61.449999999999996,Intermediate
176,70,23,57,58,63,52,66,64,49,52,51.05000000000001,Intermediate
186,77,32,62,74,59,70,54,73,75,70,59.55,Intermediate
186,80,29,80,84,62,34,60,54,51,56,53.55,Intermediate
186,82,30,68,75,62,54,65,52,72,70,57.35,Intermediate
185,81,30,36,51,40,38,52,35,62,60,38.550000000000004,Beginner
185,80,27,28,56,44,32,24,35,58,54,33.3,Beginner
180,84,21,69,69,86,84,82,79,65,63,69.4,Intermediate
168,65,20,53,46,87,60,59,59,61,48,53.15,Intermediate
180,76,18,48,60,60,60,54,55,62,53,51.1,Intermediate
194,88,24,79,81,44,78,60,69,66,76,65.05,Intermediate
175,65,20,58,40,78,75,62,76,67,57,57.45000000000001,Intermediate
188,80,29,64,76,61,59,60,58,65,67,57.25,Intermediate
175,70,23,81,67,80,67,80,70,80,66,66.35,Intermediate
174,63,18,49,52,66,65,56,57,62,50,52.400000000000006,Intermediate
196,81,31,34,81,34,66,58,58,63,55,51.099999999999994,Intermediate
173,64,23,78,48,54,84,74,71,61,57,63.849999999999994,Intermediate
185,79,21,60,61,55,67,54,65,73,55,55.79999999999999,Intermediate
195,90,23,62,84,51,71,53,57,70,58,60.20000000000001,Intermediate
189,78,25,71,74,41,35,57,40,52,56,48.20000000000001,Beginner
187,85,23,74,79,67,70,70,77,89,68,65.8,Intermediate
180,76,35,31,64,45,39,44,42,63,68,39.55,Beginner
201,81,28,33,57,33,40,37,38,67,59,37.5,Beginner
175,67,23,68,61,80,62,70,60,71,59,59.9,Intermediate
189,86,28,68,74,68,73,67,71,73,61,63.75000000000001,Intermediate
171,63,31,77,38,86,72,82,69,51,64,62.050000000000004,Intermediate
182,75,20,55,65,62,68,55,63,68,50,56.25,Intermediate
180,77,33,74,66,63,54,70,68,67,74,57.550000000000004,Intermediate
173,68,24,71,62,75,70,73,79,59,60,62.25,Intermediate
165,63,23,65,38,65,72,68,70,42,56,55.699999999999996,Intermediate
175,62,34,85,65,83,68,72,64,67,58,66.0,Intermediate
181,77,23,74,81,68,73,66,75,64,78,65.45,Intermediate
183,78,32,60,67,76,65,74,64,65,71,59.8,Intermediate
189,83,23,63,81,47,55,47,63,72,56,54.25000000000001,Intermediate
181,75,22,22,50,48,33,37,24,59,53,33.25,Beginner
184,75,28,92,60,66,56,62,51,63,68,60.150000000000006,Intermediate
186,87,28,66,80,60,79,64,72,91,68,65.85,Intermediate
195,87,30,38,73,22,49,38,44,52,68,41.85,Beginner
186,80,34,28,79,44,48,42,42,62,71,43.550000000000004,Beginner
180,75,24,53,59,71,65,72,69,70,52,56.75000000000001,Intermediate
177,71,32,69,74,80,79,83,79,86,66,69.2,Intermediate
175,74,32,82,73,88,69,82,69,80,78,69.05,Intermediate
180,70,35,75,67,71,55,73,64,33,75,57.599999999999994,Intermediate
184,81,35,67,82,59,66,52,55,85,61,60.85,Intermediate
187,80,35,30,57,41,43,34,44,57,67,37.8,Beginner
190,83,19,22,56,27,30,22,30,40,53,28.7,Beginner
176,70,27,67,63,77,79,76,80,69,56,65.3,Intermediate
178,70,29,59,57,72,64,62,67,58,50,55.85,Intermediate
183,76,25,61,67,61,66,65,63,67,60,58.0,Intermediate
168,58,28,64,39,83,65,71,72,43,45,55.699999999999996,Intermediate
168,68,19,33,51,80,67,81,72,42,49,52.550000000000004,Intermediate
178,73,33,52,62,73,74,76,69,69,60,60.25,Intermediate
185,73,23,64,58,59,62,56,61,62,63,54.699999999999996,Intermediate
185,78,34,55,80,46,76,49,53,68,67,58.699999999999996,Intermediate
180,78,25,68,72,64,63,59,55,70,59,59.099999999999994,Intermediate
183,79,20,52,59,63,55,66,65,68,47,52.050000000000004,Intermediate
170,70,18,71,47,82,74,68,73,66,50,61.75,Intermediate
180,70,24,67,73,59,52,50,42,73,55,54.5,Intermediate
180,78,23,67,68,58,54,52,52,57,57,53.65,Intermediate
180,71,24,66,56,74,65,75,71,59,67,58.95,Intermediate
187,67,23,66,75,64,54,42,49,60,58,54.25,Intermediate
180,70,30,84,73,78,79,79,78,72,71,70.75,Advanced
177,76,33,63,66,67,67,68,66,61,65,59.150000000000006,Intermediate
181,72,28,73,68,66,69,68,67,74,63,62.6,Intermediate
172,76,23,58,56,70,81,81,81,71,46,62.95,Intermediate
193,86,23,84,85,60,80,67,74,76,72,70.05,Advanced
184,80,24,71,70,59,90,83,91,87,53,70.25,Advanced
179,65,22,70,61,69,72,56,71,57,59,60.099999999999994,Intermediate
185,81,28,75,75,66,75,63,70,78,68,65.55,Intermediate
190,88,39,41,81,41,38,31,34,67,65,42.300000000000004,Beginner
170,62,23,78,40,88,86,89,82,53,56,67.75000000000001,Intermediate
175,70,23,78,65,78,68,72,71,66,62,64.05,Intermediate
174,71,30,63,53,84,77,82,79,71,64,63.800000000000004,Intermediate
190,77,20,28,63,28,17,24,28,34,46,27.049999999999997,Beginner
187,85,30,82,83,64,61,55,53,81,64,63.1,Intermediate
184,81,29,80,73,62,61,67,58,73,52,61.800000000000004,Intermediate
183,76,22,65,70,75,76,70,77,62,61,63.9,Intermediate
179,78,24,56,67,59,55,57,59,70,64,52.85,Intermediate
196,82,31,75,76,68,65,64,64,32,65,60.699999999999996,Intermediate
179,81,33,68,58,70,76,75,77,59,71,62.55000000000001,Intermediate
191,81,28,38,57,29,48,35,58,48,56,39.349999999999994,Beginner
170,70,32,31,78,32,34,31,30,70,56,37.9,Beginner
177,75,32,89,78,77,77,86,83,53,62,71.55,Advanced
180,72,21,64,58,83,68,76,73,54,65,60.500000000000014,Intermediate
177,77,27,74,70,73,76,89,87,80,79,68.3,Intermediate
183,73,21,68,58,78,68,79,76,66,70,61.7,Intermediate
186,78,24,61,68,54,66,59,63,57,63,56.35,Intermediate
191,81,22,57,77,54,52,54,66,73,50,52.99999999999999,Intermediate
188,72,20,20,47,38,28,36,15,53,47,29.5,Beginner
169,61,18,49,33,85,78,87,82,80,54,59.35000000000001,Intermediate
180,60,17,27,35,48,23,32,32,61,45,28.6,Beginner
193,80,23,58,75,62,68,64,62,68,52,59.25,Intermediate
180,73,24,66,81,68,78,68,67,87,74,66.69999999999999,Intermediate
191,83,24,67,81,52,79,49,69,76,72,63.15,Intermediate
189,79,32,65,89,54,51,60,59,75,55,56.8,Intermediate
181,78,32,69,75,67,66,78,70,71,67,62.900000000000006,Intermediate
168,60,29,65,34,90,67,88,69,58,63,58.9,Intermediate
186,85,27,72,78,66,71,60,79,71,62,63.550000000000004,Intermediate
178,73,28,82,65,73,80,75,81,60,63,67.95,Intermediate
171,65,27,69,57,88,75,75,78,51,66,63.69999999999999,Intermediate
190,72,27,80,76,53,69,63,68,75,56,63.45,Intermediate
186,81,32,88,70,60,65,64,65,85,62,64.25,Intermediate
186,81,28,72,78,55,65,39,62,79,60,58.949999999999996,Intermediate
193,83,32,22,25,40,21,55,22,55,48,26.7,Beginner
179,74,30,90,70,72,74,69,70,73,55,68.45,Intermediate
185,76,33,66,76,63,75,74,74,73,66,64.45,Intermediate
180,72,32,80,70,59,60,65,67,51,60,59.449999999999996,Intermediate
176,67,36,64,52,81,77,82,74,69,63,63.45,Intermediate
177,74,24,76,66,73,59,72,62,71,68,60.849999999999994,Intermediate
183,75,26,74,65,68,79,71,77,71,52,65.7,Intermediate
189,75,23,67,74,52,66,61,63,54,55,58.30000000000001,Intermediate
188,82,32,69,83,51,51,58,63,75,74,56.199999999999996,Intermediate
180,70,26,80,56,79,68,79,73,75,61,64.35,Intermediate
190,70,23,24,44,21,33,35,28,37,64,28.750000000000004,Beginner
178,67,28,83,59,74,72,73,73,70,55,65.25,Intermediate
186,87,28,79,84,59,48,58,42,76,61,58.29999999999999,Intermediate
182,78,29,21,68,58,46,35,45,60,66,40.5,Beginner
178,69,22,58,64,52,80,73,75,63,47,60.85,Intermediate
180,79,31,72,79,65,42,68,53,84,69,56.35000000000001,Intermediate
176,70,21,75,63,72,86,76,86,73,52,68.7,Intermediate
188,76,19,49,70,59,54,56,55,60,53,51.0,Intermediate
188,83,35,33,61,63,54,58,49,60,63,47.05,Beginner
183,80,27,60,76,64,59,53,53,72,59,56.400000000000006,Intermediate
176,71,19,65,54,72,73,76,74,71,74,61.35,Intermediate
185,80,26,61,84,52,68,62,66,73,68,60.25000000000001,Intermediate
178,63,37,61,58,84,33,69,34,56,70,48.9,Beginner
188,82,23,58,77,49,66,60,62,54,62,56.550000000000004,Intermediate
187,86,30,37,76,43,37,53,37,67,65,42.85,Beginner
183,72,17,55,58,65,75,70,68,65,57,58.95,Intermediate
180,70,19,49,40,62,68,57,69,47,38,50.45000000000001,Intermediate
189,80,27,73,78,66,72,64,78,71,42,64.45,Intermediate
186,75,19,34,62,63,75,60,72,62,40,54.00000000000001,Intermediate
185,77,25,83,76,60,69,69,69,62,72,64.69999999999999,Intermediate
186,81,23,70,79,53,64,51,63,76,66,59.25,Intermediate
177,65,33,65,57,83,75,76,70,68,66,63.35,Intermediate
184,85,31,74,80,52,54,60,49,63,57,57.35,Intermediate
175,73,25,69,56,79,85,89,90,36,65,66.3,Intermediate
176,74,22,68,56,72,64,71,66,53,62,58.15,Intermediate
183,79,24,70,64,65,86,72,81,74,63,66.8,Intermediate
173,61,21,69,28,80,68,62,66,56,57,55.400000000000006,Intermediate
185,71,23,68,77,59,63,46,52,74,59,58.25,Intermediate
182,69,31,79,69,73,83,76,79,72,70,69.55,Intermediate
176,72,27,80,59,86,80,82,80,71,57,69.2,Intermediate
184,73,34,66,76,70,55,64,50,80,67,58.5,Intermediate
175,68,23,68,60,64,78,75,81,65,59,63.15,Intermediate
178,70,34,59,62,80,74,79,76,32,65,60.8,Intermediate
182,78,27,63,70,65,65,60,67,66,65,58.4,Intermediate
190,84,29,63,83,54,81,47,57,65,54,62.70000000000001,Intermediate
185,69,38,61,65,50,32,55,34,78,62,45.949999999999996,Beginner
189,83,22,55,75,39,48,41,48,71,62,48.199999999999996,Beginner
180,82,23,70,69,66,71,59,70,54,52,60.85,Intermediate
176,70,20,70,59,82,77,84,87,74,65,66.25,Intermediate
177,74,23,69,61,52,71,59,70,54,71,58.050000000000004,Intermediate
182,76,24,73,60,70,79,77,81,64,63,65.2,Intermediate
190,84,27,65,75,57,69,55,73,63,72,59.300000000000004,Intermediate
180,85,34,63,70,65,53,60,61,67,66,54.85,Intermediate
170,71,22,83,67,84,78,83,75,78,64,70.65,Advanced
185,81,24,66,81,56,59,64,68,65,65,58.3,Intermediate
184,80,33,66,69,65,71,72,71,67,63,61.900000000000006,Intermediate
187,80,23,62,79,46,63,54,54,69,54,56.6,Intermediate
185,78,31,77,91,53,34,52,45,92,62,54.35,Intermediate
184,75,22,34,64,57,63,64,64,52,60,50.0,Intermediate
177,74,22,70,57,85,74,79,78,56,59,63.949999999999996,Intermediate
170,69,32,85,60,89,81,90,82,83,68,72.35000000000001,Advanced
180,71,21,73,69,71,63,55,63,66,55,59.75,Intermediate
179,73,30,85,65,78,69,80,71,62,81,66.35,Intermediate
168,65,23,83,61,87,77,83,81,60,72,68.85000000000001,Intermediate
173,72,30,84,71,79,73,73,75,70,65,68.05000000000001,Intermediate
169,71,32,71,60,84,69,63,69,69,68,62.050000000000004,Intermediate
185,86,26,51,89,68,77,65,79,64,53,63.150000000000006,Intermediate
189,75,23,27,44,49,30,40,33,62,69,33.0,Beginner
175,69,29,68,67,61,59,53,50,67,61,56.10000000000001,Intermediate
183,72,26,77,75,68,75,67,80,74,70,66.35000000000001,Intermediate
178,69,22,74,64,70,60,58,65,66,75,58.5,Intermediate
174,66,31,80,56,78,82,83,79,74,63,68.8,Intermediate
172,71,22,73,50,79,72,68,74,63,68,61.55,Intermediate
185,75,23,67,70,54,60,55,59,64,62,56.0,Intermediate
193,90,26,43,70,49,52,62,50,75,65,49.550000000000004,Beginner
185,80,22,30,56,45,22,30,25,66,43,31.8,Beginner
186,75,19,21,49,37,20,31,28,43,47,26.499999999999996,Beginner
182,70,30,77,67,79,75,88,78,73,74,68.30000000000001,Intermediate
186,76,18,28,53,34,21,33,15,50,38,29.050000000000004,Beginner
190,77,23,63,77,50,62,52,55,70,49,56.45,Intermediate
177,73,22,62,57,72,61,64,62,55,47,55.6,Intermediate
186,78,21,17,60,21,28,22,17,33,55,26.75,Beginner
178,73,31,66,59,73,67,70,71,60,64,59.45,Intermediate
183,75,25,65,71,65,68,60,68,66,58,59.849999999999994,Intermediate
179,78,25,61,71,63,68,59,71,76,65,59.25,Intermediate
191,81,23,30,74,31,32,43,33,57,60,36.95,Beginner
184,78,27,68,70,64,75,58,73,70,59,62.300000000000004,Intermediate
176,74,32,76,80,77,68,73,69,80,81,66.60000000000001,Intermediate
182,74,26,63,72,72,66,73,65,85,74,61.95,Intermediate
179,80,23,67,70,79,76,78,75,80,55,66.4,Intermediate
177,69,27,88,54,74,77,69,79,75,67,66.85,Intermediate
189,85,28,42,44,56,43,40,43,61,64,40.55,Beginner
173,63,24,92,60,85,64,79,72,68,75,66.4,Intermediate
170,63,31,62,60,83,83,79,78,57,66,65.35,Intermediate
190,84,32,69,76,61,61,67,68,70,62,59.800000000000004,Intermediate
169,58,22,72,35,93,70,84,74,59,73,61.3,Intermediate
178,82,23,69,70,83,91,84,90,63,56,71.45,Advanced
180,79,24,70,75,69,83,62,76,80,56,67.25,Intermediate
175,67,22,55,54,63,69,59,65,52,55,54.6,Intermediate
181,79,23,54,71,66,87,62,90,63,54,63.5,Intermediate
193,89,22,63,84,60,69,66,68,66,69,61.8,Intermediate
190,85,32,64,82,43,38,38,35,70,65,48.099999999999994,Beginner
180,76,33,76,71,70,75,73,72,63,64,65.80000000000001,Intermediate
191,76,20,55,63,66,67,57,66,71,48,56.4,Intermediate
178,74,27,69,67,69,55,69,65,62,64,57.25,Intermediate
178,72,21,72,48,69,54,69,63,55,57,54.349999999999994,Intermediate
187,76,21,23,48,36,28,39,22,46,44,30.000000000000004,Beginner
181,67,21,70,61,82,92,90,92,66,71,71.24999999999999,Advanced
180,67,22,73,63,70,65,72,71,63,67,60.9,Intermediate
178,72,32,65,64,75,77,83,80,78,66,65.4,Intermediate
188,83,40,34,62,51,50,60,55,82,67,46.300000000000004,Beginner
190,77,22,53,62,50,58,55,58,60,67,50.8,Intermediate
174,70,33,55,66,85,76,83,83,74,67,64.2,Intermediate
181,74,30,65,79,51,54,38,55,77,67,53.8,Intermediate
187,82,25,73,80,57,59,43,52,74,77,58.0,Intermediate
170,66,19,76,66,67,69,67,70,41,57,61.25,Intermediate
171,64,30,65,61,74,70,72,74,74,59,61.45,Intermediate
173,74,22,69,62,75,78,74,76,46,71,63.699999999999996,Intermediate
187,75,23,16,41,49,15,31,23,64,41,25.05,Beginner
181,78,37,58,78,75,66,67,71,82,64,61.400000000000006,Intermediate
183,81,31,74,69,63,72,73,67,71,63,63.89999999999999,Intermediate
185,71,27,45,51,56,34,41,39,69,70,40.0,Beginner
187,82,28,40,68,59,59,59,61,65,52,50.949999999999996,Intermediate
191,75,21,62,65,54,68,62,62,68,55,57.55,Intermediate
184,75,25,71,67,62,70,72,67,47,54,61.00000000000001,Intermediate
185,77,23,23,45,49,30,44,39,69,35,33.1,Beginner
172,70,25,79,68,85,79,82,77,69,75,69.85000000000001,Intermediate
193,80,31,75,84,56,87,69,84,90,74,70.69999999999999,Advanced
180,75,26,74,70,69,67,71,67,66,67,62.699999999999996,Intermediate
177,79,30,66,84,70,81,73,82,73,67,68.05000000000001,Intermediate
191,84,24,67,82,55,66,51,62,61,75,59.15,Intermediate
178,76,27,85,60,68,78,72,75,59,70,66.35000000000001,Intermediate
180,61,23,71,65,68,58,43,46,67,75,55.800000000000004,Intermediate
194,82,29,33,70,26,45,40,40,65,60,40.45,Beginner
182,65,29,69,56,74,84,83,82,66,65,66.4,Intermediate
175,60,25,68,57,83,71,82,70,81,59,64.0,Intermediate
183,80,36,55,69,65,33,51,33,74,61,46.550000000000004,Beginner
183,75,23,28,53,50,41,52,42,72,50,39.65,Beginner
191,79,25,65,74,55,67,52,57,62,60,58.0,Intermediate
193,90,21,36,43,33,50,35,55,58,61,38.349999999999994,Beginner
175,65,21,55,52,78,55,61,62,62,49,52.300000000000004,Intermediate
171,69,24,74,38,83,76,73,80,58,71,61.800000000000004,Intermediate
181,66,23,71,64,72,70,75,73,58,60,62.400000000000006,Intermediate
187,73,23,70,63,62,67,62,70,52,49,58.550000000000004,Intermediate
183,80,34,77,70,61,52,58,50,72,67,57.0,Intermediate
183,80,20,60,67,58,57,52,66,57,55,53.00000000000001,Intermediate
175,70,24,92,68,86,92,82,90,70,67,76.5,Advanced
189,83,23,68,78,60,63,69,61,49,70,59.550000000000004,Intermediate
196,89,32,59,92,29,38,30,42,45,66,45.15,Beginner
175,65,25,65,59,78,78,72,73,50,44,62.75,Intermediate
170,70,29,74,59,83,83,89,89,81,69,69.8,Intermediate
192,79,30,72,90,65,68,48,60,73,71,63.24999999999999,Intermediate
179,69,29,83,67,73,78,81,76,61,65,68.5,Intermediate
183,79,26,83,83,70,78,77,76,80,72,71.15,Advanced
179,74,30,72,64,70,69,64,68,71,68,61.65,Intermediate
172,66,27,58,56,59,70,72,70,57,62,56.95,Intermediate
194,90,32,67,81,42,69,55,53,78,84,59.85,Intermediate
178,63,26,76,56,71,78,76,77,57,58,64.55,Intermediate
178,75,30,85,80,77,73,66,68,76,71,69.0,Intermediate
191,75,30,68,86,47,60,62,58,70,70,58.900000000000006,Intermediate
179,72,25,63,59,68,61,65,62,67,57,56.4,Intermediate
190,85,36,61,81,53,55,55,45,87,80,56.00000000000001,Intermediate
175,66,31,39,40,77,68,69,68,55,55,51.550000000000004,Intermediate
188,70,27,34,56,44,43,34,43,54,63,38.6,Beginner
191,88,31,30,77,43,32,38,34,46,54,37.55,Beginner
186,81,21,66,68,48,66,54,63,62,59,56.50000000000001,Intermediate
175,72,34,82,60,75,68,73,61,60,64,63.599999999999994,Intermediate
177,84,31,58,65,66,64,60,53,67,60,56.5,Intermediate
179,63,19,53,48,68,60,63,65,54,54,51.599999999999994,Intermediate
181,73,22,71,59,62,79,74,76,58,56,63.25,Intermediate
191,81,30,65,87,39,83,62,77,80,85,65.05,Intermediate
193,82,20,17,55,28,20,31,26,41,45,25.6,Beginner
180,72,32,67,73,67,55,63,54,81,67,57.89999999999999,Intermediate
186,74,24,69,73,59,55,45,63,72,62,55.25,Intermediate
170,60,19,49,31,76,64,61,60,46,48,49.65,Beginner
187,84,32,31,58,38,51,48,51,66,74,42.099999999999994,Beginner
186,76,32,87,75,58,76,59,75,70,62,66.65,Intermediate
182,75,31,81,66,68,79,71,77,72,73,67.3,Intermediate
173,65,23,47,57,70,53,57,64,52,62,49.15,Beginner
188,80,20,76,81,65,86,69,81,80,63,70.55,Advanced
194,88,23,25,79,29,29,38,32,70,75,35.75,Beginner
178,75,27,51,57,69,59,64,32,81,60,53.79999999999999,Intermediate
181,72,24,69,68,64,76,69,74,69,62,63.55,Intermediate
190,78,27,30,55,31,34,28,37,70,65,33.85,Beginner
187,84,20,64,67,64,67,65,70,64,56,59.05,Intermediate
185,74,20,67,47,71,73,80,74,68,68,60.849999999999994,Intermediate
181,74,28,68,80,69,55,56,53,80,72,58.6,Intermediate
177,77,25,79,70,68,73,70,74,70,67,65.5,Intermediate
190,70,30,70,73,56,43,52,48,66,56,51.949999999999996,Intermediate
185,83,20,26,45,56,21,26,26,51,45,29.000000000000004,Beginner
170,65,20,47,36,65,67,74,73,54,42,51.5,Intermediate
182,67,35,85,62,72,73,72,71,69,72,66.05,Intermediate
177,74,31,69,62,68,71,71,73,49,63,60.75,Intermediate
183,79,33,62,80,59,55,49,51,75,72,55.449999999999996,Intermediate
184,83,34,78,73,67,78,64,68,69,71,66.5,Intermediate
179,69,24,76,74,57,68,67,68,77,49,62.95000000000001,Intermediate
178,76,22,67,59,67,63,72,69,64,56,58.25000000000001,Intermediate
190,75,21,23,53,27,20,29,21,36,36,25.950000000000003,Beginner
173,61,22,55,53,82,75,72,76,57,56,59.70000000000001,Intermediate
191,80,26,70,78,64,88,62,82,74,61,68.4,Intermediate
180,72,22,67,66,67,71,70,74,53,68,60.95,Intermediate
186,75,23,71,72,70,66,66,67,62,65,61.5,Intermediate
175,72,30,81,80,72,86,80,82,81,60,73.25,Advanced
186,88,29,82,79,66,52,63,53,68,68,60.150000000000006,Intermediate
173,70,30,79,62,80,71,80,73,81,60,66.45,Intermediate
175,65,23,74,53,78,75,67,74,59,65,62.7,Intermediate
172,70,25,55,51,70,74,65,74,44,55,56.550000000000004,Intermediate
185,82,29,61,70,77,77,77,74,70,64,64.7,Intermediate
186,76,22,33,62,35,45,44,47,56,60,40.099999999999994,Beginner
173,73,28,89,68,79,72,76,74,61,66,68.14999999999999,Intermediate
185,82,25,64,73,52,65,56,61,70,60,57.550000000000004,Intermediate
164,63,21,66,44,83,84,78,89,66,58,64.39999999999999,Intermediate
177,71,23,71,54,78,64,77,73,60,52,60.0,Intermediate
170,62,24,71,49,77,86,84,87,51,67,66.0,Intermediate
180,75,30,64,73,73,51,72,53,77,68,57.4,Intermediate
180,80,26,52,48,67,65,66,65,53,53,53.05,Intermediate
175,78,27,73,68,71,79,80,78,32,71,65.2,Intermediate
172,73,23,65,56,79,77,70,74,71,55,62.94999999999999,Intermediate
183,78,19,58,60,60,67,67,72,60,50,56.400000000000006,Intermediate
180,79,32,80,80,63,88,76,89,90,65,72.8,Advanced
180,74,32,70,68,77,55,67,61,82,73,59.20000000000001,Intermediate
180,71,28,76,70,74,67,73,67,64,64,63.699999999999996,Intermediate
175,76,29,73,69,65,75,73,75,56,60,64.05,Intermediate
185,78,22,64,64,68,64,57,67,52,55,56.70000000000001,Intermediate
184,72,21,63,60,60,61,62,61,63,58,55.25000000000001,Intermediate
190,80,25,83,72,74,80,63,78,87,65,69.45,Intermediate
180,73,27,68,65,65,70,74,70,68,58,61.65,Intermediate
185,77,29,77,80,68,84,74,79,92,72,71.39999999999999,Advanced
187,82,20,22,50,33,17,50,29,47,61,27.650000000000002,Beginner
194,82,28,31,63,31,48,44,45,65,60,40.8,Beginner
186,86,32,50,77,52,53,48,48,77,65,51.300000000000004,Intermediate
184,76,28,83,66,65,75,75,77,61,69,66.05,Intermediate
169,65,26,66,42,79,74,83,72,60,67,60.9,Intermediate
170,69,27,72,49,91,79,91,83,72,60,67.25,Intermediate
177,89,35,66,80,82,63,69,68,71,74,62.75,Intermediate
181,72,25,66,65,70,90,81,90,69,56,68.50000000000001,Intermediate
188,75,24,67,82,61,72,65,64,69,63,63.35,Intermediate
179,73,34,77,63,69,65,69,63,47,63,60.49999999999999,Intermediate
192,80,25,52,77,57,67,69,65,62,67,57.75,Intermediate
184,83,34,90,75,63,58,62,53,85,63,63.400000000000006,Intermediate
181,72,24,43,55,71,84,74,85,60,43,59.55,Intermediate
188,85,32,77,84,43,69,36,49,81,60,60.65,Intermediate
192,83,26,26,70,35,27,37,27,33,56,32.65,Beginner
183,82,36,72,81,64,66,74,62,83,62,64.3,Intermediate
186,68,23,68,47,60,62,64,66,50,60,54.15,Intermediate
191,82,32,42,67,43,52,52,47,51,61,46.099999999999994,Beginner
182,74,30,80,77,54,75,66,71,76,64,65.85,Intermediate
191,76,26,72,70,45,66,50,52,61,54,57.25,Intermediate
186,72,23,80,83,76,89,78,85,49,62,73.0,Advanced
191,86,26,73,85,65,83,62,75,78,74,68.85000000000001,Intermediate
180,82,25,72,81,63,72,67,74,59,58,64.10000000000001,Intermediate
191,79,33,30,49,57,49,34,45,58,76,40.05,Beginner
180,73,23,66,47,78,86,83,85,34,69,63.849999999999994,Intermediate
178,75,21,58,60,67,69,66,69,64,58,57.800000000000004,Intermediate
173,72,25,82,76,78,51,74,61,85,73,62.55,Intermediate
185,78,21,54,60,67,76,69,81,65,55,59.45,Intermediate
193,79,22,29,58,26,46,31,47,45,64,36.25,Beginner
171,66,34,56,50,82,69,77,71,54,71,58.00000000000001,Intermediate
177,68,23,69,52,72,72,62,74,65,62,59.85,Intermediate
184,68,27,75,66,63,72,72,70,59,56,62.95,Intermediate
179,75,30,68,74,40,38,60,34,72,53,49.7,Beginner
182,75,27,82,76,75,79,72,79,79,70,70.15,Advanced
189,78,31,82,81,65,63,64,67,60,72,63.349999999999994,Intermediate
188,85,19,70,75,49,58,56,63,72,59,56.75,Intermediate
175,77,35,55,56,78,68,82,77,32,75,57.4,Intermediate
183,74,27,65,79,63,71,65,73,72,58,62.550000000000004,Intermediate
188,90,34,68,84,60,85,68,75,61,63,67.55,Intermediate
175,71,24,62,45,75,83,83,83,46,53,62.14999999999999,Intermediate
177,73,19,49,42,50,55,56,55,46,61,45.5,Beginner
197,90,28,28,72,24,29,30,21,35,50,32.25,Beginner
171,65,22,71,49,83,70,69,68,55,42,60.5,Intermediate
177,72,19,43,34,80,79,84,83,34,50,55.5,Intermediate
173,71,29,78,68,78,85,75,82,82,62,70.69999999999999,Advanced
185,70,24,73,60,64,62,66,64,60,58,58.2,Intermediate
173,72,27,69,72,77,78,73,90,50,77,65.5,Intermediate
178,70,28,72,34,78,55,77,65,50,76,54.0,Intermediate
175,70,31,61,58,80,66,69,69,50,63,58.1,Intermediate
198,73,25,31,68,24,31,51,30,58,69,36.1,Beginner
177,73,28,73,66,73,81,72,83,88,69,67.70000000000002,Intermediate
195,94,23,81,93,74,94,76,82,74,89,77.05,Advanced
188,72,30,31,67,41,43,51,48,75,72,42.1,Beginner
188,80,35,77,85,56,52,63,50,70,69,59.15,Intermediate
183,80,30,81,73,64,68,62,67,68,69,63.55,Intermediate
183,77,24,72,71,73,74,69,70,75,61,65.2,Intermediate
180,66,20,71,50,72,69,75,76,74,55,60.800000000000004,Intermediate
193,88,26,39,70,58,46,34,49,61,73,44.349999999999994,Beginner
188,80,31,64,84,69,67,61,67,80,63,62.5,Intermediate
178,69,19,68,59,52,63,64,66,49,51,55.400000000000006,Intermediate
190,96,21,29,61,31,36,32,35,60,60,35.05,Beginner
187,81,21,62,74,56,55,65,62,82,59,56.2,Intermediate
179,86,30,70,59,67,73,70,73,58,58,61.35,Intermediate
184,73,28,62,78,57,64,60,62,81,67,59.05,Intermediate
185,70,26,65,74,77,63,73,67,62,71,61.1,Intermediate
182,70,20,58,65,69,79,67,74,72,47,62.25,Intermediate
185,80,34,80,85,48,50,35,48,83,74,56.199999999999996,Intermediate
174,71,28,67,52,80,75,63,75,55,58,60.75,Intermediate
192,80,27,20,42,29,29,32,15,33,48,26.75,Beginner
188,72,24,29,52,31,26,30,31,42,42,29.600000000000005,Beginner
185,70,25,76,71,68,87,77,78,85,73,70.7,Advanced
179,78,30,60,68,60,68,76,75,65,63,59.449999999999996,Intermediate
184,80,32,69,65,62,69,70,60,69,67,60.900000000000006,Intermediate
188,70,25,70,73,42,67,60,74,77,59,59.1,Intermediate
185,78,29,70,73,66,73,69,70,63,62,63.49999999999999,Intermediate
179,75,23,53,59,61,62,63,70,55,62,53.199999999999996,Intermediate
188,79,25,67,74,61,74,67,70,71,62,63.050000000000004,Intermediate
184,74,29,81,73,67,66,68,63,61,82,63.5,Intermediate
183,63,28,62,56,68,76,73,78,49,58,60.150000000000006,Intermediate
178,69,34,84,61,71,79,68,79,76,61,67.35000000000001,Intermediate
185,77,24,76,75,62,60,63,77,69,57,60.400000000000006,Intermediate
187,84,26,74,78,64,70,62,73,75,49,63.85,Intermediate
185,78,26,62,54,56,56,53,52,53,55,50.85000000000001,Intermediate
176,73,18,61,54,70,64,56,64,62,54,55.2,Intermediate
176,67,18,54,43,76,76,76,78,56,55,58.050000000000004,Intermediate
175,70,22,70,63,85,69,85,74,61,66,64.2,Intermediate
189,80,25,53,81,43,52,50,45,70,61,51.15,Intermediate
180,74,20,60,55,65,64,64,64,64,60,55.550000000000004,Intermediate
165,61,24,61,44,89,87,88,85,59,55,65.55,Intermediate
178,70,28,82,70,72,67,71,73,90,62,65.80000000000001,Intermediate
179,71,22,23,37,50,24,38,21,61,59,29.200000000000003,Beginner
180,72,18,57,45,71,64,72,65,52,45,54.25000000000001,Intermediate
174,70,29,83,66,75,67,74,69,50,73,64.0,Intermediate
178,71,25,78,72,74,76,70,72,70,64,67.1,Intermediate
191,82,27,40,67,58,56,49,53,81,76,49.599999999999994,Beginner
174,68,27,76,42,78,81,88,78,78,59,66.3,Intermediate
182,77,22,27,52,42,18,38,27,61,51,29.650000000000002,Beginner
169,56,24,65,33,85,63,82,68,55,73,56.300000000000004,Intermediate
188,70,27,67,77,58,74,58,65,71,67,62.3,Intermediate
182,80,21,55,68,57,66,62,65,68,58,56.300000000000004,Intermediate
176,83,30,75,69,63,90,75,90,61,65,69.2,Intermediate
175,65,21,58,52,70,81,77,82,54,64,61.10000000000001,Intermediate
185,73,22,73,63,78,76,84,78,61,68,66.10000000000001,Intermediate
175,62,28,73,46,71,74,70,74,57,51,60.65,Intermediate
190,81,29,39,68,38,44,67,42,74,82,45.4,Beginner
173,68,29,79,61,72,73,76,76,64,58,64.85000000000001,Intermediate
176,61,22,65,47,73,82,76,82,45,56,61.8,Intermediate
181,80,19,76,74,68,66,65,68,70,55,62.900000000000006,Intermediate
170,68,20,64,72,72,88,57,80,65,42,66.15,Intermediate
180,79,20,64,68,58,80,60,81,66,54,62.099999999999994,Intermediate
189,78,21,69,75,55,65,41,62,69,53,57.6,Intermediate
183,75,27,70,67,64,76,73,80,75,67,64.29999999999998,Intermediate
178,71,24,70,60,91,81,92,79,65,72,68.85,Intermediate
180,78,27,68,72,67,62,67,67,76,62,60.2,Intermediate
194,83,26,69,79,41,72,52,54,63,50,59.7,Intermediate
185,72,24,71,62,65,70,64,66,58,67,60.3,Intermediate
193,87,22,26,55,45,25,33,22,65,60,32.0,Beginner
186,80,23,65,70,56,69,63,72,72,63,59.7,Intermediate
187,82,34,35,71,36,34,33,37,65,66,38.0,Beginner
191,83,29,89,82,48,67,56,61,70,70,64.1,Intermediate
190,84,28,25,47,26,24,25,24,40,54,26.35,Beginner
194,79,25,21,56,20,20,22,18,37,58,24.650000000000002,Beginner
179,67,21,57,49,68,71,67,73,48,41,55.95000000000001,Intermediate
177,65,20,53,40,75,70,71,73,45,56,54.45,Intermediate
183,75,20,60,62,68,66,60,67,63,49,57.050000000000004,Intermediate
194,88,30,56,86,32,53,33,50,55,60,49.25,Beginner
178,78,21,59,58,59,60,68,60,66,54,54.49999999999999,Intermediate
182,74,19,22,47,49,16,23,27,57,47,26.300000000000004,Beginner
183,82,29,72,73,71,63,70,68,67,61,61.7,Intermediate
179,81,32,69,49,74,52,58,61,61,66,52.99999999999999,Intermediate
179,70,29,71,67,79,77,77,77,70,74,66.44999999999999,Intermediate
184,68,21,78,68,63,75,57,74,75,66,64.05,Intermediate
181,66,26,71,62,79,75,81,81,44,63,64.2,Intermediate
193,85,31,76,86,40,49,31,48,33,60,51.55,Intermediate
177,72,30,75,63,70,84,81,84,72,62,68.35,Intermediate
192,83,35,67,86,58,62,52,52,75,79,59.650000000000006,Intermediate
177,75,22,63,74,74,36,58,64,66,62,50.99999999999999,Intermediate
187,78,29,71,69,54,69,61,67,71,61,60.3,Intermediate
169,67,23,52,39,82,68,76,77,56,56,55.25,Intermediate
181,82,33,71,81,61,74,63,64,71,59,64.5,Intermediate
188,76,29,71,75,61,75,63,62,62,59,63.45,Intermediate
180,74,19,59,62,59,64,64,67,56,60,55.39999999999999,Intermediate
176,65,25,54,50,75,60,66,62,55,60,53.15,Intermediate
170,65,21,57,60,70,58,53,60,53,51,52.74999999999999,Intermediate
185,75,20,68,69,56,66,57,61,60,58,58.05000000000001,Intermediate
178,64,32,81,64,69,71,67,70,85,57,64.95,Intermediate
181,74,28,76,80,73,91,85,90,80,63,74.3,Advanced
167,64,23,60,55,88,73,82,84,40,66,61.150000000000006,Intermediate
188,87,32,81,86,47,54,55,45,61,69,58.55,Intermediate
180,79,31,68,71,71,70,68,74,72,67,62.75,Intermediate
180,72,22,72,61,63,67,68,62,58,65,59.65,Intermediate
179,75,33,77,76,70,74,71,72,81,63,67.15,Intermediate
193,83,23,31,70,33,28,37,33,61,69,35.15,Beginner
168,61,19,58,34,87,75,74,75,44,42,57.50000000000001,Intermediate
171,68,28,88,41,86,84,85,91,60,58,69.05,Intermediate
177,73,36,53,66,70,49,53,56,77,65,51.35,Intermediate
196,78,36,37,65,34,40,38,40,55,68,39.099999999999994,Beginner
182,75,37,91,83,61,55,77,53,78,58,64.85000000000001,Intermediate
189,89,31,68,77,66,64,59,51,70,72,60.349999999999994,Intermediate
179,74,22,50,56,57,69,55,66,55,48,53.050000000000004,Intermediate
189,86,33,72,87,55,47,52,43,90,76,56.75,Intermediate
184,70,20,60,55,65,75,70,70,60,49,59.25,Intermediate
175,70,18,50,52,64,53,58,51,64,56,49.1,Beginner
187,86,25,80,84,77,81,70,75,65,73,70.85,Advanced
178,72,27,81,64,71,77,66,79,68,65,66.0,Intermediate
181,75,33,72,61,69,66,76,63,84,74,62.050000000000004,Intermediate
187,85,23,58,82,48,58,50,52,71,68,54.64999999999999,Intermediate
183,83,34,71,74,61,60,68,66,80,60,60.20000000000001,Intermediate
180,88,27,91,85,84,83,66,80,91,76,75.39999999999999,Advanced
196,92,31,66,91,71,69,34,54,41,59,60.099999999999994,Intermediate
179,70,24,58,57,72,76,70,76,61,65,60.2,Intermediate
170,67,31,80,70,79,81,78,82,80,64,70.5,Advanced
185,75,23,62,63,60,63,60,61,62,58,55.85,Intermediate
184,83,22,59,73,68,75,70,72,74,56,62.75,Intermediate
183,73,22,62,67,69,62,71,64,55,59,57.8,Intermediate
185,75,29,64,78,55,52,63,34,67,71,55.24999999999999,Intermediate
191,87,35,40,69,40,37,39,32,58,62,40.25,Beginner
188,84,27,67,80,63,77,65,69,82,64,65.39999999999999,Intermediate
193,79,22,19,63,27,18,29,15,36,50,26.049999999999997,Beginner
195,86,20,63,79,38,62,48,55,67,51,54.99999999999999,Intermediate
181,72,36,55,66,68,65,61,60,62,66,56.4,Intermediate
178,75,27,73,76,80,77,81,76,66,64,68.5,Intermediate
188,85,26,67,75,57,71,61,66,77,55,61.60000000000001,Intermediate
180,69,33,49,53,67,61,56,54,56,52,51.15,Intermediate
179,78,32,51,63,67,67,75,81,64,62,57.150000000000006,Intermediate
185,75,23,64,62,66,63,60,64,63,58,56.75,Intermediate
173,68,29,64,64,77,70,73,72,53,62,61.050000000000004,Intermediate
187,88,39,35,70,36,38,42,46,65,67,39.95,Beginner
178,74,30,90,71,78,72,78,74,82,58,69.94999999999999,Intermediate
185,73,26,91,72,58,83,66,83,31,66,67.85,Intermediate
182,76,29,28,47,59,46,37,42,64,55,39.25,Beginner
178,69,30,78,76,72,72,75,69,59,74,66.25,Intermediate
186,82,32,78,82,59,79,67,65,90,68,68.7,Intermediate
174,64,20,54,43,79,54,56,55,56,64,49.75,Beginner
176,68,21,58,50,78,74,69,77,58,53,58.9,Intermediate
166,70,26,71,65,84,82,87,87,87,66,70.0,Advanced
178,68,20,75,61,84,72,84,75,60,62,65.54999999999998,Intermediate
181,71,20,58,53,74,80,76,77,53,58,61.199999999999996,Intermediate
172,78,21,48,55,68,60,63,58,62,55,52.050000000000004,Intermediate
177,72,28,84,60,72,82,81,84,57,79,68.55,Intermediate
180,60,28,57,67,74,63,54,65,72,56,56.74999999999999,Intermediate
177,73,28,79,61,66,77,71,82,47,60,64.1,Intermediate
193,78,20,63,64,45,60,45,61,72,44,52.800000000000004,Intermediate
179,74,26,74,70,67,72,72,76,59,66,63.75000000000001,Intermediate
182,73,25,60,56,80,39,74,50,54,63,50.2,Intermediate
188,90,25,29,67,23,22,21,30,55,62,29.6,Beginner
187,80,29,69,76,60,63,60,54,76,78,59.9,Intermediate
194,90,24,27,56,56,33,38,22,55,52,35.85,Beginner
177,68,20,67,61,71,69,68,68,62,62,60.25,Intermediate
185,78,22,57,70,62,55,42,60,73,49,52.45,Intermediate
170,65,17,53,49,63,65,60,59,78,53,53.65,Intermediate
173,64,24,52,34,80,68,49,53,53,50,51.449999999999996,Intermediate
179,72,26,90,65,73,82,81,82,71,65,71.3,Advanced
175,71,23,64,48,73,68,69,72,69,63,58.05000000000001,Intermediate
183,72,22,76,56,68,90,75,87,58,68,67.80000000000001,Intermediate
171,69,23,83,47,91,78,91,86,49,82,67.7,Intermediate
183,73,26,67,73,68,68,70,75,67,71,61.9,Intermediate
174,70,30,90,66,73,73,67,71,70,45,67.3,Intermediate
177,78,21,66,60,65,74,78,78,53,69,61.35,Intermediate
187,68,35,70,80,57,52,61,47,74,55,57.10000000000001,Intermediate
174,72,27,61,65,81,53,76,57,67,64,56.900000000000006,Intermediate
183,79,27,66,68,62,76,66,73,55,65,61.75000000000001,Intermediate
187,85,26,60,81,34,73,44,65,73,50,57.49999999999999,Intermediate
176,74,38,36,60,71,64,59,66,61,58,51.449999999999996,Intermediate
184,74,29,72,72,70,68,73,66,74,79,63.599999999999994,Intermediate
186,80,23,71,78,62,68,67,70,73,61,62.85,Intermediate
193,86,21,60,88,49,69,51,68,64,57,59.10000000000001,Intermediate
177,73,31,54,74,68,78,67,57,75,65,62.55000000000001,Intermediate
192,92,30,23,68,25,30,31,20,39,51,31.35,Beginner
187,77,25,69,74,54,69,58,60,58,62,59.7,Intermediate
187,80,23,58,71,58,63,55,59,82,67,56.550000000000004,Intermediate
185,74,35,55,66,62,73,74,70,66,65,59.699999999999996,Intermediate
178,77,26,56,63,71,80,77,77,37,54,61.30000000000001,Intermediate
179,71,30,59,50,61,69,59,71,69,54,55.45,Intermediate
168,60,20,60,37,88,68,75,75,48,39,56.65,Intermediate
186,70,29,58,72,69,72,71,72,76,60,61.8,Intermediate
180,79,29,77,82,72,80,75,78,87,63,70.74999999999999,Advanced
183,87,26,62,80,53,53,47,54,70,63,53.8,Intermediate
168,60,21,64,42,86,65,74,79,61,66,57.64999999999999,Intermediate
185,82,26,80,78,64,67,63,57,73,67,64.14999999999999,Intermediate
180,75,19,44,54,58,66,60,64,43,50,50.65,Intermediate
191,82,25,34,60,32,32,35,31,58,68,35.0,Beginner
184,71,26,84,77,62,67,67,73,41,62,63.4,Intermediate
185,64,25,75,73,62,52,65,47,69,66,57.7,Intermediate
180,72,30,83,68,62,72,81,73,59,58,65.65,Intermediate
180,73,29,66,83,75,79,73,78,85,64,68.39999999999999,Intermediate
174,69,32,91,65,86,85,88,85,71,79,74.39999999999999,Advanced
179,72,31,59,52,79,65,76,71,64,65,57.800000000000004,Intermediate
170,62,33,74,51,88,54,81,67,81,68,59.599999999999994,Intermediate
183,79,29,44,57,50,41,39,41,66,49,41.849999999999994,Beginner
170,67,31,65,45,86,77,80,79,66,68,62.74999999999999,Intermediate
184,81,32,36,73,62,64,67,63,82,82,54.35,Intermediate
179,70,29,72,69,73,75,75,77,67,72,65.39999999999999,Intermediate
184,76,22,76,69,68,68,68,67,74,65,63.25,Intermediate
191,84,24,76,83,46,55,40,53,63,63,55.900000000000006,Intermediate
182,77,25,75,67,71,69,71,75,57,67,62.800000000000004,Intermediate
185,80,31,78,71,72,79,82,73,87,65,69.69999999999999,Intermediate
181,73,33,83,76,70,68,59,66,81,60,65.35,Intermediate
181,70,25,79,49,82,83,85,83,66,68,68.05,Intermediate
183,75,24,66,58,58,85,76,84,52,54,63.40000000000001,Intermediate
185,75,21,27,44,44,17,38,29,60,38,28.300000000000004,Beginner
181,72,21,64,63,68,68,74,69,65,69,60.10000000000001,Intermediate
176,76,30,70,75,76,60,73,63,88,67,62.55,Intermediate
185,82,31,86,78,46,61,59,58,52,66,60.300000000000004,Intermediate
193,84,28,68,85,49,70,44,68,67,67,60.0,Intermediate
188,78,27,62,76,55,63,64,62,82,69,58.699999999999996,Intermediate
182,68,19,70,65,85,69,80,78,76,66,64.75,Intermediate
185,80,23,87,73,58,61,70,65,86,62,63.75,Intermediate
182,74,27,68,64,78,76,80,75,58,78,64.70000000000002,Intermediate
196,80,25,68,82,53,78,53,67,77,72,63.74999999999999,Intermediate
185,76,20,58,66,58,68,56,62,72,58,56.9,Intermediate
189,79,27,68,70,62,72,68,70,58,58,61.6,Intermediate
183,78,24,59,75,61,53,52,60,83,55,54.400000000000006,Intermediate
180,76,22,48,76,60,33,53,34,73,63,45.85,Beginner
173,72,24,80,57,83,69,70,67,63,59,63.699999999999996,Intermediate
184,80,26,38,40,42,25,30,26,64,51,31.5,Beginner
175,75,31,86,84,86,79,80,79,82,72,74.19999999999999,Advanced
174,70,23,74,65,78,75,73,74,58,58,65.05,Intermediate
182,70,20,57,65,62,65,68,69,83,59,57.800000000000004,Intermediate
170,69,32,70,70,77,44,67,55,40,60,54.10000000000001,Intermediate
172,75,33,82,62,81,71,73,75,83,72,66.55,Intermediate
178,73,25,58,58,69,72,66,67,57,68,58.25000000000001,Intermediate
185,75,24,59,76,58,65,50,59,84,65,57.7,Intermediate
192,79,22,23,51,41,22,26,19,57,54,28.400000000000002,Beginner
181,81,28,70,70,72,76,69,68,69,69,64.85,Intermediate
194,95,24,65,87,54,85,60,68,75,75,66.69999999999999,Intermediate
172,74,26,73,61,61,75,72,74,80,56,63.550000000000004,Intermediate
165,64,24,67,63,78,57,77,62,57,75,58.300000000000004,Intermediate
185,87,37,65,76,53,36,48,36,67,57,48.65,Beginner
175,65,23,68,54,80,69,74,72,56,60,60.599999999999994,Intermediate
176,71,21,72,62,75,73,76,69,58,60,63.599999999999994,Intermediate
188,74,24,65,76,62,74,58,70,81,58,62.650000000000006,Intermediate
184,74,33,71,68,68,81,69,79,57,56,65.25,Intermediate
185,75,23,48,66,57,61,51,58,74,62,52.30000000000001,Intermediate
191,85,33,60,83,59,55,59,48,72,67,56.35,Intermediate
175,73,23,74,64,81,74,78,82,78,60,66.4,Intermediate
185,78,26,43,54,48,48,30,38,58,48,41.800000000000004,Beginner
183,81,30,79,78,67,67,67,58,80,70,65.0,Intermediate
190,83,26,61,70,64,50,45,51,51,51,51.15,Intermediate
188,78,26,69,64,59,64,36,66,80,54,56.1,Intermediate
173,61,21,68,58,75,53,78,74,51,58,56.05,Intermediate
185,75,28,53,63,39,57,37,51,67,56,48.1,Beginner
184,78,29,43,55,43,37,37,41,74,75,39.65,Beginner
183,76,25,94,83,68,61,58,66,85,79,66.39999999999999,Intermediate
199,99,31,61,95,58,71,50,54,82,53,62.65,Intermediate
186,80,34,75,83,75,66,64,58,76,73,64.95,Intermediate
182,75,26,74,69,64,71,61,69,71,68,62.5,Intermediate
185,75,23,75,78,62,79,67,72,83,60,67.45000000000002,Intermediate
190,82,23,45,70,46,72,75,57,55,54,55.949999999999996,Intermediate
177,67,19,58,35,78,73,71,72,64,50,56.85000000000001,Intermediate
178,70,23,37,59,72,74,67,75,79,74,56.30000000000001,Intermediate
171,67,29,71,40,85,73,76,81,53,48,60.85,Intermediate
172,64,20,64,49,80,83,85,83,62,44,64.65,Intermediate
165,60,22,80,47,85,91,79,90,61,62,69.8,Intermediate
191,78,24,68,74,52,65,55,59,54,66,57.60000000000001,Intermediate
182,76,29,75,81,69,70,68,68,72,66,65.45,Intermediate
188,77,38,55,81,42,73,67,73,67,75,59.300000000000004,Intermediate
181,76,33,74,71,54,57,64,52,78,64,58.24999999999999,Intermediate
189,75,22,70,65,52,60,57,55,56,63,55.45,Intermediate
187,71,19,52,51,49,71,62,69,42,57,52.550000000000004,Intermediate
188,86,30,52,82,57,60,52,54,57,60,54.45,Intermediate
182,78,26,68,74,72,76,66,62,81,68,65.35000000000001,Intermediate
192,81,24,24,60,21,31,37,20,32,56,30.500000000000004,Beginner
185,75,23,68,65,61,68,57,72,63,58,58.7,Intermediate
189,74,22,48,73,53,50,43,48,48,55,47.54999999999999,Beginner
182,79,31,84,77,72,71,72,73,91,77,68.6,Intermediate
181,73,22,80,56,79,72,77,75,64,60,64.8,Intermediate
185,76,21,64,72,57,73,61,71,76,55,61.1,Intermediate
168,61,21,51,46,85,66,73,69,45,44,54.95,Intermediate
183,75,33,72,74,61,64,65,68,71,62,60.85,Intermediate
185,72,25,32,40,60,58,68,54,65,63,45.849999999999994,Beginner
184,79,27,32,73,39,33,45,36,61,66,38.699999999999996,Beginner
176,70,23,65,65,69,67,65,68,71,63,59.79999999999999,Intermediate
176,71,21,68,59,66,75,76,72,65,56,62.400000000000006,Intermediate
187,82,33,34,56,45,47,52,46,68,62,42.4,Beginner
190,84,27,23,66,29,28,25,24,45,58,30.549999999999997,Beginner
185,79,34,80,84,69,66,68,71,76,59,65.9,Intermediate
182,77,33,61,63,70,61,64,51,66,70,56.65,Intermediate
178,69,27,69,61,65,59,68,67,56,69,56.75,Intermediate
188,83,26,85,76,50,54,58,62,65,62,58.650000000000006,Intermediate
189,83,27,82,87,45,64,56,59,64,76,61.95,Intermediate
189,86,29,62,85,54,50,59,50,64,59,54.65,Intermediate
193,86,23,64,81,38,47,40,55,70,62,50.349999999999994,Intermediate
176,71,34,84,70,77,84,77,81,62,63,71.0,Advanced
180,74,35,90,76,73,66,76,69,90,70,68.6,Intermediate
176,65,23,78,68,80,82,78,83,56,78,69.0,Intermediate
171,67,30,77,41,88,82,89,84,50,81,66.35,Intermediate
190,76,27,70,76,56,79,58,65,89,80,64.95,Intermediate
177,65,29,59,56,71,90,73,80,47,61,63.95,Intermediate
184,83,31,55,80,66,55,63,50,78,67,56.3,Intermediate
185,75,20,54,62,58,54,43,63,72,55,49.99999999999999,Beginner
167,64,24,69,61,83,83,80,85,56,59,66.95,Intermediate
184,87,26,75,80,56,84,59,72,79,61,67.65,Intermediate
182,76,29,74,64,69,69,70,73,58,65,61.9,Intermediate
180,75,20,24,55,45,22,27,20,58,58,29.75,Beginner
183,82,29,79,71,78,67,76,66,71,72,65.5,Intermediate
176,67,20,63,57,70,66,65,62,70,61,57.95,Intermediate
190,85,28,68,82,56,51,44,52,58,56,54.099999999999994,Intermediate
184,75,21,48,77,57,64,51,62,76,68,54.95,Intermediate
172,70,24,76,37,68,88,87,88,48,54,65.05000000000001,Intermediate
175,70,20,52,48,68,76,71,79,46,49,56.60000000000001,Intermediate
176,75,19,57,49,41,62,53,68,61,53,49.800000000000004,Beginner
172,74,33,83,66,82,62,77,75,78,71,64.9,Intermediate
191,82,31,72,82,53,53,58,50,56,68,56.499999999999986,Intermediate
187,72,29,81,80,58,73,80,78,92,64,68.49999999999999,Intermediate
178,72,24,67,54,70,74,71,82,58,70,60.7,Intermediate
173,65,32,69,38,83,85,89,87,43,60,64.35000000000001,Intermediate
179,72,29,65,67,78,79,78,83,71,72,65.89999999999999,Intermediate
180,78,26,73,76,55,75,66,70,84,55,64.8,Intermediate
176,73,34,76,72,72,51,64,58,82,66,59.0,Intermediate
187,81,36,74,87,53,46,61,53,75,68,56.8,Intermediate
179,71,22,70,55,81,72,82,74,62,61,63.25,Intermediate
175,64,22,62,59,74,67,70,67,51,59,58.3,Intermediate
182,82,36,62,66,56,34,54,32,76,55,47.3,Beginner
184,74,23,44,62,38,44,35,45,65,54,41.849999999999994,Beginner
179,74,29,90,71,72,68,72,68,90,65,67.95,Intermediate
193,85,28,75,90,37,49,34,45,50,74,52.800000000000004,Intermediate
173,70,22,64,60,82,72,63,77,64,54,61.10000000000001,Intermediate
195,86,23,22,72,22,31,38,22,32,46,32.1,Beginner
195,85,27,42,73,45,39,35,33,51,65,41.599999999999994,Beginner
177,73,23,60,64,77,93,75,83,70,58,68.2,Intermediate
181,79,29,55,62,73,69,76,69,57,68,58.75000000000001,Intermediate
198,85,21,68,81,65,69,45,71,79,61,61.4,Intermediate
191,83,23,62,85,53,61,53,68,76,59,57.849999999999994,Intermediate
185,81,32,74,81,50,53,48,50,82,67,56.75000000000001,Intermediate
182,75,26,30,47,45,57,63,58,68,60,44.35,Beginner
191,81,25,70,75,41,75,64,66,56,61,61.05,Intermediate
173,73,25,62,69,64,75,61,69,68,52,61.15,Intermediate
180,70,23,65,59,72,53,59,59,64,63,54.050000000000004,Intermediate
173,69,25,72,41,80,68,82,69,40,59,59.15,Intermediate
176,73,21,50,39,79,68,73,69,52,51,54.05,Intermediate
185,80,35,70,76,54,49,55,54,91,74,55.55,Intermediate
188,78,23,58,76,51,62,56,61,59,60,55.25000000000001,Intermediate
184,81,28,93,76,66,66,67,65,75,78,66.85000000000001,Intermediate
182,82,36,60,70,70,52,64,55,59,75,54.45,Intermediate
177,73,22,62,50,63,69,68,69,66,60,57.0,Intermediate
180,80,37,47,65,57,40,51,42,66,59,45.25,Beginner
188,79,21,68,66,60,55,58,55,70,55,55.3,Intermediate
178,73,19,61,56,67,65,58,67,56,58,55.400000000000006,Intermediate
180,78,22,60,45,70,69,72,65,55,65,56.400000000000006,Intermediate
174,70,29,80,61,76,86,76,86,71,61,69.69999999999999,Intermediate
185,80,19,62,65,56,69,63,68,55,57,57.50000000000001,Intermediate
180,75,27,78,68,64,80,71,77,74,59,67.0,Intermediate
201,88,24,45,59,44,21,29,15,42,58,33.55,Beginner
193,97,25,55,85,53,69,63,62,77,70,59.9,Intermediate
178,70,22,54,45,59,63,51,68,59,60,50.400000000000006,Intermediate
185,75,20,60,62,59,66,57,63,68,52,56.1,Intermediate
175,67,20,64,62,64,66,60,64,48,53,56.699999999999996,Intermediate
188,81,21,54,70,51,55,40,54,68,52,50.3,Intermediate
191,90,27,87,86,36,56,44,48,57,70,57.95,Intermediate
175,71,27,90,53,76,74,77,76,59,71,66.4,Intermediate
176,65,18,42,41,72,68,54,53,54,48,50.25,Intermediate
181,76,30,73,70,69,67,64,68,78,83,62.4,Intermediate
183,88,26,93,86,77,79,70,77,72,81,73.49999999999999,Advanced
180,66,31,69,79,72,81,73,78,70,81,67.95,Intermediate
165,59,26,78,44,87,69,73,75,52,49,61.50000000000001,Intermediate
176,73,32,86,67,83,78,88,79,87,85,72.09999999999998,Advanced
185,81,29,71,77,59,69,61,67,78,69,62.349999999999994,Intermediate
196,85,23,59,78,34,52,33,47,52,42,48.39999999999999,Beginner
183,68,28,77,63,69,52,55,64,73,59,56.5,Intermediate
170,70,29,58,59,80,70,70,76,61,73,59.5,Intermediate
187,77,34,71,91,61,53,61,64,80,61,59.95,Intermediate
182,76,27,75,65,73,78,73,86,46,63,65.05,Intermediate
192,88,23,80,84,46,64,54,54,76,64,61.6,Intermediate
182,80,27,86,75,83,76,77,72,70,62,70.75,Advanced
164,60,30,54,30,94,73,93,87,61,74,58.949999999999996,Intermediate
180,80,23,77,77,82,68,76,74,81,65,67.2,Intermediate
186,81,39,84,81,51,54,60,57,57,62,59.1,Intermediate
186,78,35,34,70,47,43,40,35,65,74,42.150000000000006,Beginner
183,78,28,76,69,73,74,80,75,56,63,65.85,Intermediate
174,75,26,70,64,60,79,60,75,57,64,62.150000000000006,Intermediate
181,75,31,59,63,63,65,72,65,58,71,57.15,Intermediate
178,73,20,59,52,58,68,56,69,55,51,54.150000000000006,Intermediate
180,72,23,72,56,80,72,81,78,73,71,64.15,Intermediate
181,76,26,81,66,63,68,58,64,63,61,61.74999999999999,Intermediate
185,82,31,66,68,46,61,59,58,52,65,54.800000000000004,Intermediate
180,79,22,75,74,60,78,61,77,70,60,65.1,Intermediate
187,82,23,66,70,66,72,68,74,62,61,61.8,Intermediate
192,80,37,48,91,40,34,33,33,52,57,43.35,Beginner
179,74,22,70,67,71,72,66,72,58,58,62.24999999999999,Intermediate
186,72,20,54,64,53,62,40,51,68,52,51.699999999999996,Intermediate
178,77,24,56,60,77,68,75,74,64,56,59.00000000000001,Intermediate
176,73,35,64,67,69,67,78,68,82,72,61.75,Intermediate
170,68,25,48,57,73,81,83,83,65,61,61.3,Intermediate
184,80,26,75,76,61,86,73,82,75,63,69.35,Intermediate
161,59,29,76,40,92,73,88,87,54,72,63.80000000000001,Intermediate
180,74,29,51,59,71,74,73,71,74,64,59.35,Intermediate
174,68,23,58,46,83,41,73,62,39,47,48.349999999999994,Beginner
175,68,26,73,62,70,77,78,76,70,60,65.3,Intermediate
183,78,35,59,70,61,61,59,54,72,69,56.2,Intermediate
176,79,24,55,54,60,72,74,73,58,62,56.99999999999999,Intermediate
182,72,20,65,62,70,65,68,62,55,55,58.349999999999994,Intermediate
185,77,24,76,68,67,79,76,74,63,73,66.55,Intermediate
180,72,32,72,72,68,65,69,67,86,68,62.69999999999999,Intermediate
187,85,31,66,67,55,65,51,65,61,61,56.4,Intermediate
194,89,23,26,77,29,43,35,40,58,65,38.949999999999996,Beginner
182,72,31,77,74,54,55,49,59,64,54,56.5,Intermediate
175,67,25,68,69,79,67,72,74,65,70,62.400000000000006,Intermediate
178,74,20,64,59,67,68,62,69,54,62,57.65000000000001,Intermediate
176,78,27,78,71,70,44,66,45,60,71,56.050000000000004,Intermediate
188,87,23,41,66,58,49,44,38,73,39,46.65,Beginner
180,72,34,71,72,68,63,58,72,81,54,60.55,Intermediate
180,80,23,42,65,56,55,55,50,65,55,49.0,Beginner
176,69,24,74,64,74,71,73,68,61,65,63.449999999999996,Intermediate
190,79,33,31,61,35,42,55,36,71,66,40.5,Beginner
170,72,31,81,67,87,70,82,81,76,65,67.95,Intermediate
182,74,25,66,72,60,75,72,76,73,71,63.35,Intermediate
180,75,23,70,69,59,77,67,75,66,56,63.349999999999994,Intermediate
180,75,24,73,68,81,68,78,69,57,72,63.95,Intermediate
179,68,20,51,40,55,82,71,76,58,49,56.3,Intermediate
183,77,23,44,85,55,34,36,35,70,76,44.35,Beginner
184,84,27,70,71,72,81,76,82,72,59,67.35,Intermediate
184,76,20,53,72,57,69,54,67,57,63,56.050000000000004,Intermediate
179,76,18,55,65,72,75,70,77,83,55,61.6,Intermediate
190,83,34,54,76,50,35,49,34,67,72,45.95,Beginner
166,62,27,64,50,66,72,74,71,50,63,58.4,Intermediate
180,75,29,75,77,75,67,69,67,65,76,64.29999999999998,Intermediate
175,74,21,59,44,84,76,85,81,80,69,62.1,Intermediate
172,68,19,57,43,75,68,72,72,66,43,56.25,Intermediate
173,74,24,69,61,81,76,80,76,78,69,65.75,Intermediate
186,82,34,77,70,58,34,55,49,63,70,50.550000000000004,Intermediate
191,79,29,72,82,36,51,43,34,69,62,53.35,Intermediate
183,80,21,65,73,58,75,67,74,82,64,63.050000000000004,Intermediate
171,65,22,56,38,80,64,65,65,61,56,53.65,Intermediate
196,89,25,61,74,34,45,39,43,67,43,47.45,Beginner
170,70,31,62,30,67,68,65,69,62,47,53.6,Intermediate
184,77,22,62,82,47,64,50,67,65,56,56.85,Intermediate
195,97,24,27,74,27,32,32,31,33,47,33.65,Beginner
185,82,26,63,70,68,76,62,71,71,66,62.45,Intermediate
185,73,32,40,68,59,58,60,58,72,72,51.099999999999994,Intermediate
185,80,21,55,69,57,70,74,69,75,50,59.2,Intermediate
178,83,33,78,75,72,65,64,67,74,64,63.650000000000006,Intermediate
168,67,27,55,54,77,78,80,81,79,61,62.150000000000006,Intermediate
184,77,21,65,65,68,67,76,73,57,58,60.1,Intermediate
177,75,31,63,70,76,73,70,75,64,67,62.800000000000004,Intermediate
171,70,18,64,46,72,67,73,67,74,53,58.0,Intermediate
186,76,24,80,58,68,73,64,80,64,57,63.0,Intermediate
175,69,24,73,58,71,68,68,66,49,65,60.050000000000004,Intermediate
186,78,20,26,43,32,30,21,25,40,40,27.95,Beginner
183,90,31,31,52,52,46,50,42,60,64,41.0,Beginner
187,82,25,28,56,45,30,44,46,71,67,35.449999999999996,Beginner
192,86,24,62,75,52,86,54,84,69,62,63.50000000000001,Intermediate
170,70,31,75,55,90,82,90,83,81,59,69.89999999999999,Intermediate
175,71,31,48,50,70,68,66,68,45,58,53.35,Intermediate
186,80,19,26,61,35,25,27,33,55,58,30.8,Beginner
175,65,18,40,39,68,74,69,70,42,51,51.85,Intermediate
180,75,27,72,61,57,49,56,75,59,58,52.50000000000001,Intermediate
177,70,22,65,61,66,62,55,61,64,54,56.050000000000004,Intermediate
189,77,21,74,69,58,79,75,81,60,52,65.15,Intermediate
173,68,24,60,53,72,77,84,81,51,41,61.199999999999996,Intermediate
188,78,31,69,83,55,56,53,48,76,55,57.64999999999999,Intermediate
191,81,25,32,71,28,39,36,38,63,67,38.3,Beginner
183,79,28,84,85,62,72,55,66,69,63,66.3,Intermediate
185,80,23,23,46,49,17,29,20,57,43,27.25,Beginner
184,84,35,52,90,53,69,67,66,80,67,60.60000000000001,Intermediate
183,70,28,80,65,60,78,75,80,69,71,66.1,Intermediate
180,65,27,90,63,78,85,74,88,88,65,72.55000000000001,Advanced
183,72,26,84,80,69,74,66,72,90,67,69.0,Intermediate
175,70,27,81,76,80,91,90,92,93,70,76.55000000000001,Advanced
193,90,30,60,90,38,67,37,50,55,66,55.849999999999994,Intermediate
184,77,30,67,72,68,77,73,77,64,63,64.6,Intermediate
190,87,29,72,82,51,87,48,75,61,66,65.75,Intermediate
172,75,30,58,62,87,73,82,83,53,72,62.35,Intermediate
181,73,24,59,74,64,73,64,71,88,66,62.0,Intermediate
180,74,30,74,68,65,76,71,75,50,61,63.9,Intermediate
188,74,27,63,72,59,62,54,58,72,64,56.9,Intermediate
189,76,29,64,70,68,44,53,57,87,69,52.949999999999996,Intermediate
188,80,26,29,65,38,37,44,39,59,59,37.8,Beginner
182,75,25,75,73,65,65,69,66,73,67,62.5,Intermediate
180,73,28,61,66,77,89,81,87,67,55,67.94999999999999,Intermediate
190,79,25,28,63,26,15,25,30,32,40,26.250000000000004,Beginner
186,73,24,70,74,64,67,70,69,54,46,61.3,Intermediate
182,85,33,73,76,63,78,67,73,75,69,66.15,Intermediate
178,70,19,63,62,64,76,71,72,58,59,61.1,Intermediate
171,76,25,76,54,82,95,83,96,74,75,72.00000000000001,Advanced
184,79,18,55,60,63,69,66,68,73,57,57.25000000000001,Intermediate
171,66,27,72,40,86,71,72,73,70,55,61.00000000000001,Intermediate
186,76,20,53,62,57,60,56,55,76,61,53.0,Intermediate
183,80,37,72,70,58,48,45,45,67,63,52.949999999999996,Intermediate
190,87,25,66,87,37,73,51,61,70,81,60.45,Intermediate
181,80,39,55,64,50,55,51,53,67,62,50.550000000000004,Intermediate
186,76,28,74,73,69,74,68,69,81,70,65.7,Intermediate
179,65,23,62,58,72,67,75,74,59,56,58.85000000000001,Intermediate
189,79,31,85,82,62,57,56,62,76,65,61.99999999999999,Intermediate
196,90,24,34,72,38,55,64,50,72,85,47.9,Beginner
165,62,31,75,65,54,82,74,76,86,77,66.44999999999999,Intermediate
178,72,31,78,71,72,74,73,70,77,67,66.8,Intermediate
175,76,24,76,75,66,75,63,78,84,63,66.05,Intermediate
184,76,20,58,49,47,73,54,61,48,57,53.35,Intermediate
177,73,30,93,81,71,53,71,61,85,64,65.1,Intermediate
174,57,24,50,49,72,74,60,73,56,51,55.550000000000004,Intermediate
176,70,30,74,57,73,76,74,78,61,62,63.89999999999999,Intermediate
178,70,27,81,69,67,82,72,77,64,66,68.25,Intermediate
180,76,28,81,69,71,75,73,75,71,62,67.00000000000001,Intermediate
195,81,23,65,67,65,54,55,65,64,58,54.45,Intermediate
181,76,33,34,70,53,50,55,54,64,60,46.3,Beginner
175,64,22,86,58,88,87,84,76,78,80,73.10000000000001,Advanced
185,82,32,90,85,55,34,34,33,88,68,54.25,Intermediate
188,85,34,38,72,56,37,47,42,72,78,43.400000000000006,Beginner
189,70,21,68,72,67,74,68,74,74,76,63.8,Intermediate
167,57,22,43,33,69,71,73,70,41,42,51.1,Intermediate
175,72,33,69,75,76,75,73,74,81,74,66.5,Intermediate
181,75,27,55,64,71,70,66,65,72,61,58.900000000000006,Intermediate
178,77,27,77,62,66,70,64,73,72,71,62.3,Intermediate
179,67,19,53,45,70,63,72,65,56,57,53.25,Intermediate
178,68,20,34,54,70,63,62,65,54,56,49.7,Beginner
185,72,33,68,77,51,78,73,77,75,74,64.69999999999999,Intermediate
185,77,25,29,52,48,33,22,19,57,45,33.35,Beginner
175,65,26,71,62,79,72,78,70,61,67,63.84999999999999,Intermediate
188,83,30,63,84,58,61,59,61,77,79,59.050000000000004,Intermediate
172,65,24,57,49,80,72,56,71,61,54,57.0,Intermediate
183,89,20,55,78,62,89,76,90,68,53,66.60000000000001,Intermediate
180,72,31,59,53,75,63,78,56,69,57,57.400000000000006,Intermediate
175,69,28,73,53,72,62,60,66,61,67,57.400000000000006,Intermediate
179,74,25,62,60,76,72,72,76,57,53,60.650000000000006,Intermediate
170,67,24,71,58,82,77,78,82,78,58,65.9,Intermediate
199,92,29,65,90,44,62,38,40,69,60,56.74999999999999,Intermediate
178,73,34,70,62,71,55,67,61,68,59,57.0,Intermediate
183,77,24,74,82,52,77,66,74,85,72,66.25,Intermediate
178,72,30,70,65,74,71,76,75,70,66,63.55,Intermediate
183,76,23,73,71,59,59,50,65,67,58,57.199999999999996,Intermediate
178,75,31,58,62,70,73,80,71,73,63,61.449999999999996,Intermediate
182,76,22,66,58,78,76,84,86,64,70,64.10000000000001,Intermediate
178,66,26,79,64,64,60,72,58,48,78,59.4,Intermediate
186,74,25,18,44,54,39,32,36,52,53,33.1,Beginner
177,77,28,54,62,66,61,57,60,69,59,54.150000000000006,Intermediate
171,71,32,77,69,78,71,77,74,43,71,64.70000000000002,Intermediate
187,72,21,24,48,37,18,32,18,43,56,26.449999999999996,Beginner
183,78,26,75,68,63,80,66,72,56,62,64.9,Intermediate
181,72,31,74,68,71,66,67,66,73,66,62.25,Intermediate
181,68,23,73,53,57,71,72,70,56,62,59.55000000000001,Intermediate
185,72,34,66,75,65,69,61,64,73,74,61.4,Intermediate
178,66,19,52,51,73,70,77,70,59,53,57.0,Intermediate
182,76,25,75,80,68,81,67,75,82,71,68.89999999999999,Intermediate
176,73,29,78,56,73,63,75,72,64,76,60.900000000000006,Intermediate
173,73,20,66,63,74,62,65,65,65,56,58.4,Intermediate
183,70,26,75,68,70,85,75,81,90,59,69.7,Intermediate
183,75,24,76,73,63,67,71,68,72,64,63.25000000000001,Intermediate
184,74,20,70,69,71,81,79,84,76,74,67.45,Intermediate
184,75,24,77,66,67,84,72,86,49,68,66.85000000000001,Intermediate
184,83,20,75,74,64,78,68,76,68,58,66.1,Intermediate
182,84,31,64,74,67,68,71,76,85,63,62.35000000000001,Intermediate
186,77,23,81,76,60,79,58,76,70,69,66.6,Intermediate
181,76,36,65,60,70,66,68,62,69,70,59.05,Intermediate
184,75,23,76,67,75,90,77,84,64,66,70.65,Advanced
180,72,24,82,67,65,81,80,76,59,70,68.2,Intermediate
182,73,33,64,63,71,80,71,82,71,63,64.0,Intermediate
192,88,34,68,90,34,33,39,32,66,67,47.599999999999994,Beginner
180,76,25,72,61,68,72,72,73,56,65,61.95,Intermediate
180,71,35,61,69,56,78,62,73,55,66,60.50000000000001,Intermediate
180,75,27,68,58,64,75,71,69,52,63,60.9,Intermediate
191,85,26,16,59,27,28,35,17,32,56,28.250000000000004,Beginner
184,80,28,70,70,66,63,52,62,70,57,58.7,Intermediate
176,70,22,72,72,62,64,71,64,64,59,60.900000000000006,Intermediate
186,74,19,17,51,37,31,34,18,51,35,30.0,Beginner
188,89,30,66,86,48,55,43,52,63,71,54.85,Intermediate
183,73,25,83,67,66,82,80,84,63,51,69.0,Intermediate
185,70,30,80,73,71,63,63,67,60,53,62.24999999999999,Intermediate
178,75,27,77,75,91,90,91,91,90,65,76.35,Advanced
185,82,38,34,64,30,41,60,41,75,64,41.45,Beginner
180,81,18,59,80,61,69,62,69,68,51,60.2,Intermediate
190,84,25,68,70,48,63,50,60,70,55,56.3,Intermediate
190,84,21,33,67,25,33,25,32,41,48,33.599999999999994,Beginner
188,79,17,58,63,58,65,69,66,67,53,56.6,Intermediate
182,72,33,71,65,61,67,65,67,61,58,59.699999999999996,Intermediate
177,75,22,69,74,74,69,70,72,80,70,64.0,Intermediate
189,81,26,69,73,48,71,62,65,68,68,60.449999999999996,Intermediate
173,64,31,70,69,66,72,75,65,50,58,62.55,Intermediate
185,70,25,68,77,63,71,60,69,67,62,62.1,Intermediate
166,72,24,73,53,59,64,66,68,57,63,57.1,Intermediate
188,84,27,61,68,53,60,51,49,51,63,53.35000000000001,Intermediate
173,65,24,61,40,79,65,67,61,60,58,55.300000000000004,Intermediate
172,69,23,65,54,86,77,77,85,60,78,63.5,Intermediate
178,75,35,79,66,72,72,78,75,85,68,66.55,Intermediate
182,75,20,20,43,43,22,21,17,56,47,26.250000000000004,Beginner
172,73,34,63,60,83,69,60,62,56,70,59.39999999999999,Intermediate
186,83,21,62,80,51,55,52,57,65,52,54.45,Intermediate
193,78,20,43,52,51,63,62,67,48,38,49.0,Beginner
181,73,33,71,65,62,54,59,64,64,59,55.45,Intermediate
180,72,23,63,59,67,69,73,64,60,58,59.150000000000006,Intermediate
181,69,28,86,70,67,66,68,66,72,61,64.6,Intermediate
174,76,32,48,59,73,61,75,70,82,52,55.65,Intermediate
180,69,25,83,68,83,79,82,79,65,66,70.25,Advanced
178,73,26,76,63,71,89,88,89,61,55,70.29999999999998,Advanced
184,83,32,51,73,49,50,58,34,62,56,49.95,Beginner
182,80,20,55,80,59,78,62,74,69,54,61.95,Intermediate
180,75,26,76,76,71,84,85,80,86,63,71.69999999999999,Advanced
175,76,22,52,50,81,64,69,63,45,64,54.35,Intermediate
184,74,19,70,59,60,73,70,74,65,55,61.0,Intermediate
188,82,24,68,77,74,70,68,75,57,70,63.2,Intermediate
175,65,29,49,49,78,85,89,81,78,72,63.24999999999999,Intermediate
175,62,31,82,68,74,68,70,73,71,67,64.95,Intermediate
181,82,31,65,74,72,37,66,57,32,64,50.60000000000001,Intermediate
171,66,33,65,39,66,82,77,76,34,54,59.45,Intermediate
175,64,24,61,47,79,61,63,68,58,53,54.64999999999999,Intermediate
175,70,19,73,60,67,83,65,79,68,53,65.10000000000001,Intermediate
175,70,18,46,38,77,74,83,76,42,36,55.20000000000001,Intermediate
180,75,24,65,55,71,78,78,80,64,59,62.75000000000001,Intermediate
183,77,32,68,69,65,67,62,65,66,60,60.050000000000004,Intermediate
182,67,33,82,70,71,75,80,74,56,81,67.3,Intermediate
185,87,27,31,68,43,42,37,43,58,70,39.9,Beginner
200,101,28,69,96,32,52,38,47,52,74,53.4,Intermediate
197,82,26,17,60,21,22,21,15,40,66,25.200000000000003,Beginner
176,70,21,79,65,75,77,71,74,71,71,66.8,Intermediate
187,79,24,69,81,63,86,72,84,74,71,68.95,Intermediate
186,80,23,60,72,64,53,60,55,79,63,55.05,Intermediate
175,80,30,73,72,81,83,77,83,71,73,69.64999999999999,Intermediate
188,81,26,62,80,55,65,58,63,67,64,58.550000000000004,Intermediate
191,77,21,65,83,53,51,37,54,80,55,53.75,Intermediate
182,70,30,71,64,76,74,77,75,88,60,65.7,Intermediate
183,70,26,75,66,71,71,68,75,64,72,63.300000000000004,Intermediate
175,66,32,78,64,77,74,79,68,68,61,66.4,Intermediate
188,78,21,57,76,54,68,48,58,70,46,56.9,Intermediate
190,76,33,70,77,40,66,41,57,77,61,57.3,Intermediate
181,74,27,72,68,64,77,73,78,80,70,65.4,Intermediate
179,76,30,71,53,82,74,85,78,34,67,62.75,Intermediate
184,78,27,50,65,68,81,81,79,62,69,62.050000000000004,Intermediate
194,87,38,36,70,44,32,39,41,70,60,39.1,Beginner
175,71,31,55,61,74,73,72,75,65,63,59.9,Intermediate
185,70,29,76,78,66,68,67,67,76,72,64.4,Intermediate
187,78,32,75,75,53,68,69,69,72,64,62.449999999999996,Intermediate
176,70,20,54,60,82,90,83,90,57,56,66.14999999999999,Intermediate
175,80,18,63,68,82,75,76,77,72,59,64.7,Intermediate
185,73,24,83,77,62,82,69,85,69,85,69.3,Intermediate
174,70,24,61,58,82,80,84,82,71,59,65.05000000000001,Intermediate
185,75,22,66,71,57,71,69,67,65,56,61.0,Intermediate
178,73,24,69,58,70,81,67,77,67,60,63.85,Intermediate
178,70,26,63,58,66,63,56,66,56,64,55.2,Intermediate
186,83,26,70,80,56,66,57,64,80,61,61.1,Intermediate
180,71,25,74,72,80,82,74,80,58,63,68.5,Intermediate
181,73,25,80,62,65,73,62,73,57,60,62.75,Intermediate
175,70,24,79,70,92,85,87,90,92,58,74.3,Advanced
181,71,20,24,49,51,46,48,43,65,40,39.1,Beginner
191,76,31,77,88,51,56,63,54,76,66,60.6,Intermediate
188,82,29,65,86,64,62,59,68,60,66,59.8,Intermediate
175,67,30,84,62,74,90,90,86,62,66,72.6,Advanced
183,70,19,55,55,60,61,62,60,59,56,52.7,Intermediate
177,74,32,57,58,68,72,79,71,72,68,60.00000000000001,Intermediate
176,76,27,80,61,65,71,62,71,60,60,62.15,Intermediate
179,74,33,80,70,72,75,71,69,78,62,67.2,Intermediate
185,80,24,23,46,48,15,29,33,59,49,26.65,Beginner
185,75,22,65,63,70,77,66,74,59,57,62.1,Intermediate
188,87,28,31,67,50,46,33,42,53,59,40.99999999999999,Beginner
182,71,25,71,70,62,69,67,66,73,66,61.95,Intermediate
174,67,22,60,63,43,70,70,70,51,60,56.3,Intermediate
180,79,28,85,77,68,67,70,70,78,70,66.35,Intermediate
176,69,29,72,56,68,67,61,69,67,59,59.15,Intermediate
180,72,33,73,71,72,40,71,43,77,80,55.400000000000006,Intermediate
176,66,18,55,47,67,69,62,65,53,47,54.300000000000004,Intermediate
170,62,21,59,34,86,83,85,84,46,55,61.2,Intermediate
196,90,29,75,83,38,44,48,45,49,55,51.7,Intermediate
176,68,32,60,66,72,64,63,62,71,63,58.150000000000006,Intermediate
184,78,18,64,65,60,68,65,67,64,60,58.650000000000006,Intermediate
183,83,27,83,68,83,69,84,66,63,82,67.35000000000001,Intermediate
193,90,31,82,90,33,61,54,54,85,53,61.15,Intermediate
175,71,28,81,61,77,79,76,80,53,66,67.0,Intermediate
175,68,18,67,45,75,70,78,71,61,63,59.5,Intermediate
182,82,31,54,75,61,80,72,73,61,59,62.4,Intermediate
189,84,20,62,75,52,72,54,68,70,42,59.35,Intermediate
180,75,23,66,70,68,67,64,66,71,58,60.55,Intermediate
187,79,28,32,75,30,54,65,57,61,79,46.4,Beginner
175,68,29,61,34,81,80,80,82,33,68,59.050000000000004,Intermediate
190,80,25,28,63,26,43,56,48,41,68,38.199999999999996,Beginner
183,78,24,61,73,69,66,53,54,66,59,58.449999999999996,Intermediate
180,75,19,62,69,64,66,59,62,75,41,58.6,Intermediate
198,92,30,60,92,31,46,38,43,53,62,49.14999999999999,Beginner
192,85,23,27,61,32,25,35,16,32,41,30.35,Beginner
185,77,29,73,69,79,77,82,77,50,69,66.65,Intermediate
188,76,25,30,70,32,58,56,58,67,77,46.050000000000004,Beginner
190,79,24,74,79,54,60,53,58,74,73,59.050000000000004,Intermediate
174,80,36,55,59,70,52,69,52,79,64,53.300000000000004,Intermediate
169,63,19,51,46,86,68,74,69,58,55,56.4,Intermediate
198,92,31,70,86,32,49,34,45,81,62,52.25,Intermediate
172,66,24,63,52,82,79,80,72,49,63,62.75,Intermediate
185,75,22,62,60,61,63,62,66,59,60,55.550000000000004,Intermediate
188,80,21,66,72,54,69,60,64,79,55,60.05,Intermediate
188,76,38,40,68,48,36,46,38,70,66,41.89999999999999,Beginner
173,70,33,78,60,80,80,83,83,72,62,68.5,Intermediate
181,74,22,62,59,63,61,65,58,62,56,55.45000000000001,Intermediate
178,70,20,59,51,42,66,54,63,44,42,51.050000000000004,Intermediate
178,70,23,60,65,57,60,55,63,58,55,53.85,Intermediate
185,80,28,86,86,77,67,66,69,76,73,68.3,Intermediate
180,74,29,74,62,70,69,57,72,41,61,59.55,Intermediate
181,73,18,56,56,61,62,62,65,56,49,53.3,Intermediate
182,80,30,76,78,66,69,63,65,80,66,64.5,Intermediate
190,80,35,69,89,48,52,45,50,75,72,55.8,Intermediate
187,79,28,65,81,59,72,51,62,80,64,61.74999999999999,Intermediate
176,66,26,61,50,88,79,91,87,83,64,65.45,Intermediate
174,66,29,61,32,81,65,80,76,56,59,55.4,Intermediate
186,80,20,55,66,55,55,53,61,60,59,51.2,Intermediate
180,75,25,70,76,83,51,60,54,63,68,58.15,Intermediate
178,73,24,51,57,65,71,64,69,65,68,56.199999999999996,Intermediate
186,77,24,70,70,53,56,59,57,60,69,55.5,Intermediate
185,74,29,66,72,57,71,59,70,65,56,60.15,Intermediate
183,83,31,75,83,56,43,54,53,65,76,54.599999999999994,Intermediate
175,70,22,63,52,75,67,67,68,55,53,57.45,Intermediate
187,79,24,49,58,64,78,56,77,56,53,56.7,Intermediate
185,77,35,71,79,63,80,72,71,72,71,67.15,Intermediate
184,74,28,73,72,77,75,60,74,77,63,65.45,Intermediate
193,90,30,80,91,66,76,67,76,81,61,69.8,Intermediate
187,74,26,71,70,56,54,51,55,73,72,55.25,Intermediate
198,91,29,67,88,33,54,48,54,65,72,54.14999999999999,Intermediate
188,78,21,24,37,34,16,37,15,51,41,24.8,Beginner
196,91,19,62,79,35,66,41,60,60,51,54.650000000000006,Intermediate
177,76,27,75,64,75,72,79,84,82,77,65.69999999999999,Intermediate
173,63,27,71,63,75,53,70,63,68,60,57.449999999999996,Intermediate
189,85,25,65,92,50,72,41,45,68,56,60.89999999999999,Intermediate
175,67,27,73,64,74,80,77,74,82,70,67.4,Intermediate
191,84,31,34,81,41,34,36,34,55,64,39.6,Beginner
180,66,24,71,65,65,71,67,69,66,57,61.75,Intermediate
168,71,26,56,39,80,71,72,75,53,55,56.2,Intermediate
178,74,24,51,53,68,58,59,50,62,62,51.35,Intermediate
178,70,28,65,59,59,65,72,63,73,61,58.1,Intermediate
176,72,24,80,69,74,66,73,73,64,78,64.05,Intermediate
168,63,21,76,47,84,54,74,75,47,68,56.599999999999994,Intermediate
171,73,19,61,64,68,76,58,75,67,70,60.550000000000004,Intermediate
192,75,26,77,76,60,68,55,54,82,64,62.8,Intermediate
178,70,25,50,45,73,87,75,90,42,51,59.74999999999999,Intermediate
187,81,20,26,59,35,32,36,25,48,65,33.15,Beginner
180,66,30,78,77,75,91,85,88,58,74,73.35000000000001,Advanced
176,73,38,74,58,75,71,78,78,86,63,64.39999999999999,Intermediate
183,87,21,23,64,44,17,34,18,59,58,30.049999999999994,Beginner
194,89,26,40,82,35,68,33,63,73,64,51.14999999999999,Intermediate
178,70,23,52,52,73,64,72,69,71,45,55.45,Intermediate
184,78,24,77,70,64,75,69,71,69,54,65.14999999999999,Intermediate
186,73,28,36,64,62,48,43,47,66,59,44.99999999999999,Beginner
175,70,23,80,57,75,70,72,72,72,65,63.85,Intermediate
188,78,27,72,77,43,84,65,74,82,59,66.05,Intermediate
181,74,31,65,68,68,76,70,75,72,64,63.4,Intermediate
188,91,32,81,87,67,72,71,69,82,69,68.74999999999999,Intermediate
172,74,27,65,59,55,77,67,80,71,60,60.699999999999996,Intermediate
184,80,20,68,66,62,68,55,67,68,65,59.0,Intermediate
193,83,27,26,51,45,42,33,33,52,54,35.85,Beginner
178,78,20,63,57,70,64,55,72,67,60,56.2,Intermediate
175,68,27,82,63,75,78,78,79,73,65,68.2,Intermediate
180,79,30,58,73,73,75,74,75,81,61,63.8,Intermediate
174,70,28,89,59,85,78,84,79,75,75,70.7,Advanced
185,79,28,70,86,65,39,51,59,79,65,54.150000000000006,Intermediate
178,75,24,64,68,68,49,57,65,65,49,53.45,Intermediate
188,73,26,79,81,65,67,68,61,75,75,65.1,Intermediate
191,80,27,71,79,59,64,53,59,91,70,60.99999999999999,Intermediate
190,70,19,65,71,59,62,58,63,70,46,57.449999999999996,Intermediate
190,79,24,55,69,53,55,49,51,71,62,51.599999999999994,Intermediate
190,84,24,61,67,70,69,61,73,75,62,59.8,Intermediate
185,79,26,72,72,64,64,63,60,57,64,59.95,Intermediate
186,81,27,78,78,66,68,66,68,86,81,65.2,Intermediate
184,76,21,64,55,65,60,55,63,63,51,54.199999999999996,Intermediate
173,71,28,80,53,75,59,77,69,46,62,59.150000000000006,Intermediate
172,64,23,73,34,80,73,62,71,56,62,58.6,Intermediate
187,82,38,41,67,57,54,69,55,79,71,51.0,Intermediate
186,77,33,78,73,54,73,66,69,69,65,63.900000000000006,Intermediate
178,65,19,48,44,67,58,55,55,56,50,48.6,Beginner
185,73,24,67,67,62,72,71,73,51,63,60.9,Intermediate
171,66,23,81,60,81,67,77,71,74,63,64.8,Intermediate
168,55,20,61,29,91,75,80,80,43,61,58.300000000000004,Intermediate
188,75,20,59,58,54,71,53,69,61,55,55.54999999999999,Intermediate
191,83,27,28,69,33,35,34,32,45,56,35.4,Beginner
188,80,31,71,80,58,52,57,53,58,68,56.199999999999996,Intermediate
194,85,26,73,81,52,67,56,64,84,59,61.85000000000001,Intermediate
177,70,21,56,48,78,85,86,83,47,58,62.65000000000001,Intermediate
175,67,30,78,65,78,91,76,82,60,66,71.05000000000001,Advanced
179,73,23,80,72,76,86,85,87,64,68,71.89999999999999,Advanced
177,66,18,54,40,70,61,57,64,55,52,50.550000000000004,Intermediate
178,73,21,54,58,72,64,45,55,66,60,53.7,Intermediate
176,73,29,80,72,71,68,73,69,67,73,64.95,Intermediate
189,82,24,61,72,67,74,64,69,76,57,62.099999999999994,Intermediate
180,70,29,72,63,69,71,69,73,63,64,62.1,Intermediate
175,70,24,60,52,63,68,68,73,56,60,56.099999999999994,Intermediate
184,76,26,65,77,64,68,66,70,81,59,61.99999999999999,Intermediate
187,83,39,53,79,42,52,52,58,38,63,49.35000000000001,Beginner
186,75,31,69,72,63,55,63,57,72,68,57.300000000000004,Intermediate
186,80,26,72,84,68,45,56,43,88,52,57.300000000000004,Intermediate
190,78,22,62,76,54,62,46,55,63,53,55.55,Intermediate
175,73,21,35,48,67,69,65,69,58,46,51.0,Intermediate
180,75,20,59,56,66,52,43,54,75,56,50.449999999999996,Intermediate
179,77,37,71,89,67,38,61,32,84,72,55.95000000000001,Intermediate
185,84,34,78,83,47,35,58,39,80,57,53.05,Intermediate
185,82,29,75,76,70,77,71,80,57,58,66.44999999999999,Intermediate
193,80,22,73,78,65,69,56,70,71,53,62.65,Intermediate
174,79,27,74,73,77,71,69,72,78,74,65.55,Intermediate
181,70,20,65,60,58,67,69,68,54,62,57.5,Intermediate
180,76,36,45,69,62,41,42,48,79,63,46.00000000000001,Beginner
180,72,27,81,60,70,56,59,65,70,61,58.4,Intermediate
196,94,34,65,90,30,38,30,30,83,58,48.05,Beginner
191,86,39,72,77,64,73,68,64,90,69,65.54999999999998,Intermediate
187,78,20,64,73,66,75,62,71,68,57,62.45,Intermediate
175,71,28,83,65,77,79,77,79,58,67,68.35000000000001,Intermediate
178,67,27,57,64,73,65,75,64,61,61,58.349999999999994,Intermediate
170,65,21,54,43,81,84,76,79,55,70,60.900000000000006,Intermediate
197,86,31,44,72,43,46,50,44,58,80,45.599999999999994,Beginner
178,74,25,82,50,83,73,79,74,65,61,65.25,Intermediate
185,85,30,67,77,63,64,60,61,81,58,60.5,Intermediate
187,76,21,69,74,61,83,69,80,67,63,66.15,Intermediate
182,78,31,65,78,67,68,73,67,88,70,63.49999999999999,Intermediate
180,73,19,51,47,70,76,71,77,53,48,56.8,Intermediate
182,73,20,47,36,67,66,70,69,47,47,50.650000000000006,Intermediate
175,74,26,87,58,83,75,78,79,57,72,67.55,Intermediate
182,75,23,69,65,68,72,69,71,69,63,62.3,Intermediate
175,70,29,77,70,64,79,72,78,70,65,66.7,Intermediate
181,76,23,59,57,57,74,61,69,63,59,57.5,Intermediate
182,70,20,70,60,58,83,68,79,59,67,63.45,Intermediate
185,75,23,28,46,43,36,28,30,59,67,33.35,Beginner
178,75,23,70,57,74,77,63,79,64,60,62.54999999999999,Intermediate
173,67,21,33,36,71,70,62,70,54,53,49.00000000000001,Beginner
176,69,20,53,49,70,60,54,62,58,64,51.25,Intermediate
174,69,29,56,65,88,54,84,65,40,63,56.349999999999994,Intermediate
179,80,25,52,69,59,83,65,77,72,47,61.65,Intermediate
187,80,22,68,74,56,64,52,65,72,72,58.300000000000004,Intermediate
184,82,32,54,73,73,69,77,80,56,69,60.25,Intermediate
166,62,27,69,31,89,75,87,78,70,64,62.05,Intermediate
187,73,23,58,63,55,54,46,59,63,47,50.5,Intermediate
170,75,19,61,51,78,74,78,75,60,53,60.64999999999999,Intermediate
178,74,24,88,72,67,78,74,78,78,79,69.8,Intermediate
170,56,23,58,60,66,81,70,73,55,55,61.25000000000001,Intermediate
183,73,26,71,71,71,81,80,83,70,57,67.75,Intermediate
195,89,24,15,68,30,29,38,23,39,49,30.65,Beginner
180,72,27,36,68,72,79,76,70,34,58,57.6,Intermediate
179,83,32,75,78,65,74,65,75,86,66,66.2,Intermediate
180,75,26,51,75,69,68,70,67,80,70,59.75,Intermediate
179,75,25,69,64,73,78,75,77,74,58,65.30000000000001,Intermediate
173,72,23,78,72,69,67,54,65,54,68,61.5,Intermediate
180,76,26,76,65,68,71,71,73,67,56,63.50000000000001,Intermediate
185,83,33,71,80,69,50,68,66,89,71,59.35,Intermediate
198,85,23,51,75,41,55,50,59,62,56,50.150000000000006,Intermediate
180,72,22,57,59,70,61,58,60,63,48,54.50000000000001,Intermediate
194,82,30,72,84,33,47,61,50,66,67,53.8,Intermediate
188,71,29,26,53,33,16,32,21,50,46,26.95,Beginner
192,87,26,25,60,29,38,35,36,40,53,33.8,Beginner
185,72,28,69,65,72,80,81,80,72,63,66.45,Intermediate
190,81,35,20,68,40,29,38,27,66,77,34.0,Beginner
177,73,27,49,64,80,52,60,62,70,66,52.5,Intermediate
175,75,26,72,61,73,75,72,76,59,67,63.5,Intermediate
188,78,21,19,63,36,29,28,22,59,62,31.3,Beginner
187,76,18,20,54,34,32,28,17,62,34,31.0,Beginner
188,82,20,47,72,54,48,47,54,48,48,47.099999999999994,Beginner
178,72,23,61,60,66,69,59,66,70,55,57.9,Intermediate
185,82,22,56,70,61,65,54,63,63,52,55.85,Intermediate
196,93,31,69,91,32,42,32,45,74,66,50.150000000000006,Intermediate
188,85,26,32,64,56,56,61,55,68,77,47.900000000000006,Beginner
172,63,25,58,38,90,66,86,77,37,77,56.550000000000004,Intermediate
185,80,34,80,92,66,75,76,74,71,77,70.05,Advanced
191,73,22,70,79,66,74,64,68,67,62,64.4,Intermediate
178,73,28,83,62,70,73,74,75,72,60,65.8,Intermediate
180,84,30,57,57,67,60,80,58,53,61,55.3,Intermediate
180,77,22,75,61,74,85,78,85,72,46,68.45,Intermediate
185,76,21,66,49,64,71,78,68,49,56,58.50000000000001,Intermediate
185,76,25,57,73,54,67,61,62,72,61,57.550000000000004,Intermediate
187,83,20,62,58,64,61,53,59,74,46,54.800000000000004,Intermediate
185,80,21,65,75,59,53,49,47,72,60,54.55,Intermediate
179,73,33,65,73,67,74,62,70,65,63,62.30000000000001,Intermediate
173,66,23,58,34,82,67,76,69,50,64,55.1,Intermediate
187,82,30,41,60,52,53,50,42,70,62,46.800000000000004,Beginner
191,91,29,27,66,24,30,34,31,63,71,33.25,Beginner
190,85,22,18,55,29,23,35,29,35,45,26.9,Beginner
188,82,35,86,83,47,40,56,34,72,60,55.550000000000004,Intermediate
181,79,26,73,69,68,88,86,85,91,70,71.3,Advanced
171,65,23,68,54,70,83,81,81,67,52,65.05,Intermediate
181,78,29,66,70,62,69,61,68,65,59,59.95,Intermediate
185,78,27,52,66,57,38,53,45,51,72,45.25,Beginner
180,73,22,60,71,64,59,51,64,75,60,55.6,Intermediate
187,81,22,68,60,58,71,72,73,61,56,59.95,Intermediate
178,72,32,87,41,84,64,87,76,65,71,63.1,Intermediate
184,72,31,72,64,67,60,54,58,61,55,57.15,Intermediate
184,66,22,65,66,67,74,61,75,62,59,61.00000000000001,Intermediate
182,64,36,75,69,66,68,66,69,52,52,61.550000000000004,Intermediate
175,71,25,87,78,84,86,82,85,79,70,75.45000000000002,Advanced
175,67,27,79,70,68,69,83,76,74,66,65.8,Intermediate
188,77,21,41,72,30,51,58,62,33,49,44.74999999999999,Beginner
185,79,23,68,75,73,64,63,55,68,60,61.04999999999999,Intermediate
175,68,21,68,62,85,81,81,82,72,65,67.4,Intermediate
179,66,25,58,41,55,76,70,73,61,59,56.1,Intermediate
186,82,31,34,71,34,43,41,45,58,52,40.75,Beginner
177,77,31,87,66,76,62,75,68,86,60,65.3,Intermediate
184,84,29,72,81,54,68,61,60,90,70,62.949999999999996,Intermediate
194,90,32,30,75,28,31,32,27,41,63,34.599999999999994,Beginner
176,67,27,71,64,73,59,84,77,62,78,60.300000000000004,Intermediate
185,82,22,89,79,76,77,78,78,84,77,72.35,Advanced
178,69,30,66,69,74,65,69,52,64,59,60.550000000000004,Intermediate
180,70,21,72,66,68,74,59,72,62,59,62.300000000000004,Intermediate
188,81,27,68,77,60,76,61,59,79,84,64.0,Intermediate
174,72,22,79,60,72,80,69,77,51,64,65.45,Intermediate
173,73,39,51,72,71,43,54,55,60,64,49.4,Beginner
168,69,22,72,34,88,78,60,80,61,64,60.75,Intermediate
193,77,19,52,74,58,71,59,68,61,53,57.55,Intermediate
173,68,22,58,64,84,81,81,80,49,46,64.45,Intermediate
184,75,32,73,79,68,68,78,67,74,62,65.15,Intermediate
188,80,26,73,84,42,47,56,42,75,68,54.85000000000001,Intermediate
176,65,22,59,33,78,84,81,86,45,47,60.10000000000001,Intermediate
175,67,24,56,40,77,77,60,68,58,68,56.9,Intermediate
169,67,25,64,50,83,73,77,80,75,61,61.95,Intermediate
194,85,35,35,89,32,39,34,40,60,53,41.65,Beginner
186,81,30,72,83,57,63,49,60,80,60,60.35,Intermediate
186,75,24,62,57,57,55,48,57,66,48,51.25,Intermediate
173,73,24,72,81,68,71,59,76,70,57,64.05,Intermediate
170,67,34,52,53,81,60,74,61,56,67,54.64999999999999,Intermediate
187,75,28,26,58,65,49,30,44,54,67,40.8,Beginner
180,74,26,73,70,70,62,57,67,64,70,59.60000000000001,Intermediate
180,74,24,66,65,67,76,73,74,54,63,62.45,Intermediate
170,70,33,62,60,88,65,75,67,58,70,60.1,Intermediate
186,83,37,38,64,53,50,65,44,60,62,47.0,Beginner
174,70,29,80,62,75,89,87,88,56,53,71.0,Advanced
184,79,22,61,64,72,82,74,80,58,64,63.9,Intermediate
180,76,27,67,66,69,72,64,71,64,57,61.4,Intermediate
183,70,24,74,67,74,84,77,85,64,58,68.35000000000001,Intermediate
182,78,31,73,79,67,40,68,54,91,74,56.5,Intermediate
180,68,21,61,64,69,72,70,71,66,54,60.599999999999994,Intermediate
182,74,37,68,73,63,45,52,32,71,72,53.099999999999994,Intermediate
174,75,28,65,63,72,67,72,65,82,65,61.050000000000004,Intermediate
178,68,31,86,66,72,47,75,63,58,83,58.8,Intermediate
183,67,32,67,70,60,69,66,67,67,60,60.550000000000004,Intermediate
188,86,22,29,58,52,54,55,56,55,59,44.150000000000006,Beginner
180,75,26,71,70,70,72,73,71,51,61,63.14999999999999,Intermediate
194,85,28,89,86,45,75,51,58,70,69,66.3,Intermediate
188,76,29,68,75,63,58,61,56,78,63,58.550000000000004,Intermediate
183,77,34,76,74,66,68,64,66,80,73,63.7,Intermediate
184,79,26,36,69,40,45,45,52,72,66,43.15,Beginner
188,73,26,73,73,69,88,71,84,72,64,69.55,Intermediate
174,72,20,45,49,75,70,59,70,58,53,53.65,Intermediate
178,70,21,70,45,69,69,58,69,61,55,57.199999999999996,Intermediate
179,74,32,75,60,73,74,73,77,70,62,64.3,Intermediate
177,78,23,67,72,74,50,50,51,68,70,54.99999999999999,Intermediate
179,71,26,76,70,73,63,70,68,71,68,62.45,Intermediate
193,82,25,86,74,53,55,51,63,78,58,59.1,Intermediate
184,72,24,68,76,57,64,58,66,78,58,59.6,Intermediate
190,81,28,72,80,37,62,55,52,46,61,56.5,Intermediate
181,76,23,66,59,74,75,71,75,62,63,62.150000000000006,Intermediate
183,76,25,61,73,69,76,75,76,70,63,63.85,Intermediate
187,69,25,73,78,71,73,69,71,73,76,65.85000000000001,Intermediate
183,78,26,63,64,59,70,63,71,43,55,57.55,Intermediate
182,72,24,74,60,71,73,79,65,47,67,63.050000000000004,Intermediate
185,82,28,25,61,53,35,60,43,65,70,39.2,Beginner
176,63,33,82,33,85,74,86,80,46,60,62.95,Intermediate
175,69,21,65,48,75,72,66,68,64,63,59.1,Intermediate
181,82,21,74,69,69,64,70,68,65,71,61.5,Intermediate
175,74,30,63,80,64,54,51,54,71,61,55.849999999999994,Intermediate
178,78,28,78,73,77,70,81,73,68,68,66.75,Intermediate
176,75,27,72,71,62,63,81,63,63,57,61.4,Intermediate
185,81,31,39,65,61,49,50,48,75,65,47.1,Beginner
179,85,34,54,69,69,67,63,60,72,69,58.05,Intermediate
182,78,19,53,63,52,55,56,63,57,58,50.2,Intermediate
179,75,24,87,71,74,65,77,69,70,67,66.15,Intermediate
194,84,29,68,90,59,70,58,70,69,61,63.25000000000001,Intermediate
178,64,18,49,44,66,73,72,73,47,40,54.45,Intermediate
175,72,31,70,57,79,55,75,64,31,63,55.99999999999999,Intermediate
179,81,25,73,76,66,75,64,72,64,63,64.7,Intermediate
184,78,22,29,62,28,28,31,17,31,58,30.950000000000003,Beginner
186,84,21,24,41,38,17,22,18,45,41,24.3,Beginner
179,75,30,72,66,64,68,67,64,64,64,61.0,Intermediate
185,80,32,60,71,50,57,48,50,71,46,53.099999999999994,Intermediate
178,75,24,63,70,65,71,68,72,60,60,60.7,Intermediate
182,74,24,34,58,64,55,59,55,50,59,46.8,Beginner
169,63,24,70,33,83,81,80,81,69,64,63.0,Intermediate
175,65,24,70,31,84,69,81,79,82,61,59.95,Intermediate
184,81,25,61,78,67,75,70,71,82,57,64.2,Intermediate
177,73,31,79,68,78,85,77,90,34,68,68.7,Intermediate
174,73,28,84,67,78,76,75,77,71,62,68.5,Intermediate
178,72,21,55,53,68,76,73,78,46,52,58.14999999999999,Intermediate
176,71,23,66,56,74,84,78,81,46,68,64.3,Intermediate
179,67,25,78,58,76,78,88,83,52,66,66.69999999999999,Intermediate
196,94,25,64,90,46,79,52,55,56,67,62.6,Intermediate
181,79,32,80,75,66,54,61,53,62,60,59.25000000000001,Intermediate
174,69,23,61,59,58,71,65,68,64,40,57.85000000000001,Intermediate
170,63,22,57,34,81,73,82,71,45,48,56.95,Intermediate
185,83,26,83,82,66,72,59,52,80,71,67.0,Intermediate
186,72,28,71,76,66,75,65,66,77,61,65.05,Intermediate
181,77,22,44,60,66,88,87,87,41,41,61.550000000000004,Intermediate
180,69,23,75,70,69,76,66,75,75,66,65.55,Intermediate
180,71,33,78,77,72,53,68,61,73,69,60.699999999999996,Intermediate
185,80,25,76,77,64,70,60,62,84,61,64.35,Intermediate
178,72,31,52,66,66,79,77,78,55,75,61.050000000000004,Intermediate
181,71,20,68,57,79,79,74,78,66,72,64.44999999999999,Intermediate
187,82,39,61,72,53,53,55,56,71,64,53.25,Intermediate
190,89,39,31,65,59,48,25,25,68,67,42.14999999999999,Beginner
187,75,21,30,44,32,18,22,34,51,50,25.95,Beginner
180,75,26,70,61,74,76,75,74,58,58,63.74999999999999,Intermediate
178,78,23,82,74,66,81,77,81,41,77,68.15,Intermediate
178,73,27,79,70,74,74,72,72,72,62,66.7,Intermediate
188,80,32,39,70,49,46,53,34,73,62,45.95,Beginner
190,80,23,62,71,60,60,67,58,73,56,57.4,Intermediate
170,71,22,62,62,71,69,70,65,62,58,59.6,Intermediate
180,78,22,49,59,53,60,57,60,72,45,51.25000000000001,Intermediate
190,85,19,23,61,27,27,37,18,30,37,29.75,Beginner
188,81,34,27,68,40,53,45,47,76,59,43.8,Beginner
190,87,21,36,65,25,28,44,29,55,54,35.0,Beginner
195,91,29,39,70,29,45,45,48,62,65,42.3,Beginner
186,73,33,67,73,71,53,61,49,79,60,57.400000000000006,Intermediate
178,68,18,58,44,71,67,59,68,59,46,54.25,Intermediate
193,80,20,60,74,53,72,68,70,73,58,60.449999999999996,Intermediate
173,65,25,44,34,78,87,74,86,60,56,58.2,Intermediate
171,63,21,50,36,79,61,81,68,59,46,52.650000000000006,Intermediate
173,68,28,88,64,87,90,84,92,76,66,75.1,Advanced
185,78,33,75,79,53,54,60,45,79,65,58.3,Intermediate
191,80,32,82,72,54,34,54,52,51,79,50.74999999999999,Intermediate
180,73,20,82,55,82,75,86,73,58,65,66.85000000000001,Intermediate
189,76,30,41,60,52,46,33,45,64,66,42.7,Beginner
184,67,26,81,51,66,88,73,90,76,56,67.94999999999999,Intermediate
175,74,24,69,59,77,82,82,85,56,61,65.95,Intermediate
173,67,20,54,46,82,77,81,76,70,49,60.6,Intermediate
190,84,32,58,75,50,52,53,49,71,64,52.3,Intermediate
178,70,33,80,79,79,80,79,77,79,72,71.60000000000001,Advanced
173,72,31,73,68,65,75,72,73,67,65,64.35,Intermediate
179,70,29,75,75,71,69,74,62,74,58,65.15,Intermediate
180,70,17,52,34,65,67,68,66,52,46,51.50000000000001,Intermediate
178,70,25,53,41,78,79,76,84,55,59,58.599999999999994,Intermediate
179,67,26,64,43,71,63,57,64,61,50,54.0,Intermediate
185,85,30,77,78,56,46,54,47,77,62,55.75,Intermediate
191,73,28,38,63,51,46,30,43,55,64,41.699999999999996,Beginner
185,77,30,72,73,66,55,64,60,66,67,58.14999999999999,Intermediate
186,78,29,83,76,60,78,63,71,74,61,67.4,Intermediate
186,81,34,36,75,67,59,70,59,91,66,54.4,Intermediate
181,73,21,58,56,53,70,67,73,66,37,56.3,Intermediate
188,78,21,72,67,60,67,64,70,69,57,60.4,Intermediate
183,77,29,80,71,67,79,71,74,73,68,67.80000000000001,Intermediate
193,91,30,71,89,52,67,54,64,72,75,61.85,Intermediate
182,75,22,48,56,66,64,62,65,51,55,52.550000000000004,Intermediate
193,88,32,63,90,33,54,29,32,62,64,51.599999999999994,Intermediate
179,78,22,61,70,64,62,66,58,63,57,57.449999999999996,Intermediate
175,70,25,76,65,82,79,73,78,83,65,68.30000000000001,Intermediate
178,76,29,90,58,79,74,78,71,77,55,68.45,Intermediate
185,78,25,31,63,45,45,55,45,62,58,42.25,Beginner
173,70,24,56,46,81,76,72,73,41,53,58.25,Intermediate
182,75,23,82,75,80,77,76,79,84,63,70.55,Advanced
182,74,27,87,64,70,74,62,67,66,65,65.7,Intermediate
191,82,38,48,85,34,31,29,30,65,64,41.199999999999996,Beginner
182,75,30,69,68,66,34,66,54,83,72,51.550000000000004,Intermediate
182,72,25,66,75,66,66,63,68,68,63,60.55,Intermediate
175,74,31,49,59,80,66,76,69,75,61,57.800000000000004,Intermediate
180,73,25,23,54,42,30,37,33,64,46,32.800000000000004,Beginner
167,63,21,73,52,90,79,91,87,57,71,67.04999999999998,Intermediate
188,86,35,36,66,27,30,35,40,40,63,34.300000000000004,Beginner
188,85,33,75,87,50,68,67,62,70,69,63.65,Intermediate
188,89,22,59,70,69,80,66,79,57,52,62.65,Intermediate
177,68,27,77,63,78,84,80,81,77,74,69.69999999999999,Intermediate
174,67,24,67,48,81,68,82,72,82,58,61.400000000000006,Intermediate
181,66,21,65,57,68,80,78,75,76,54,63.94999999999999,Intermediate
178,72,22,55,46,65,74,57,73,47,55,54.650000000000006,Intermediate
188,83,28,65,73,49,68,42,50,76,64,57.24999999999999,Intermediate
193,84,19,54,77,47,58,49,61,54,48,52.050000000000004,Intermediate
180,75,28,63,61,70,72,83,78,82,70,62.75000000000001,Intermediate
185,80,23,50,69,52,66,62,58,60,51,54.550000000000004,Intermediate
186,74,26,55,65,70,76,74,75,60,69,60.949999999999996,Intermediate
182,71,21,70,59,66,66,71,68,74,58,60.050000000000004,Intermediate
179,79,32,73,72,85,89,85,87,60,84,72.1,Advanced
189,85,28,33,73,34,43,35,43,54,58,40.050000000000004,Beginner
187,76,21,52,63,54,70,63,72,58,56,55.44999999999999,Intermediate
186,75,22,23,51,33,20,29,26,46,40,26.75,Beginner
174,85,31,85,86,79,69,73,70,76,83,69.60000000000001,Intermediate
183,81,28,80,70,66,48,67,50,71,76,57.75,Intermediate
169,64,31,54,51,84,82,72,83,60,55,61.65,Intermediate
175,63,23,70,56,81,67,79,76,63,58,61.64999999999999,Intermediate
192,75,33,64,87,51,48,53,41,82,66,54.75,Intermediate
180,70,23,82,66,81,76,81,74,72,62,68.89999999999999,Intermediate
176,77,26,82,62,75,66,79,68,81,61,64.95,Intermediate
179,77,25,60,65,72,81,76,80,63,60,64.0,Intermediate
196,89,24,65,92,32,54,35,53,36,76,51.5,Intermediate
172,72,25,75,67,77,75,72,77,59,67,65.4,Intermediate
178,65,30,79,56,74,62,74,65,61,64,60.64999999999999,Intermediate
188,72,20,65,57,58,70,65,64,62,54,57.949999999999996,Intermediate
176,72,29,80,66,75,85,79,87,76,61,70.6,Advanced
178,68,31,88,69,73,77,69,71,41,77,67.3,Intermediate
190,78,22,70,74,61,64,67,66,73,72,60.75000000000001,Intermediate
174,63,26,72,59,72,91,80,81,58,63,68.65,Intermediate
182,82,21,67,85,80,76,67,73,79,69,67.60000000000001,Intermediate
174,64,22,60,36,77,62,84,75,54,57,54.800000000000004,Intermediate
188,80,28,33,56,45,39,36,39,59,66,37.75000000000001,Beginner
179,70,29,75,76,73,72,68,74,82,65,66.19999999999999,Intermediate
172,62,26,61,30,84,76,79,75,63,52,58.949999999999996,Intermediate
187,75,28,74,72,68,77,67,73,56,60,65.0,Intermediate
183,82,33,81,80,74,43,56,61,76,60,57.9,Intermediate
167,61,29,35,41,92,67,83,79,53,55,53.4,Intermediate
175,76,21,58,53,73,66,73,71,69,48,57.400000000000006,Intermediate
174,71,28,63,70,78,75,71,74,70,63,64.0,Intermediate
188,89,25,85,72,66,68,71,74,70,69,65.4,Intermediate
181,77,21,81,62,78,71,77,67,58,67,65.2,Intermediate
196,88,26,28,51,31,22,32,20,43,48,28.299999999999997,Beginner
188,83,27,69,78,64,34,58,39,84,75,52.1,Intermediate
183,69,22,65,77,64,68,45,64,80,64,59.849999999999994,Intermediate
179,69,28,93,66,79,69,78,75,71,91,68.45,Intermediate
180,83,25,72,75,62,68,67,66,54,62,61.650000000000006,Intermediate
178,76,31,75,65,70,47,64,52,68,54,55.65,Intermediate
184,72,23,53,60,73,82,76,83,50,46,61.60000000000001,Intermediate
194,92,26,61,91,36,67,34,39,77,57,56.8,Intermediate
178,75,24,75,65,69,81,77,79,62,71,66.75,Intermediate
177,69,25,86,58,72,84,78,82,64,61,69.3,Intermediate
184,73,25,69,72,66,68,66,71,67,61,61.550000000000004,Intermediate
181,74,26,77,68,67,68,68,67,59,73,62.45,Intermediate
170,65,22,49,46,79,55,66,61,61,55,50.75,Intermediate
186,75,21,25,40,39,25,38,29,52,52,28.800000000000004,Beginner
173,79,34,67,61,81,80,83,80,68,76,66.35,Intermediate
174,71,31,74,57,79,63,65,68,57,59,59.5,Intermediate
187,75,36,75,86,56,81,62,73,57,64,66.85,Intermediate
197,78,19,52,74,43,70,39,44,73,41,54.349999999999994,Intermediate
190,80,32,69,83,28,55,35,53,74,64,52.75,Intermediate
188,77,29,53,74,56,55,56,54,72,65,53.00000000000001,Intermediate
177,74,25,76,64,73,76,74,81,44,65,64.5,Intermediate
185,79,33,51,85,53,63,59,64,69,64,56.5,Intermediate
183,72,24,72,78,62,75,70,75,74,69,65.5,Intermediate
186,79,24,83,66,71,86,82,84,57,63,70.45,Advanced
178,67,19,60,46,73,61,57,68,54,53,52.900000000000006,Intermediate
175,70,25,69,66,81,71,82,72,65,75,64.55000000000001,Intermediate
181,74,28,80,66,73,88,71,80,41,72,68.75,Intermediate
177,76,27,81,82,76,76,75,77,88,72,70.8,Advanced
191,81,25,63,71,45,68,53,58,63,59,56.6,Intermediate
180,78,28,72,80,55,71,64,72,83,58,63.75,Intermediate
178,74,22,82,59,71,77,73,76,61,66,65.80000000000001,Intermediate
170,68,25,81,65,81,74,78,70,71,66,67.6,Intermediate
173,71,25,80,56,83,71,81,81,56,60,64.89999999999999,Intermediate
191,82,28,79,81,44,73,56,73,78,67,63.75,Intermediate
172,69,31,54,56,80,66,82,72,65,69,58.45,Intermediate
187,74,21,60,53,62,70,69,72,57,52,56.900000000000006,Intermediate
178,70,23,36,41,67,76,64,78,55,53,52.0,Intermediate
175,75,20,67,59,80,79,81,80,59,61,65.0,Intermediate
172,76,35,74,68,65,64,67,68,78,68,61.300000000000004,Intermediate
184,75,23,64,58,70,80,71,81,71,62,63.15,Intermediate
185,76,31,73,76,58,74,55,69,65,66,62.75,Intermediate
190,82,28,26,53,22,22,23,21,33,59,25.9,Beginner
184,76,18,29,52,45,30,28,31,53,33,32.550000000000004,Beginner
176,73,30,82,60,78,67,72,74,53,77,63.15,Intermediate
169,65,22,60,38,76,76,74,72,60,40,58.5,Intermediate
193,90,28,26,63,33,41,34,39,66,72,36.949999999999996,Beginner
183,78,23,76,67,67,69,66,70,66,62,62.55,Intermediate
179,77,35,80,57,77,75,80,77,62,72,65.85,Intermediate
179,78,29,82,70,75,61,70,57,74,65,63.400000000000006,Intermediate
176,72,31,50,64,78,87,86,85,75,61,65.85,Intermediate
190,78,23,66,78,46,62,46,61,77,60,56.550000000000004,Intermediate
185,75,34,70,79,58,71,65,71,69,65,62.900000000000006,Intermediate
175,67,30,80,67,73,75,78,78,82,67,67.74999999999999,Intermediate
177,74,30,71,58,61,74,83,76,57,55,62.349999999999994,Intermediate
185,74,33,30,60,50,45,45,39,62,62,41.1,Beginner
175,75,26,83,64,78,69,74,78,82,70,66.19999999999999,Intermediate
187,85,23,19,64,30,17,30,26,43,44,26.65,Beginner
181,77,26,83,71,66,65,57,57,70,66,62.550000000000004,Intermediate
175,76,27,52,56,76,78,76,77,46,54,59.699999999999996,Intermediate
178,73,26,70,63,57,62,66,65,53,60,57.0,Intermediate
189,75,29,32,48,65,46,44,46,58,56,41.199999999999996,Beginner
180,75,24,41,64,74,77,75,87,52,45,58.4,Intermediate
181,78,29,70,62,67,65,72,68,61,77,59.75,Intermediate
173,69,27,64,44,75,82,73,81,52,68,61.4,Intermediate
175,74,28,73,60,75,62,72,65,46,64,59.2,Intermediate
179,70,20,60,41,70,55,56,52,53,48,49.9,Beginner
188,80,22,65,78,50,61,48,58,62,56,55.9,Intermediate
181,73,26,72,70,60,73,70,71,72,69,63.4,Intermediate
180,73,22,57,68,65,75,61,68,63,49,59.849999999999994,Intermediate
179,71,24,66,52,73,80,77,84,50,54,62.5,Intermediate
181,73,20,52,44,68,82,73,84,41,52,57.75,Intermediate
185,80,36,39,75,61,53,60,54,70,84,50.550000000000004,Intermediate
165,60,30,75,53,93,55,90,65,66,87,61.05,Intermediate
180,64,34,64,66,67,53,81,49,61,68,56.45,Intermediate
181,77,22,72,67,82,82,81,79,69,51,68.8,Intermediate
178,73,21,58,53,69,66,58,62,63,58,55.2,Intermediate
170,60,23,74,35,74,86,90,80,55,69,65.0,Intermediate
178,74,18,48,52,65,68,76,70,59,55,54.85,Intermediate
170,65,24,75,55,77,70,78,69,65,67,63.0,Intermediate
176,74,27,58,48,57,67,71,68,44,58,53.900000000000006,Intermediate
172,72,25,68,51,79,76,74,74,52,62,61.95,Intermediate
182,75,20,52,59,51,66,48,69,53,47,51.60000000000001,Intermediate
189,76,29,61,75,54,66,62,62,64,65,58.050000000000004,Intermediate
169,65,22,83,59,81,93,88,86,73,64,73.9,Advanced
191,82,24,30,60,47,38,39,41,63,69,38.15,Beginner
176,65,32,81,71,81,83,83,84,39,84,70.1,Advanced
187,79,20,56,60,72,61,59,67,61,53,54.65,Intermediate
169,68,32,78,69,64,53,67,47,75,58,58.7,Intermediate
191,85,28,75,77,48,65,61,59,70,70,60.45,Intermediate
178,72,26,78,66,78,72,82,77,74,70,66.80000000000001,Intermediate
184,82,37,56,81,65,55,66,66,91,85,57.5,Intermediate
188,79,25,64,70,66,71,66,72,74,60,61.50000000000001,Intermediate
189,83,22,48,81,46,53,50,57,58,60,50.15,Intermediate
179,72,27,66,63,62,63,64,64,71,52,57.699999999999996,Intermediate
178,70,28,78,54,70,68,85,67,69,73,63.050000000000004,Intermediate
185,85,40,28,60,51,37,45,40,69,64,38.75,Beginner
163,64,22,80,54,77,71,83,73,59,67,64.35000000000001,Intermediate
187,70,23,71,63,67,65,62,67,54,67,58.750000000000014,Intermediate
175,74,25,65,63,74,75,74,67,47,65,62.1,Intermediate
176,60,29,63,50,79,68,74,70,50,50,58.3,Intermediate
195,80,21,25,60,25,31,32,20,42,47,31.099999999999998,Beginner
183,70,31,84,68,61,62,71,74,80,71,62.8,Intermediate
187,78,23,64,68,60,62,59,58,59,60,56.449999999999996,Intermediate
170,58,23,64,39,89,62,68,58,62,73,56.05,Intermediate
193,96,32,81,90,41,48,42,44,76,79,56.199999999999996,Intermediate
177,78,33,78,72,74,72,76,76,73,74,66.65,Intermediate
180,66,31,48,56,66,59,58,69,41,54,50.15,Intermediate
179,74,20,58,54,74,74,73,76,61,58,59.65,Intermediate
190,79,23,68,76,52,68,51,53,67,64,59.050000000000004,Intermediate
170,69,32,86,75,87,80,75,82,75,63,72.4,Advanced
175,68,24,76,60,72,72,73,70,59,63,63.25,Intermediate
175,68,22,80,56,85,78,85,82,52,53,67.39999999999999,Intermediate
180,70,26,80,58,71,68,70,65,63,72,62.349999999999994,Intermediate
182,74,26,87,72,62,55,58,65,63,68,59.85,Intermediate
178,72,29,72,62,77,73,78,76,58,65,63.99999999999999,Intermediate
186,79,23,55,66,60,51,54,52,75,50,51.349999999999994,Intermediate
173,74,35,68,63,75,73,71,77,67,71,62.900000000000006,Intermediate
175,68,28,78,66,80,73,79,75,36,75,65.1,Intermediate
180,72,28,70,66,77,76,74,73,63,63,64.95,Intermediate
180,74,25,73,61,81,64,66,68,80,61,61.65,Intermediate
180,77,31,65,61,73,62,73,64,72,63,58.949999999999996,Intermediate
183,69,20,55,54,63,84,74,84,45,43,60.25,Intermediate
185,79,22,69,70,68,69,70,70,72,52,62.4,Intermediate
176,73,20,55,44,60,55,66,62,62,64,49.800000000000004,Beginner
177,69,29,77,68,79,81,80,82,80,76,69.80000000000001,Intermediate
175,70,23,70,58,75,82,79,78,62,77,65.8,Intermediate
189,82,26,60,79,62,56,49,53,74,62,55.45,Intermediate
178,80,22,55,71,65,69,68,69,70,61,59.150000000000006,Intermediate
189,80,28,73,82,50,63,63,64,75,58,60.849999999999994,Intermediate
175,79,21,58,72,85,80,75,83,57,75,65.25,Intermediate
184,80,22,71,72,71,83,70,73,55,65,66.75,Intermediate
175,70,23,75,45,80,84,85,85,72,67,67.05,Intermediate
173,63,29,80,40,90,74,85,76,42,65,63.800000000000004,Intermediate
183,81,26,87,75,71,57,70,66,64,72,63.050000000000004,Intermediate
185,79,22,65,78,66,71,73,69,71,66,63.449999999999996,Intermediate
184,79,22,58,68,64,63,61,55,56,56,56.0,Intermediate
175,70,23,74,58,90,65,81,68,32,61,61.7,Intermediate
176,73,24,64,70,67,76,69,80,74,59,63.400000000000006,Intermediate
176,73,18,50,43,75,64,66,60,54,44,52.45,Intermediate
181,76,27,70,70,63,71,65,63,59,63,61.55,Intermediate
182,74,25,86,71,67,87,77,84,63,63,71.5,Advanced
188,81,21,28,60,36,38,30,32,45,53,34.85,Beginner
185,83,32,75,80,64,73,64,71,68,70,65.1,Intermediate
181,73,37,67,69,62,66,71,65,47,65,59.20000000000001,Intermediate
187,75,26,62,69,52,56,56,64,65,55,53.60000000000001,Intermediate
174,74,35,79,65,65,90,77,90,80,70,70.75,Advanced
173,68,27,88,67,84,85,81,91,81,67,73.7,Advanced
172,73,19,49,47,65,72,66,68,52,40,54.15,Intermediate
182,78,28,76,63,62,80,70,79,72,59,65.45,Intermediate
185,84,28,69,84,64,73,64,66,82,74,65.2,Intermediate
187,95,38,32,74,58,47,41,53,68,68,44.9,Beginner
184,84,27,68,75,62,72,67,80,64,62,62.55000000000001,Intermediate
177,66,25,70,40,75,66,73,75,74,59,58.3,Intermediate
180,74,21,63,59,69,54,68,64,58,60,54.25,Intermediate
182,72,23,62,65,67,54,60,66,62,45,54.150000000000006,Intermediate
190,90,26,65,82,46,52,43,52,76,68,53.599999999999994,Intermediate
183,78,25,69,77,63,78,68,79,80,65,65.85,Intermediate
188,80,22,78,61,52,82,80,80,52,68,65.15,Intermediate
183,77,28,82,76,78,63,72,66,73,76,65.35000000000001,Intermediate
183,81,31,63,73,71,73,66,74,72,66,62.75000000000001,Intermediate
187,86,33,67,91,34,49,31,34,59,60,51.2,Intermediate
171,67,26,64,42,80,67,59,67,58,70,55.99999999999999,Intermediate
181,73,26,81,76,74,72,69,56,79,80,67.44999999999999,Intermediate
174,60,20,47,40,74,68,73,69,59,64,53.449999999999996,Intermediate
183,92,30,52,75,49,53,55,54,71,54,51.49999999999999,Intermediate
172,68,36,51,68,75,69,71,69,75,75,59.449999999999996,Intermediate
181,74,23,69,54,73,72,74,71,45,54,60.45,Intermediate
186,80,31,80,80,52,67,60,67,78,62,63.199999999999996,Intermediate
172,67,31,67,62,85,62,84,66,83,62,62.349999999999994,Intermediate
180,73,20,66,56,72,69,68,71,60,65,59.3,Intermediate
196,90,29,74,90,36,41,40,41,69,68,51.650000000000006,Intermediate
195,90,21,19,62,26,24,28,29,36,39,27.5,Beginner
185,80,22,75,73,76,67,76,75,70,75,64.75,Intermediate
172,67,28,73,55,86,73,89,84,76,74,66.05,Intermediate
183,79,28,80,68,67,63,72,69,82,68,63.1,Intermediate
189,83,26,70,75,63,74,66,75,67,70,63.70000000000001,Intermediate
172,69,23,65,53,81,70,73,72,59,64,60.300000000000004,Intermediate
182,73,23,60,71,44,59,50,52,56,64,52.55,Intermediate
191,88,31,69,80,43,45,52,39,52,53,51.4,Intermediate
188,78,36,34,57,43,44,50,41,61,70,40.89999999999999,Beginner
199,95,23,21,75,27,19,22,18,38,61,27.949999999999996,Beginner
185,78,34,65,78,58,61,68,63,84,63,59.8,Intermediate
185,80,25,65,65,55,66,54,67,61,50,56.49999999999999,Intermediate
180,75,23,79,75,76,82,87,81,83,65,72.10000000000001,Advanced
181,78,21,66,54,65,67,65,70,58,55,57.3,Intermediate
189,78,20,59,66,51,51,35,49,73,56,49.25,Beginner
174,64,23,69,47,80,74,72,77,46,72,60.55,Intermediate
182,72,20,50,41,60,70,72,72,40,32,52.35,Intermediate
189,80,27,44,65,55,50,50,48,70,59,47.55,Beginner
175,63,22,46,40,79,91,91,92,60,51,62.5,Intermediate
173,66,25,88,66,83,74,78,78,77,82,69.64999999999999,Intermediate
173,66,28,91,64,76,54,75,66,65,75,62.35,Intermediate
183,73,28,66,68,75,88,86,87,66,74,69.2,Intermediate
181,70,29,92,74,62,59,63,65,74,64,63.400000000000006,Intermediate
181,83,31,78,85,72,84,71,79,78,75,71.75,Advanced
185,77,25,55,62,63,77,70,73,75,54,60.44999999999999,Intermediate
172,60,33,60,57,72,72,63,74,65,53,58.89999999999999,Intermediate
185,81,27,69,67,74,79,76,76,49,75,65.0,Intermediate
190,85,25,73,85,48,65,45,63,77,67,60.00000000000001,Intermediate
180,75,28,80,71,70,80,82,77,72,60,69.44999999999999,Intermediate
171,63,35,67,48,88,72,75,72,44,61,60.7,Intermediate
183,73,29,84,74,67,84,73,79,76,60,70.9,Advanced
173,62,26,83,64,78,76,74,77,75,75,67.95,Intermediate
170,72,26,75,58,90,77,86,77,70,63,67.9,Intermediate
181,69,30,30,58,72,49,70,54,70,74,47.1,Beginner
175,72,24,90,59,77,78,75,78,59,62,68.4,Intermediate
184,73,33,65,68,71,66,66,62,70,63,60.2,Intermediate
170,66,20,54,50,73,64,63,63,57,59,53.949999999999996,Intermediate
183,78,31,60,73,63,66,70,59,62,58,59.15,Intermediate
182,80,27,69,69,69,76,72,72,72,59,64.65,Intermediate
175,65,26,79,62,80,81,84,86,62,66,68.89999999999999,Intermediate
172,68,20,73,56,75,73,77,78,60,67,63.1,Intermediate
185,72,27,66,74,62,62,56,67,65,55,57.95,Intermediate
182,74,18,64,59,61,68,64,68,59,56,57.50000000000001,Intermediate
175,67,27,60,42,80,78,77,78,46,60,59.699999999999996,Intermediate
180,74,25,75,69,75,81,73,79,69,70,67.9,Intermediate
187,73,26,86,72,78,70,72,73,73,79,67.65,Intermediate
179,71,22,58,63,66,66,76,69,56,65,57.85,Intermediate
188,77,22,66,77,54,68,59,65,66,59,59.74999999999999,Intermediate
170,60,23,51,33,83,61,85,64,52,55,52.85,Intermediate
188,85,33,33,67,51,48,48,51,67,69,44.3,Beginner
184,75,23,69,67,68,78,69,70,67,68,64.3,Intermediate
187,80,34,74,75,51,50,49,37,66,65,54.349999999999994,Intermediate
190,79,22,53,64,48,55,54,55,66,53,50.2,Intermediate
173,68,29,68,60,79,56,71,57,56,58,57.2,Intermediate
180,71,33,75,71,68,65,71,63,54,68,61.75,Intermediate
185,82,22,22,59,48,26,22,27,59,47,30.999999999999996,Beginner
183,71,18,58,69,65,64,54,61,64,45,56.25,Intermediate
180,70,18,70,52,68,68,63,69,69,48,58.75,Intermediate
173,70,27,77,70,81,88,85,86,80,70,72.89999999999999,Advanced
185,84,25,82,77,70,74,67,69,78,73,67.75,Intermediate
173,64,32,58,36,81,85,78,89,93,64,63.05,Intermediate
190,87,29,69,89,59,54,54,53,69,64,58.1,Intermediate
194,92,33,75,92,31,51,43,55,76,63,55.29999999999999,Intermediate
189,82,32,36,62,55,40,41,47,73,71,41.75,Beginner
191,80,22,18,61,27,27,33,22,31,44,28.400000000000002,Beginner
180,70,27,51,53,68,74,70,69,50,59,56.64999999999999,Intermediate
184,80,34,36,60,58,46,48,44,69,70,44.05,Beginner
183,81,25,66,81,69,80,67,80,90,65,67.45,Intermediate
188,78,23,67,65,56,73,60,71,62,58,59.75,Intermediate
175,69,29,78,73,80,81,80,78,81,50,70.9,Advanced
175,69,20,70,42,75,78,79,80,58,74,61.99999999999999,Intermediate
193,88,31,30,58,22,33,49,31,31,64,33.25,Beginner
180,64,22,56,42,66,63,63,65,56,52,52.1,Intermediate
183,81,33,38,66,59,48,61,45,80,66,47.9,Beginner
177,78,24,71,68,85,83,87,83,57,56,69.35,Intermediate
176,87,29,80,80,71,81,72,76,54,60,69.3,Intermediate
178,70,24,26,44,45,41,38,42,58,42,35.300000000000004,Beginner
184,72,20,70,55,74,86,74,89,49,55,65.3,Intermediate
187,81,27,78,69,65,78,71,74,61,62,66.0,Intermediate
180,75,26,74,64,66,66,65,63,67,61,60.650000000000006,Intermediate
183,76,24,70,63,69,70,68,69,56,59,60.949999999999996,Intermediate
195,88,31,74,90,38,65,48,54,60,71,59.39999999999999,Intermediate
190,80,19,65,73,50,62,54,64,76,64,56.74999999999999,Intermediate
180,75,21,65,66,67,80,53,75,76,60,62.7,Intermediate
185,74,20,75,70,63,72,66,70,65,69,63.25,Intermediate
186,75,18,22,49,35,30,22,22,52,63,29.05,Beginner
175,68,23,76,59,77,63,80,66,68,63,62.050000000000004,Intermediate
174,67,23,51,34,73,74,74,78,56,60,55.0,Intermediate
180,70,28,63,70,57,57,68,59,59,56,55.650000000000006,Intermediate
178,78,23,67,63,57,74,64,68,44,68,59.35,Intermediate
198,97,22,28,60,32,27,37,21,35,46,31.349999999999998,Beginner
190,78,20,73,78,66,84,69,82,70,56,68.5,Intermediate
188,74,21,72,78,59,72,62,64,80,67,63.800000000000004,Intermediate
178,74,21,77,59,79,73,80,74,70,61,65.55,Intermediate
187,86,37,70,81,59,67,58,62,73,64,61.599999999999994,Intermediate
181,72,30,71,65,58,72,58,76,62,58,60.24999999999999,Intermediate
183,81,36,68,78,55,58,55,58,59,60,56.650000000000006,Intermediate
180,77,27,63,70,62,65,49,53,70,60,57.2,Intermediate
180,75,25,75,63,69,65,61,63,63,65,60.1,Intermediate
175,69,28,83,65,75,76,72,70,71,55,67.4,Intermediate
188,78,33,49,77,33,35,30,33,71,66,41.699999999999996,Beginner
185,81,23,69,84,61,69,67,67,91,71,64.45,Intermediate
176,74,26,71,68,73,87,82,83,76,70,69.8,Intermediate
174,71,23,64,56,80,73,76,76,64,61,61.900000000000006,Intermediate
190,77,20,26,38,45,22,33,32,60,46,28.3,Beginner
183,83,27,72,90,71,70,70,68,70,65,66.5,Intermediate
180,77,23,71,70,73,81,82,82,81,65,68.55,Intermediate
194,88,34,26,68,25,31,31,15,34,59,32.0,Beginner
183,72,19,55,59,61,63,50,64,64,43,53.050000000000004,Intermediate
178,70,18,52,49,69,61,47,58,58,58,50.550000000000004,Intermediate
181,80,23,23,54,44,18,35,30,56,48,28.8,Beginner
187,85,39,32,54,50,48,35,60,56,58,40.199999999999996,Beginner
168,67,34,81,58,84,74,83,78,87,69,68.14999999999999,Intermediate
183,75,23,68,72,67,72,68,73,80,58,63.5,Intermediate
182,74,29,66,66,69,81,71,85,77,62,65.25,Intermediate
183,77,21,83,63,71,81,73,79,72,59,68.35,Intermediate
180,72,20,62,57,62,67,64,66,52,48,56.25,Intermediate
183,82,24,66,77,69,77,66,73,74,61,65.05,Intermediate
182,76,28,60,62,53,69,60,72,56,60,56.099999999999994,Intermediate
173,63,33,82,63,88,83,84,90,80,69,71.95,Advanced
184,81,33,70,75,54,55,48,42,60,61,54.949999999999996,Intermediate
183,73,21,73,63,69,77,84,76,45,63,64.7,Intermediate
178,71,26,70,62,75,79,87,89,65,73,66.45,Intermediate
180,74,33,68,77,48,62,54,54,82,57,58.050000000000004,Intermediate
181,76,31,76,70,69,80,74,81,32,67,65.6,Intermediate
177,75,22,73,60,69,65,65,68,48,64,58.9,Intermediate
185,82,26,57,65,54,58,44,60,69,45,51.8,Intermediate
180,76,31,58,70,65,82,78,78,64,77,64.2,Intermediate
189,84,33,73,86,34,31,33,30,73,72,47.14999999999999,Beginner
181,78,30,65,68,69,77,72,79,75,70,64.15,Intermediate
191,82,26,59,75,48,64,46,62,72,58,55.25000000000001,Intermediate
179,75,32,74,79,45,72,76,67,71,78,63.9,Intermediate
182,73,27,67,60,69,67,70,69,69,57,59.85,Intermediate
168,59,22,48,33,70,68,64,66,50,51,50.85,Intermediate
178,78,32,79,65,84,68,84,76,80,68,66.75,Intermediate
195,85,27,48,87,34,53,60,33,56,47,50.74999999999999,Intermediate
176,75,27,63,68,69,85,74,83,34,67,64.3,Intermediate
176,70,28,77,58,84,65,89,82,78,66,64.8,Intermediate
185,80,24,59,72,64,51,52,66,83,60,53.65,Intermediate
175,69,27,82,66,74,67,70,70,70,70,64.3,Intermediate
178,71,22,78,51,84,84,84,87,81,67,69.3,Intermediate
177,69,25,83,75,77,83,82,85,81,76,72.7,Advanced
191,78,23,68,81,58,54,51,42,82,78,56.95000000000001,Intermediate
193,75,27,40,65,45,50,60,50,70,68,46.75,Beginner
175,72,23,77,73,76,77,73,77,65,67,67.6,Intermediate
183,78,21,45,52,52,52,59,47,69,65,46.95,Beginner
193,80,36,22,54,38,27,41,22,62,59,31.600000000000005,Beginner
191,90,31,35,33,35,30,35,22,31,57,29.5,Beginner
185,75,23,67,57,74,69,70,68,66,62,60.349999999999994,Intermediate
178,70,24,63,47,69,75,77,76,54,66,59.45,Intermediate
178,67,27,73,51,75,74,83,81,39,57,62.2,Intermediate
186,83,23,23,46,44,32,38,30,65,57,32.55,Beginner
193,78,23,81,73,67,66,76,73,74,67,64.95,Intermediate
181,78,32,61,72,64,62,62,63,78,69,58.099999999999994,Intermediate
195,85,23,60,87,34,66,34,53,65,61,54.9,Intermediate
185,89,31,78,80,57,73,63,67,78,69,65.4,Intermediate
180,68,27,73,63,71,65,70,67,64,65,60.85,Intermediate
175,74,32,74,58,74,52,77,67,76,61,57.99999999999999,Intermediate
186,79,31,70,71,54,54,63,63,75,74,56.300000000000004,Intermediate
182,62,21,65,35,75,70,58,73,56,52,55.349999999999994,Intermediate
184,81,27,73,74,60,85,62,66,87,64,67.75,Intermediate
181,76,24,74,83,81,69,67,77,91,61,67.30000000000001,Intermediate
173,67,24,64,51,75,75,87,80,80,69,63.15,Intermediate
190,73,29,76,75,52,44,33,48,54,65,50.85,Intermediate
185,75,19,59,68,49,60,49,60,65,49,53.05,Intermediate
184,83,24,75,79,65,82,67,78,81,69,68.7,Intermediate
185,80,31,29,47,40,40,39,40,46,68,35.05,Beginner
175,71,26,68,61,83,55,75,66,68,73,58.449999999999996,Intermediate
184,69,34,72,72,73,54,64,47,82,62,59.199999999999996,Intermediate
188,78,26,69,74,68,66,60,66,51,60,60.05,Intermediate
186,70,21,70,69,72,81,81,84,71,69,67.5,Intermediate
172,76,30,66,76,85,85,81,87,45,64,68.95,Intermediate
176,70,25,70,68,81,84,85,85,52,62,68.6,Intermediate
185,78,23,79,69,51,55,55,56,74,69,56.95,Intermediate
182,78,35,58,73,38,69,68,69,61,68,56.89999999999999,Intermediate
180,75,22,62,60,66,74,67,72,63,62,60.050000000000004,Intermediate
182,69,21,60,58,63,71,62,70,52,55,57.1,Intermediate
177,75,25,73,69,70,63,65,69,62,69,60.45,Intermediate
181,72,19,52,57,73,76,78,74,60,58,59.849999999999994,Intermediate
181,68,31,91,78,58,70,75,73,89,67,68.65,Intermediate
182,69,23,70,70,76,81,61,81,66,54,65.8,Intermediate
168,60,21,77,48,83,82,84,83,74,65,67.60000000000001,Intermediate
177,75,31,88,68,71,87,86,90,69,84,73.05000000000001,Advanced
174,74,32,84,76,73,70,70,75,82,65,67.6,Intermediate
186,79,22,77,74,63,74,72,75,68,60,65.60000000000001,Intermediate
185,77,36,58,75,57,63,63,58,87,85,58.1,Intermediate
177,73,31,63,56,61,31,68,44,63,71,46.349999999999994,Beginner
187,86,30,40,74,32,19,40,29,60,54,35.0,Beginner
190,88,27,71,93,51,62,51,54,72,74,60.550000000000004,Intermediate
178,69,21,68,64,74,72,78,78,61,71,63.050000000000004,Intermediate
188,85,31,25,73,33,18,21,20,42,66,28.85,Beginner
177,70,22,75,60,76,78,80,78,71,58,66.55,Intermediate
173,72,27,81,65,78,67,73,66,76,69,64.94999999999999,Intermediate
183,66,21,75,68,74,79,72,75,73,53,67.15,Intermediate
180,72,26,73,64,61,73,68,60,76,68,62.800000000000004,Intermediate
185,75,22,54,62,59,53,50,57,62,64,50.0,Intermediate
186,80,29,91,75,68,68,70,65,78,72,67.55,Intermediate
174,72,26,80,84,89,80,86,86,89,89,74.55000000000001,Advanced
184,76,22,19,47,41,15,32,18,60,42,25.650000000000002,Beginner
178,66,28,67,65,76,75,73,76,67,59,63.900000000000006,Intermediate
181,72,32,70,62,67,34,69,47,80,66,51.1,Intermediate
170,70,24,71,56,73,79,73,76,64,53,64.1,Intermediate
175,67,20,69,62,82,70,73,72,44,52,61.8,Intermediate
182,79,29,72,64,68,62,66,64,62,61,59.1,Intermediate
175,74,27,78,77,75,59,59,63,53,77,60.89999999999999,Intermediate
175,63,24,90,61,81,74,83,68,87,66,70.1,Advanced
194,85,38,33,83,39,58,32,36,85,61,47.800000000000004,Beginner
180,73,24,63,62,68,64,73,68,64,59,58.400000000000006,Intermediate
184,70,19,50,58,70,65,70,69,43,50,54.35,Intermediate
185,74,26,87,68,74,80,78,79,77,78,70.65,Advanced
180,73,34,58,70,49,44,46,46,54,58,47.5,Beginner
175,70,27,88,74,77,75,71,75,79,61,69.95,Intermediate
184,74,26,69,70,69,67,69,63,70,77,61.699999999999996,Intermediate
187,71,21,58,70,67,80,68,82,62,67,62.70000000000001,Intermediate
174,70,25,51,44,72,66,65,68,45,50,52.550000000000004,Intermediate
188,74,27,27,53,36,44,40,42,66,57,37.449999999999996,Beginner
184,74,28,65,68,60,72,66,74,61,56,60.449999999999996,Intermediate
175,70,25,62,50,77,68,77,72,54,65,58.400000000000006,Intermediate
185,73,22,75,69,80,74,74,67,51,62,65.5,Intermediate
170,65,22,77,45,92,74,93,85,57,58,65.7,Intermediate
183,73,26,67,72,76,79,83,79,59,74,66.75,Intermediate
186,82,18,23,61,39,35,31,31,44,45,33.45,Beginner
176,82,32,69,70,77,69,77,66,34,76,62.10000000000001,Intermediate
193,89,27,21,72,23,30,40,36,64,68,33.5,Beginner
184,83,37,74,87,61,33,51,38,92,83,53.550000000000004,Intermediate
187,82,23,73,67,60,60,61,55,60,63,57.75,Intermediate
190,80,22,25,54,36,40,44,42,51,39,35.65,Beginner
175,71,22,80,57,82,67,71,64,63,68,63.099999999999994,Intermediate
183,76,26,57,56,60,34,60,59,33,64,43.65,Beginner
188,80,23,27,56,33,23,28,16,51,57,29.350000000000005,Beginner
182,77,20,63,59,61,57,48,58,72,48,53.05,Intermediate
187,77,25,73,78,52,84,62,71,82,70,67.0,Intermediate
195,78,32,43,69,29,37,47,38,48,84,40.05,Beginner
191,81,39,76,82,48,31,37,31,72,83,48.9,Beginner
178,82,27,65,68,64,65,51,63,55,62,56.95,Intermediate
182,75,24,75,61,70,69,65,72,67,60,61.7,Intermediate
175,67,21,45,38,76,66,71,69,37,47,51.050000000000004,Intermediate
187,75,24,58,57,62,62,61,65,68,58,54.45,Intermediate
183,78,19,64,71,62,60,41,55,74,49,55.45000000000001,Intermediate
194,90,30,60,90,41,64,47,55,32,73,55.10000000000001,Intermediate
186,80,34,83,76,72,78,74,77,87,85,70.35,Advanced
175,69,28,77,66,74,71,63,67,57,65,63.150000000000006,Intermediate
181,74,34,83,73,71,73,72,71,67,77,67.10000000000001,Intermediate
173,68,29,63,62,82,78,78,77,70,65,64.8,Intermediate
176,63,27,66,34,83,55,79,61,71,66,54.55,Intermediate
191,87,27,51,81,51,73,54,65,76,72,58.55,Intermediate
177,63,23,72,41,78,67,67,66,55,63,57.900000000000006,Intermediate
181,83,27,74,74,71,75,76,75,84,70,67.3,Intermediate
171,76,36,69,75,90,55,72,58,78,79,61.65,Intermediate
172,74,23,59,67,64,53,58,55,73,48,53.599999999999994,Intermediate
180,75,33,81,69,68,66,74,62,73,64,64.2,Intermediate
168,59,21,59,46,86,62,51,66,62,54,54.1,Intermediate
187,75,25,68,61,55,67,55,65,51,50,56.4,Intermediate
176,64,27,77,51,79,59,71,64,62,66,58.85,Intermediate
194,92,26,67,87,48,70,52,55,76,73,61.25,Intermediate
179,68,28,85,64,82,60,81,77,82,70,65.0,Intermediate
175,75,30,65,59,70,73,80,72,52,60,61.35,Intermediate
180,70,19,53,43,62,72,72,70,47,53,54.40000000000001,Intermediate
193,80,27,38,66,41,49,36,41,57,64,42.75000000000001,Beginner
182,83,20,59,78,54,67,70,68,50,70,58.49999999999999,Intermediate
186,80,29,66,73,67,62,69,63,59,64,59.300000000000004,Intermediate
190,84,28,68,90,50,39,38,39,71,62,51.14999999999999,Intermediate
178,75,29,85,70,77,70,72,77,87,62,67.75,Intermediate
187,86,35,73,82,55,38,52,44,68,60,52.4,Intermediate
180,75,35,54,71,61,66,65,71,72,68,57.45,Intermediate
171,65,21,67,44,82,79,65,78,74,49,62.10000000000001,Intermediate
188,78,31,70,79,58,69,45,62,48,60,59.25000000000001,Intermediate
189,78,19,51,72,62,70,57,62,65,54,57.150000000000006,Intermediate
183,76,18,21,47,42,46,45,43,58,40,36.65,Beginner
189,84,26,75,87,52,52,56,50,56,72,57.25,Intermediate
184,75,25,70,44,75,81,77,81,53,64,62.75,Intermediate
184,70,28,64,54,70,73,72,70,52,67,59.60000000000001,Intermediate
186,76,33,80,88,64,63,56,55,70,68,63.599999999999994,Intermediate
187,81,30,79,77,54,69,61,67,62,68,62.65,Intermediate
173,68,21,63,40,75,63,64,60,62,63,54.5,Intermediate
183,82,21,55,61,51,57,55,58,70,57,51.35,Intermediate
180,73,27,59,65,70,64,67,66,70,60,57.95,Intermediate
178,74,28,81,56,71,68,72,66,68,52,62.699999999999996,Intermediate
183,76,36,59,77,67,76,68,79,41,65,61.7,Intermediate
187,80,22,58,79,54,68,61,63,65,53,58.6,Intermediate
187,75,32,71,71,47,59,59,66,71,58,56.699999999999996,Intermediate
181,68,21,56,52,66,59,63,75,52,55,52.2,Intermediate
182,75,21,28,46,42,29,60,29,66,57,34.699999999999996,Beginner
176,68,27,89,57,77,92,84,90,49,58,72.5,Advanced
173,71,28,87,60,85,82,87,82,73,79,71.85000000000001,Advanced
172,67,22,74,65,80,76,61,75,62,59,64.55,Intermediate
180,73,27,62,68,68,71,70,70,73,59,61.35,Intermediate
180,78,29,70,70,72,77,80,74,71,73,66.35,Intermediate
171,75,30,80,57,70,59,68,71,53,65,58.699999999999996,Intermediate
187,71,21,31,66,57,54,53,51,55,54,46.05,Beginner
178,73,24,69,64,57,84,80,80,58,61,65.2,Intermediate
182,67,24,65,58,62,65,52,64,74,47,56.30000000000001,Intermediate
190,79,26,71,75,39,71,56,72,66,59,59.55,Intermediate
185,78,38,61,70,57,55,51,50,65,49,53.25000000000001,Intermediate
184,74,26,74,80,74,73,72,69,76,76,67.10000000000001,Intermediate
170,69,29,53,62,81,69,67,67,71,54,58.95,Intermediate
186,84,27,78,88,56,63,66,63,83,78,64.05000000000001,Intermediate
179,71,22,70,46,70,56,56,64,55,64,53.050000000000004,Intermediate
191,75,30,59,67,61,60,56,65,70,60,55.050000000000004,Intermediate
190,80,19,68,76,55,70,52,61,70,63,60.2,Intermediate
186,78,25,87,71,63,71,68,67,72,77,66.05,Intermediate
183,84,22,26,66,46,33,26,31,62,53,35.300000000000004,Beginner
182,81,28,86,83,67,63,65,71,70,72,65.25,Intermediate
185,75,27,64,78,37,53,51,34,65,69,52.45,Intermediate
186,79,32,35,49,38,43,56,44,67,64,40.0,Beginner
178,80,38,31,78,84,58,44,47,62,53,51.199999999999996,Intermediate
186,83,24,62,66,57,61,58,64,64,65,55.30000000000001,Intermediate
187,80,24,75,74,62,68,56,65,72,59,61.900000000000006,Intermediate
168,72,28,70,46,88,86,87,87,51,52,66.75,Intermediate
183,79,36,62,72,53,55,32,52,72,67,51.800000000000004,Intermediate
190,88,28,68,84,41,46,42,51,80,67,52.300000000000004,Intermediate
183,79,24,69,73,71,76,70,74,73,68,65.3,Intermediate
174,65,24,73,56,86,84,86,84,52,70,67.99999999999999,Intermediate
190,83,26,29,65,48,48,37,41,68,74,41.85,Beginner
180,80,31,63,80,60,42,61,34,67,58,52.650000000000006,Intermediate
171,66,22,60,41,82,72,73,71,49,55,57.7,Intermediate
174,61,20,88,73,90,76,88,82,65,85,72.4,Advanced
180,69,34,74,66,67,68,71,67,72,68,62.50000000000001,Intermediate
181,79,25,58,62,70,68,57,70,59,51,56.95,Intermediate
176,70,25,87,76,80,81,84,81,91,67,74.05,Advanced
180,74,26,70,62,67,53,56,54,67,58,54.85,Intermediate
170,60,21,59,44,71,69,58,70,58,53,54.900000000000006,Intermediate
176,70,20,67,31,48,67,61,73,41,45,51.099999999999994,Intermediate
186,83,21,63,67,66,68,70,67,80,50,60.65,Intermediate
178,79,32,53,63,65,70,65,67,44,57,56.25,Intermediate
182,75,22,66,67,70,75,74,74,68,57,63.55,Intermediate
185,79,32,65,71,57,58,60,55,75,68,56.5,Intermediate
180,77,28,71,73,79,94,78,94,70,76,72.55,Advanced
177,67,20,55,52,78,69,83,78,54,58,58.3,Intermediate
181,75,28,75,73,77,82,79,79,87,62,70.49999999999999,Advanced
181,82,31,56,85,71,54,69,47,62,69,57.25,Intermediate
174,61,32,76,62,80,72,76,76,69,69,65.14999999999999,Intermediate
178,70,27,74,60,79,83,80,84,57,62,67.45,Intermediate
180,88,33,64,73,56,65,49,54,70,59,57.25,Intermediate
185,83,31,82,80,65,77,74,79,74,84,69.10000000000001,Intermediate
168,65,23,73,44,87,75,83,81,63,56,63.85,Intermediate
169,67,36,70,68,95,76,91,87,68,92,69.0,Intermediate
182,77,30,72,81,65,69,69,68,81,70,64.7,Intermediate
185,76,25,71,62,62,63,62,67,73,58,58.45,Intermediate
180,74,22,78,71,67,71,65,74,81,60,64.80000000000001,Intermediate
187,80,33,65,82,49,62,53,49,50,61,56.6,Intermediate
188,79,23,72,79,68,72,63,68,82,65,65.05,Intermediate
172,70,21,65,51,67,61,65,66,63,59,55.300000000000004,Intermediate
169,69,27,82,59,80,66,66,69,69,64,63.10000000000001,Intermediate
170,60,21,53,33,75,81,80,83,48,42,57.75000000000001,Intermediate
185,80,18,64,72,64,78,61,76,69,66,62.95,Intermediate
180,76,25,67,57,66,72,73,71,65,64,60.699999999999996,Intermediate
167,69,25,76,67,59,82,81,80,60,66,66.85,Intermediate
187,87,23,65,91,66,80,57,78,75,54,66.7,Intermediate
176,75,23,66,68,70,67,65,67,61,65,60.05,Intermediate
186,73,32,73,75,60,81,70,80,75,67,66.9,Intermediate
179,74,25,61,54,67,66,63,70,63,61,56.25000000000001,Intermediate
194,88,25,73,83,56,78,63,68,64,65,65.55,Intermediate
185,78,26,80,74,68,77,68,77,85,61,68.05,Intermediate
180,75,20,59,62,65,49,56,54,63,56,51.05,Intermediate
183,80,20,60,75,62,67,50,61,68,64,57.949999999999996,Intermediate
181,79,39,67,65,57,67,61,65,68,63,58.45,Intermediate
178,73,22,59,38,81,64,84,78,60,59,56.2,Intermediate
197,86,24,64,90,36,53,48,38,82,48,54.7,Intermediate
183,62,25,58,34,62,67,68,65,52,55,52.4,Intermediate
170,69,28,69,59,75,80,71,77,71,62,64.8,Intermediate
180,64,31,65,64,67,79,71,81,52,71,62.70000000000001,Intermediate
195,88,36,53,91,33,37,32,30,31,66,43.4,Beginner
178,73,31,73,69,77,69,76,75,77,82,64.8,Intermediate
182,77,31,68,82,57,51,50,49,71,63,55.449999999999996,Intermediate
178,74,21,63,68,65,75,68,73,72,49,62.199999999999996,Intermediate
170,68,23,55,50,64,62,61,63,63,55,52.74999999999999,Intermediate
181,83,23,72,71,72,75,76,81,69,77,65.8,Intermediate
198,95,30,59,90,33,49,39,50,71,62,50.74999999999999,Intermediate
188,91,35,58,88,39,69,50,65,75,69,58.15,Intermediate
178,68,32,74,66,74,77,75,73,81,60,66.75,Intermediate
193,76,33,28,62,52,45,54,50,57,64,41.85,Beginner
179,76,26,69,69,74,81,71,74,61,62,66.0,Intermediate
181,79,35,74,73,61,70,55,66,67,72,61.7,Intermediate
170,70,25,72,49,81,74,78,76,81,55,63.9,Intermediate
176,67,23,70,50,54,64,69,65,55,67,55.75,Intermediate
192,84,23,76,79,43,67,48,59,80,79,60.25,Intermediate
178,70,21,80,60,74,70,72,71,57,69,63.45,Intermediate
182,78,25,77,66,68,72,64,76,54,61,62.8,Intermediate
183,71,31,85,71,62,71,61,77,63,81,64.4,Intermediate
183,77,29,78,71,69,67,70,68,77,73,64.1,Intermediate
172,70,27,90,72,83,80,81,80,80,75,73.2,Advanced
180,70,28,92,70,78,71,68,71,66,70,68.1,Intermediate
194,81,22,63,82,53,54,57,50,59,64,55.05000000000001,Intermediate
187,91,23,74,91,49,68,42,54,68,57,61.35,Intermediate
171,68,28,70,59,81,80,87,82,52,72,66.25,Intermediate
181,74,24,86,58,76,72,77,76,54,85,65.5,Intermediate
174,72,25,70,72,92,61,83,70,72,65,64.19999999999999,Intermediate
177,74,23,68,55,70,79,76,79,62,57,63.25,Intermediate
174,71,28,89,74,77,88,83,89,88,66,75.70000000000002,Advanced
185,70,20,44,51,60,59,62,60,58,54,49.25,Beginner
183,77,31,74,75,71,77,76,75,75,72,67.6,Intermediate
184,77,23,70,67,75,83,77,83,58,64,67.05000000000001,Intermediate
180,79,28,75,76,76,75,82,77,81,82,68.75,Intermediate
185,77,27,75,73,57,52,54,54,60,61,55.65,Intermediate
182,80,27,74,65,75,65,70,64,60,63,61.55,Intermediate
172,75,28,91,76,84,75,77,76,90,79,72.7,Advanced
180,72,32,84,75,70,71,62,67,66,70,65.85000000000001,Intermediate
183,72,21,61,70,57,62,49,62,66,63,55.199999999999996,Intermediate
181,73,20,73,64,73,78,68,77,69,70,65.15,Intermediate
192,88,22,27,60,46,34,36,34,52,57,35.400000000000006,Beginner
182,80,26,25,64,52,31,39,34,63,43,36.15,Beginner
185,79,32,80,82,70,72,57,59,64,73,65.8,Intermediate
194,87,19,20,56,22,27,27,24,35,48,27.15,Beginner
179,70,21,57,56,61,64,58,60,65,56,54.15,Intermediate
174,63,24,75,52,76,76,80,73,62,61,64.3,Intermediate
181,73,25,67,67,70,80,78,80,33,60,63.9,Intermediate
178,68,25,84,71,66,69,68,67,82,71,65.65,Intermediate
173,64,25,71,49,85,88,87,86,58,55,68.05000000000001,Intermediate
180,69,35,74,61,75,79,91,80,70,84,67.75,Intermediate
184,76,28,74,80,60,78,70,72,83,77,67.35000000000001,Intermediate
177,68,22,64,60,77,75,79,75,54,57,62.6,Intermediate
172,63,23,63,37,83,68,55,67,59,57,55.3,Intermediate
171,63,22,68,39,90,84,87,90,47,58,64.7,Intermediate
191,87,21,68,74,57,70,62,64,73,57,61.25000000000001,Intermediate
188,87,21,50,80,48,55,54,55,56,54,51.5,Intermediate
194,96,28,27,81,45,65,30,65,60,74,47.55,Beginner
189,79,27,76,76,59,51,52,56,56,66,55.8,Intermediate
180,76,27,59,61,77,72,75,74,56,69,60.55,Intermediate
188,80,24,25,61,55,37,37,37,60,46,37.45,Beginner
187,81,30,55,73,61,76,67,67,55,61,60.300000000000004,Intermediate
192,70,20,75,72,58,78,74,69,61,69,65.44999999999999,Intermediate
172,68,25,88,55,88,73,91,79,80,58,69.65,Intermediate
180,75,23,56,59,63,71,61,72,40,59,55.75,Intermediate
180,79,33,86,78,75,82,79,81,80,69,72.9,Advanced
185,85,31,33,58,58,42,35,45,66,71,40.5,Beginner
170,68,23,81,67,80,85,75,86,77,70,71.1,Advanced
190,83,31,43,70,44,52,52,55,71,75,47.85,Beginner
183,78,27,66,84,55,74,65,60,65,62,63.25,Intermediate
198,90,21,54,87,33,74,52,69,34,56,56.25,Intermediate
181,72,23,75,62,84,82,88,82,76,81,69.89999999999999,Intermediate
176,76,29,57,67,56,63,65,67,59,57,55.4,Intermediate
186,76,21,63,65,67,70,70,70,71,59,60.6,Intermediate
172,75,25,82,59,83,69,84,77,82,64,66.75,Intermediate
175,71,32,80,61,84,65,75,76,72,65,64.14999999999999,Intermediate
174,68,27,74,69,80,78,80,83,83,60,68.70000000000002,Intermediate
181,79,32,70,67,72,78,74,78,68,59,65.45,Intermediate
170,63,30,80,71,66,49,64,53,64,57,57.550000000000004,Intermediate
177,72,23,53,47,60,72,75,72,50,55,55.25,Intermediate
171,68,24,55,43,81,75,73,75,59,50,58.300000000000004,Intermediate
181,70,25,83,70,54,82,74,79,66,60,67.8,Intermediate
185,80,31,50,82,30,32,44,27,34,75,41.0,Beginner
193,89,25,77,85,59,78,67,69,71,71,67.7,Intermediate
187,77,25,75,73,67,67,68,60,80,62,63.55,Intermediate
185,71,24,70,71,70,70,64,76,69,57,62.5,Intermediate
175,75,24,68,46,82,68,78,77,45,66,59.150000000000006,Intermediate
188,73,20,48,58,51,58,56,54,49,44,48.85000000000001,Beginner
184,74,18,63,59,67,66,58,70,66,55,57.05000000000001,Intermediate
178,74,23,70,55,72,85,75,73,71,57,66.0,Intermediate
181,83,31,34,72,66,48,65,67,83,59,49.25,Beginner
188,83,33,22,52,37,34,39,34,57,54,32.849999999999994,Beginner
177,65,20,54,49,68,64,69,63,52,50,53.65,Intermediate
178,65,22,61,68,82,87,90,90,58,75,68.60000000000001,Intermediate
191,85,32,74,84,53,50,54,50,73,61,56.74999999999999,Intermediate
182,73,26,66,67,57,80,67,75,46,62,61.95,Intermediate
192,83,34,33,82,40,39,49,35,63,55,42.65,Beginner
170,68,29,65,53,78,84,85,82,73,65,66.10000000000001,Intermediate
184,79,22,72,74,59,67,58,65,83,48,61.45,Intermediate
193,93,33,79,91,48,36,55,47,71,65,54.099999999999994,Intermediate
185,80,27,74,73,66,62,61,66,80,64,61.05,Intermediate
184,60,21,62,45,66,64,52,68,60,63,53.150000000000006,Intermediate
184,81,26,24,48,35,41,22,23,60,67,33.0,Beginner
189,91,31,65,89,37,64,65,60,79,78,59.70000000000001,Intermediate
180,69,32,76,57,71,75,76,75,52,69,63.550000000000004,Intermediate
183,80,27,34,53,75,89,78,85,66,68,60.05,Intermediate
187,85,32,24,70,42,38,39,36,65,66,38.050000000000004,Beginner
182,80,25,62,81,72,70,59,76,51,54,61.199999999999996,Intermediate
185,72,28,81,70,67,66,68,63,73,60,63.65,Intermediate
180,65,26,70,56,74,59,47,64,74,48,55.900000000000006,Intermediate
195,80,27,69,83,41,40,47,54,75,63,50.800000000000004,Intermediate
185,68,27,80,66,67,75,72,76,59,75,65.25,Intermediate
180,68,28,76,67,77,73,75,72,70,57,65.85,Intermediate
173,65,18,66,44,62,57,68,58,44,66,52.10000000000001,Intermediate
183,79,33,80,88,79,66,70,67,78,67,67.8,Intermediate
183,80,29,69,78,68,73,67,70,79,70,64.85000000000001,Intermediate
176,63,23,41,49,73,64,55,58,59,63,50.5,Intermediate
172,65,32,73,52,78,67,75,68,57,52,60.65,Intermediate
183,77,39,63,74,60,74,65,71,82,63,62.5,Intermediate
183,80,23,77,73,75,73,69,68,61,72,65.7,Intermediate
189,75,29,72,74,67,84,83,79,63,76,68.85000000000001,Intermediate
172,68,31,61,56,85,91,88,90,71,60,68.75,Intermediate
190,81,31,76,77,56,64,67,61,81,68,62.3,Intermediate
180,67,22,75,45,69,79,55,81,52,55,60.45,Intermediate
185,75,25,60,74,66,87,66,74,74,73,66.1,Intermediate
181,78,25,67,65,68,75,71,73,54,70,62.25,Intermediate
182,80,34,75,68,69,68,67,69,67,67,62.55,Intermediate
183,78,31,40,70,67,54,77,63,77,70,52.95000000000001,Intermediate
177,70,21,49,48,81,75,72,78,56,55,57.6,Intermediate
177,61,24,65,40,76,71,73,72,60,52,58.199999999999996,Intermediate
175,70,26,55,51,63,64,68,65,49,52,53.400000000000006,Intermediate
188,80,34,67,85,55,65,59,60,81,63,61.099999999999994,Intermediate
189,87,33,34,72,41,34,46,32,52,58,39.1,Beginner
187,71,24,68,74,59,72,64,75,35,63,60.35,Intermediate
188,79,26,66,74,52,67,52,62,65,58,58.050000000000004,Intermediate
178,72,24,78,60,71,75,82,80,59,73,65.35000000000001,Intermediate
180,72,31,71,69,73,82,75,77,73,66,67.60000000000001,Intermediate
190,78,23,69,71,70,53,60,53,36,56,55.15,Intermediate
179,72,23,73,71,68,55,60,56,58,56,57.449999999999996,Intermediate
187,76,23,67,69,59,79,54,78,63,67,61.9,Intermediate
191,90,30,64,87,56,55,47,45,72,62,56.25000000000001,Intermediate
174,73,32,84,74,78,73,82,69,89,61,70.25000000000001,Advanced
180,74,19,70,58,69,76,66,71,59,58,61.95,Intermediate
170,68,28,73,57,87,85,92,90,77,66,70.39999999999999,Advanced
178,73,25,70,66,69,68,77,68,76,64,62.699999999999996,Intermediate
177,67,21,67,50,86,70,84,77,63,59,62.05,Intermediate
183,77,30,77,70,67,81,67,79,70,62,67.10000000000001,Intermediate
187,76,23,19,51,34,15,29,18,47,38,24.6,Beginner
190,79,29,30,72,64,47,54,39,84,65,46.9,Beginner
190,82,32,71,79,64,53,55,50,71,70,57.4,Intermediate
170,65,28,75,62,75,94,84,91,68,59,71.80000000000001,Advanced
162,62,25,86,60,80,82,77,79,64,68,69.7,Intermediate
169,66,20,52,42,68,67,65,64,50,45,52.599999999999994,Intermediate
173,69,22,48,51,71,73,75,68,44,41,55.95,Intermediate
170,64,34,80,50,86,74,88,74,49,60,65.55,Intermediate
192,80,32,27,66,52,56,58,59,53,59,45.75000000000001,Beginner
170,69,27,78,62,88,69,84,73,77,75,66.64999999999999,Intermediate
180,75,24,69,57,68,71,65,72,63,55,60.1,Intermediate
188,81,25,61,71,35,82,82,77,36,68,60.949999999999996,Intermediate
186,87,26,24,42,50,25,22,16,63,55,28.950000000000003,Beginner
176,73,21,55,53,70,79,75,79,60,47,60.150000000000006,Intermediate
172,65,27,62,59,80,67,80,72,80,55,61.35,Intermediate
180,80,22,77,70,73,81,75,77,75,64,68.75,Intermediate
180,75,29,80,73,65,53,64,54,74,66,59.449999999999996,Intermediate
186,95,18,65,84,68,85,61,70,79,47,67.95,Intermediate
191,84,25,62,81,50,61,52,61,82,58,57.150000000000006,Intermediate
189,84,32,39,70,46,61,58,58,66,59,50.300000000000004,Intermediate
185,73,29,68,81,54,45,61,44,76,59,54.55,Intermediate
185,70,18,57,45,61,61,47,62,70,51,50.75000000000001,Intermediate
181,68,26,64,69,68,79,63,69,66,60,63.25,Intermediate
184,73,24,59,64,60,69,59,72,57,61,56.85,Intermediate
187,81,26,36,62,55,43,45,45,70,63,42.9,Beginner
179,76,30,87,71,81,80,85,83,91,75,73.2,Advanced
180,73,22,76,63,75,78,76,79,57,67,66.0,Intermediate
181,78,23,83,73,64,75,69,79,66,60,66.64999999999999,Intermediate
195,88,36,29,67,30,42,45,47,69,55,39.4,Beginner
180,78,20,59,58,59,65,63,66,57,52,55.05,Intermediate
188,75,19,62,68,50,64,47,61,59,52,54.45,Intermediate
176,68,23,66,62,74,85,85,86,39,53,65.85,Intermediate
187,81,23,65,71,44,63,55,66,58,54,55.349999999999994,Intermediate
184,80,26,73,76,61,68,56,62,90,59,62.6,Intermediate
175,68,22,70,50,73,74,76,76,55,60,61.35000000000001,Intermediate
188,80,20,66,68,59,63,60,65,60,56,57.199999999999996,Intermediate
185,77,31,70,73,62,56,56,58,70,62,57.050000000000004,Intermediate
182,71,27,68,61,83,81,87,79,73,71,67.70000000000002,Intermediate
185,75,32,35,61,62,52,69,55,72,63,48.45,Beginner
175,70,22,68,44,51,62,71,61,48,51,53.400000000000006,Intermediate
177,78,34,63,72,71,68,68,66,66,57,60.99999999999999,Intermediate
180,72,29,65,60,78,75,74,78,53,60,62.35,Intermediate
189,73,22,60,76,49,48,55,53,73,61,51.849999999999994,Intermediate
180,71,31,74,68,77,78,79,82,76,72,67.8,Intermediate
186,79,26,44,57,57,44,38,48,52,55,42.65,Beginner
175,70,25,85,70,81,91,89,91,53,86,74.45,Advanced
184,76,22,78,68,60,68,65,64,65,62,61.95,Intermediate
178,70,19,52,48,70,63,58,67,55,53,52.05,Intermediate
188,78,26,72,78,66,69,65,66,74,59,63.6,Intermediate
183,77,28,58,67,66,68,66,70,49,62,57.7,Intermediate
169,70,34,58,35,77,48,77,51,66,59,49.95,Beginner
188,83,39,27,72,42,45,52,48,60,65,42.1,Beginner
173,58,28,80,45,84,86,81,83,49,70,67.5,Intermediate
182,74,25,79,72,62,72,67,67,70,66,64.6,Intermediate
185,73,25,74,76,70,75,73,72,79,63,66.95,Intermediate
181,73,20,72,48,84,79,81,80,44,58,64.0,Intermediate
179,73,20,56,50,62,67,55,68,56,55,53.3,Intermediate
177,80,25,61,62,71,65,65,68,67,61,57.95,Intermediate
167,66,31,83,72,82,88,83,85,75,73,74.05,Advanced
183,75,26,61,71,59,47,62,39,70,48,52.550000000000004,Intermediate
194,86,40,38,70,40,45,40,45,73,68,43.25,Beginner
177,72,31,85,56,79,86,76,85,64,67,69.9,Intermediate
186,80,37,34,72,54,40,43,37,62,55,42.4,Beginner
176,70,25,41,48,66,74,70,73,47,64,53.55,Intermediate
188,80,23,67,75,58,66,58,62,71,64,59.599999999999994,Intermediate
179,75,23,77,72,72,78,72,84,71,65,67.55,Intermediate
182,80,30,64,74,58,69,65,68,81,59,60.95,Intermediate
183,86,35,70,77,68,66,59,65,72,64,61.65,Intermediate
176,74,25,69,65,79,66,81,85,54,75,62.050000000000004,Intermediate
175,69,26,57,61,66,71,70,69,59,55,58.400000000000006,Intermediate
191,93,33,67,91,33,35,31,35,60,63,46.949999999999996,Beginner
177,70,29,80,66,78,76,75,72,67,64,67.35,Intermediate
185,72,20,78,50,74,90,80,81,61,69,68.55,Intermediate
193,84,32,41,54,23,45,39,47,61,60,39.05,Beginner
178,75,24,72,56,58,75,69,71,64,54,61.2,Intermediate
170,74,28,84,44,84,86,90,91,65,73,69.85000000000001,Intermediate
179,69,26,83,72,78,87,80,84,77,71,73.14999999999999,Advanced
184,71,22,19,56,45,26,29,27,60,60,30.4,Beginner
178,75,29,78,70,64,76,62,71,81,51,65.55000000000001,Intermediate
175,68,21,50,44,68,54,69,64,49,66,48.95,Beginner
186,84,27,66,83,65,73,53,65,84,59,63.55,Intermediate
182,68,21,60,67,65,55,50,55,66,51,53.349999999999994,Intermediate
178,75,31,71,54,67,72,82,81,51,74,61.35,Intermediate
186,76,31,78,82,53,70,71,69,76,70,65.1,Intermediate
177,77,21,46,55,72,82,61,84,44,56,57.550000000000004,Intermediate
182,72,23,68,65,63,69,66,66,75,55,60.7,Intermediate
184,77,31,77,75,61,64,79,65,77,61,63.7,Intermediate
178,75,24,70,64,63,70,70,70,72,58,61.50000000000001,Intermediate
199,101,36,36,79,40,33,36,30,38,70,38.45,Beginner
183,75,32,29,68,56,27,57,22,54,64,38.1,Beginner
180,77,25,41,51,65,54,69,51,75,67,49.199999999999996,Beginner
185,73,32,54,72,61,72,67,65,79,73,59.95,Intermediate
184,74,21,60,68,67,73,70,74,75,49,61.55,Intermediate
185,75,29,70,81,65,69,70,67,86,59,64.65,Intermediate
172,68,20,52,48,78,66,73,67,54,58,55.2,Intermediate
180,68,22,57,59,67,64,59,62,70,57,55.550000000000004,Intermediate
183,77,23,81,74,66,69,63,67,70,53,64.4,Intermediate
183,75,23,83,81,60,90,77,83,58,76,72.35000000000001,Advanced
192,72,18,53,68,57,63,45,65,68,55,53.300000000000004,Intermediate
178,71,20,66,60,72,68,71,65,69,56,60.35000000000001,Intermediate
177,67,18,48,41,63,60,56,55,56,57,48.45,Beginner
186,78,24,70,78,71,85,71,78,72,53,69.0,Intermediate
177,72,25,76,47,85,94,89,89,65,62,71.1,Advanced
184,70,25,81,64,63,81,64,77,74,56,66.5,Intermediate
183,80,30,91,77,68,79,75,76,84,74,71.95,Advanced
186,85,27,39,60,32,45,43,45,69,69,41.25000000000001,Beginner
183,77,37,50,74,64,49,64,39,81,70,52.64999999999999,Intermediate
175,70,33,70,65,87,89,81,86,90,69,71.75,Advanced
173,72,26,68,75,71,70,56,70,63,64,61.7,Intermediate
185,82,30,82,75,68,75,73,72,73,63,67.9,Intermediate
163,67,30,70,60,78,77,55,78,57,59,62.24999999999999,Intermediate
201,93,35,29,80,42,35,44,26,69,70,40.35000000000001,Beginner
174,71,30,79,61,82,65,85,72,84,67,65.35,Intermediate
183,82,32,64,66,70,75,73,73,68,60,62.9,Intermediate
181,78,33,55,69,64,61,63,64,72,62,55.95,Intermediate
175,70,31,74,64,65,67,64,69,75,50,61.15,Intermediate
180,74,31,51,52,64,74,81,72,48,68,57.099999999999994,Intermediate
173,70,29,77,58,74,82,83,80,80,66,68.4,Intermediate
185,84,23,27,56,46,21,36,22,61,50,31.350000000000005,Beginner
186,86,29,86,86,75,88,72,67,87,81,75.54999999999998,Advanced
184,75,28,49,83,64,77,70,69,74,67,62.449999999999996,Intermediate
186,75,23,84,73,69,78,79,77,66,80,69.25,Intermediate
173,67,19,56,56,75,74,74,69,62,48,59.8,Intermediate
178,72,19,68,50,69,76,75,74,53,44,60.95,Intermediate
180,71,31,37,47,49,29,33,23,63,65,34.5,Beginner
180,75,32,86,75,69,49,72,51,83,75,61.4,Intermediate
182,74,29,91,62,78,84,79,86,72,84,71.99999999999999,Advanced
188,92,25,61,87,47,51,42,49,77,65,53.300000000000004,Intermediate
178,70,20,78,60,76,83,84,82,62,59,68.6,Intermediate
184,80,29,67,81,73,41,72,52,78,75,56.25000000000001,Intermediate
178,74,35,49,50,73,65,68,49,49,67,53.349999999999994,Intermediate
179,69,20,51,39,70,74,57,77,52,53,53.550000000000004,Intermediate
182,77,28,79,63,69,76,67,69,74,72,65.35,Intermediate
192,88,32,69,83,34,34,37,33,65,66,46.800000000000004,Beginner
167,69,20,62,56,67,64,62,64,58,62,55.800000000000004,Intermediate
179,68,24,72,63,70,76,78,76,63,70,64.60000000000001,Intermediate
178,71,21,60,56,74,77,78,78,56,48,61.49999999999999,Intermediate
179,74,27,65,64,71,73,72,71,66,57,62.1,Intermediate
182,78,25,89,80,68,91,77,84,62,87,74.69999999999999,Advanced
173,68,30,60,50,82,80,79,81,70,61,63.1,Intermediate
183,68,25,76,63,64,66,72,64,56,59,60.85,Intermediate
172,64,19,46,39,74,62,75,68,51,47,51.099999999999994,Intermediate
174,70,38,67,66,77,43,76,38,69,72,54.95000000000001,Intermediate
181,73,22,79,59,77,83,78,82,68,61,68.45000000000002,Intermediate
189,82,30,81,80,67,55,66,65,80,56,62.00000000000001,Intermediate
190,89,23,58,81,55,64,58,64,71,61,57.8,Intermediate
182,77,24,75,64,52,54,55,62,60,56,54.5,Intermediate
184,76,27,58,74,79,80,79,82,72,78,66.1,Intermediate
186,87,24,68,89,38,62,58,54,75,60,58.900000000000006,Intermediate
173,66,25,81,67,71,81,77,81,71,64,68.89999999999999,Intermediate
189,82,34,37,77,32,53,28,36,77,55,44.699999999999996,Beginner
185,80,28,74,71,62,69,69,74,82,66,63.35,Intermediate
176,79,21,57,59,67,66,72,67,34,46,55.65000000000001,Intermediate
190,85,27,70,81,55,71,56,61,60,67,61.55,Intermediate
188,78,31,69,75,51,61,38,50,86,77,56.55,Intermediate
164,63,21,68,38,90,79,92,85,70,63,64.7,Intermediate
178,78,29,65,65,70,74,65,68,60,62,61.45,Intermediate
182,83,32,74,76,72,77,72,77,57,74,66.55,Intermediate
174,72,21,64,57,64,68,61,65,60,58,57.25,Intermediate
182,73,20,51,55,63,55,60,59,62,49,50.35,Intermediate
193,76,24,19,63,25,17,27,21,36,52,25.35,Beginner
182,83,27,30,65,31,38,28,37,75,69,36.8,Beginner
180,70,27,88,77,73,89,79,77,92,77,75.64999999999999,Advanced
185,84,34,77,85,61,69,65,73,91,65,66.0,Intermediate
177,66,22,71,45,71,79,76,80,59,53,62.300000000000004,Intermediate
185,82,22,17,63,44,26,24,19,59,60,30.399999999999995,Beginner
182,75,30,72,66,70,68,65,63,52,67,60.8,Intermediate
188,78,19,63,63,52,75,77,79,71,42,61.0,Intermediate
178,72,22,82,64,70,74,76,75,67,72,66.15,Intermediate
196,89,20,19,51,29,38,43,36,34,48,31.750000000000004,Beginner
174,68,28,83,73,71,84,76,85,56,56,70.25,Advanced
185,75,24,53,74,43,63,37,59,71,59,52.15,Intermediate
181,75,20,20,48,47,44,45,42,65,45,36.85,Beginner
188,80,25,70,83,60,62,33,51,72,58,57.949999999999996,Intermediate
184,78,27,72,70,67,71,65,71,71,59,62.95,Intermediate
173,68,34,56,47,85,80,83,76,55,64,61.8,Intermediate
186,76,29,58,76,61,69,65,67,64,73,59.5,Intermediate
191,84,27,81,80,56,55,59,53,71,65,59.75,Intermediate
185,73,26,76,66,70,66,72,68,60,67,62.1,Intermediate
190,88,32,44,60,64,54,64,60,69,67,50.25,Intermediate
173,68,25,77,64,80,67,73,74,56,76,63.2,Intermediate
188,81,27,89,81,48,73,55,77,55,67,64.9,Intermediate
189,78,25,71,76,57,68,63,69,66,70,61.3,Intermediate
191,81,30,73,72,49,83,69,78,33,62,63.74999999999999,Intermediate
185,78,23,28,70,42,35,34,31,72,67,37.800000000000004,Beginner
170,68,30,82,51,87,81,90,86,72,62,69.64999999999999,Intermediate
173,65,25,90,47,87,79,83,84,81,73,69.8,Intermediate
191,75,25,86,74,49,61,67,67,66,62,61.5,Intermediate
184,76,29,75,67,65,66,58,64,77,63,60.99999999999999,Intermediate
191,78,23,70,76,48,44,57,54,70,59,52.60000000000001,Intermediate
188,87,34,39,92,57,51,62,42,72,63,52.400000000000006,Intermediate
183,72,29,20,60,60,54,34,49,61,63,41.65,Beginner
175,70,26,76,70,79,72,72,73,57,71,65.25,Intermediate
178,73,36,79,68,73,69,66,68,74,62,64.30000000000001,Intermediate
175,60,30,73,62,72,76,79,78,75,58,65.55000000000001,Intermediate
190,83,27,83,83,61,68,58,62,66,61,64.65,Intermediate
178,70,19,49,53,68,67,69,68,52,51,54.15,Intermediate
196,83,34,62,85,57,54,48,49,49,60,54.30000000000001,Intermediate
179,70,25,52,50,69,67,77,74,50,65,55.1,Intermediate
196,84,27,44,79,57,40,39,46,56,57,45.05,Beginner
183,77,23,68,73,59,65,75,71,61,78,60.49999999999999,Intermediate
183,80,27,59,80,66,65,49,69,83,62,58.949999999999996,Intermediate
182,78,17,62,58,66,57,60,58,68,45,54.2,Intermediate
170,69,35,85,74,80,79,85,88,74,74,72.00000000000001,Advanced
189,89,36,70,79,58,68,54,65,85,78,61.7,Intermediate
188,92,41,34,70,60,49,50,43,71,72,46.55,Beginner
169,65,28,68,63,79,59,73,52,69,61,59.4,Intermediate
182,74,19,56,58,63,66,60,64,71,45,55.55,Intermediate
180,76,20,50,60,76,84,87,84,59,55,63.45000000000001,Intermediate
175,68,22,66,51,81,75,80,80,51,61,62.0,Intermediate
173,68,19,48,43,86,74,68,75,54,54,56.35,Intermediate
184,79,25,80,78,70,67,68,69,72,75,65.19999999999999,Intermediate
188,76,25,77,75,64,65,71,70,86,65,63.949999999999996,Intermediate
172,65,29,83,64,81,80,83,80,71,57,70.14999999999999,Advanced
190,86,23,27,58,22,26,22,18,36,44,28.099999999999998,Beginner
187,82,22,21,75,25,26,27,32,30,35,29.95,Beginner
185,84,25,76,90,66,77,66,69,70,60,68.5,Intermediate
192,80,29,86,82,50,67,64,66,34,70,62.699999999999996,Intermediate
183,70,30,70,71,72,69,74,73,59,69,62.900000000000006,Intermediate
174,61,26,59,56,75,73,70,74,84,63,60.800000000000004,Intermediate
183,71,28,84,69,68,75,69,73,76,69,67.14999999999999,Intermediate
196,86,27,37,54,40,27,28,30,52,46,33.0,Beginner
180,70,22,56,63,66,55,61,62,60,58,52.85000000000001,Intermediate
186,80,26,26,52,42,43,55,45,69,72,39.050000000000004,Beginner
192,78,24,77,81,67,78,65,67,44,67,66.35,Intermediate
175,75,19,58,64,52,71,62,62,48,65,56.30000000000001,Intermediate
177,78,19,68,53,63,63,57,49,70,63,55.95,Intermediate
185,69,29,70,71,59,39,66,54,80,52,52.85,Intermediate
180,69,28,68,61,69,86,80,84,72,60,67.05,Intermediate
188,83,35,34,79,41,31,33,35,66,67,38.65,Beginner
180,70,20,63,46,71,74,64,77,60,46,58.199999999999996,Intermediate
180,78,29,79,80,73,55,53,45,63,61,60.04999999999999,Intermediate
185,79,21,25,30,43,20,23,29,40,39,24.1,Beginner
176,61,25,35,41,75,73,83,71,61,48,53.89999999999999,Intermediate
178,70,29,70,69,70,67,69,67,81,63,62.39999999999999,Intermediate
178,77,27,79,65,72,76,63,62,62,65,64.95,Intermediate
180,75,19,57,51,68,65,56,63,60,58,53.95,Intermediate
187,86,31,55,79,66,84,72,76,53,59,64.50000000000001,Intermediate
172,72,20,78,64,85,76,84,78,83,57,69.05000000000001,Intermediate
190,78,23,63,61,55,75,62,58,71,60,59.5,Intermediate
181,73,29,83,71,67,70,71,71,70,68,65.55000000000001,Intermediate
186,80,31,62,71,51,67,41,51,70,58,55.85,Intermediate
192,66,22,63,52,44,50,51,54,40,53,46.9,Beginner
178,74,26,86,72,65,70,72,71,75,68,66.45,Intermediate
187,82,26,70,76,64,68,64,65,75,58,62.349999999999994,Intermediate
171,66,33,85,81,88,82,82,78,85,78,75.0,Advanced
186,84,35,53,77,62,42,51,39,81,61,50.1,Intermediate
181,66,26,70,62,71,80,76,80,56,68,64.8,Intermediate
178,68,19,65,55,71,68,65,67,67,50,58.6,Intermediate
187,79,31,81,87,50,55,62,54,69,73,60.400000000000006,Intermediate
182,77,30,69,71,61,67,55,64,61,60,59.199999999999996,Intermediate
184,70,32,37,65,52,37,62,39,69,61,43.10000000000001,Beginner
182,70,21,57,56,58,48,39,55,80,49,47.89999999999999,Beginner
190,80,24,70,75,37,58,53,47,51,60,54.2,Intermediate
175,73,24,65,55,77,74,72,76,60,56,61.35000000000001,Intermediate
184,80,33,59,85,28,31,28,29,62,69,42.55,Beginner
182,75,24,74,69,73,82,79,84,75,69,68.7,Intermediate
176,66,33,34,43,71,64,72,62,65,59,50.00000000000001,Intermediate
178,73,21,56,62,72,74,66,74,60,49,59.5,Intermediate
169,56,22,31,31,91,72,91,79,49,55,53.1,Intermediate
188,80,25,28,61,33,34,32,26,57,60,34.300000000000004,Beginner
202,90,26,33,73,38,45,38,41,58,63,41.55,Beginner
186,78,22,56,71,60,54,56,56,73,64,53.3,Intermediate
178,73,34,74,64,67,70,64,69,77,61,62.35,Intermediate
180,70,25,74,68,67,76,65,75,70,61,64.5,Intermediate
180,72,20,80,70,65,78,80,80,74,60,68.10000000000001,Intermediate
185,82,26,66,73,69,73,73,70,57,76,63.099999999999994,Intermediate
184,80,24,69,80,49,54,44,52,90,70,55.8,Intermediate
167,68,28,80,48,79,84,80,82,45,65,66.55000000000001,Intermediate
178,72,25,68,58,73,80,72,75,54,50,63.5,Intermediate
173,78,21,48,67,55,61,56,62,62,45,52.150000000000006,Intermediate
170,74,31,79,64,85,59,77,69,61,80,62.35,Intermediate
178,70,28,76,55,80,68,80,69,58,73,62.75,Intermediate
174,78,32,53,54,81,75,77,79,73,69,60.650000000000006,Intermediate
185,74,24,69,83,63,69,65,63,71,72,63.3,Intermediate
192,81,24,56,82,42,66,47,54,54,54,54.900000000000006,Intermediate
177,70,23,58,49,71,70,65,70,47,44,55.900000000000006,Intermediate
180,75,40,66,72,69,52,67,61,48,65,55.6,Intermediate
184,80,28,82,83,59,74,72,72,81,76,68.2,Intermediate
188,80,27,35,48,65,52,40,35,61,58,43.349999999999994,Beginner
180,78,27,64,70,66,68,70,67,61,60,60.35,Intermediate
173,69,29,81,62,79,55,73,63,72,67,60.8,Intermediate
186,76,24,83,69,70,71,71,69,72,66,65.95,Intermediate
178,68,20,62,42,76,75,74,78,54,52,58.9,Intermediate
166,57,32,71,64,81,80,83,81,57,61,67.05,Intermediate
182,76,25,70,63,74,73,71,77,71,61,63.39999999999999,Intermediate
192,87,35,71,90,36,61,37,60,87,58,57.650000000000006,Intermediate
177,72,22,82,63,83,76,83,72,70,62,68.75,Intermediate
193,85,27,23,75,41,45,39,47,59,59,40.300000000000004,Beginner
172,76,33,55,60,77,55,67,67,70,71,54.400000000000006,Intermediate
186,80,36,65,83,53,31,33,31,61,62,46.39999999999999,Beginner
163,66,37,72,38,84,70,76,71,58,60,60.0,Intermediate
193,93,26,67,83,51,57,52,56,75,60,57.00000000000001,Intermediate
186,81,21,68,72,62,62,43,55,75,61,57.25,Intermediate
180,74,27,54,51,65,81,82,79,40,51,59.45,Intermediate
198,91,24,23,72,22,28,23,28,37,57,30.15,Beginner
185,72,23,84,67,72,72,68,73,68,64,65.85000000000001,Intermediate
170,69,24,51,44,82,71,65,71,46,39,55.1,Intermediate
186,75,24,29,44,31,28,24,32,43,51,28.450000000000003,Beginner
169,62,27,85,33,92,84,92,84,80,76,69.55000000000001,Intermediate
192,70,20,23,45,28,17,35,16,35,45,24.5,Beginner
178,75,35,81,80,63,53,72,64,85,46,61.849999999999994,Intermediate
181,82,37,66,67,69,59,66,58,70,68,57.949999999999996,Intermediate
175,68,22,54,44,76,67,73,74,54,59,55.1,Intermediate
181,79,21,51,72,49,51,43,53,74,46,49.199999999999996,Beginner
175,67,29,80,63,69,68,76,71,57,71,63.199999999999996,Intermediate
193,84,26,73,81,54,54,50,61,76,62,57.15,Intermediate
186,84,37,50,81,50,50,62,55,79,62,52.300000000000004,Intermediate
185,84,28,65,70,54,71,56,67,77,70,59.65,Intermediate
176,67,21,63,63,74,80,73,81,60,48,63.74999999999999,Intermediate
181,82,25,25,41,45,32,23,30,70,55,31.05,Beginner
178,74,33,63,61,71,70,69,73,50,64,59.25,Intermediate
188,72,27,71,76,59,68,61,65,71,68,61.55,Intermediate
186,67,31,48,65,48,60,30,47,75,62,48.900000000000006,Beginner
175,81,30,70,58,84,88,81,87,33,56,67.25,Intermediate
181,79,33,81,72,75,64,67,54,84,78,64.6,Intermediate
183,75,22,70,55,61,69,61,65,61,57,58.2,Intermediate
185,82,18,24,48,51,25,39,25,60,39,31.5,Beginner
188,77,28,28,60,58,49,55,50,55,55,43.349999999999994,Beginner
166,60,21,72,55,71,63,61,49,62,49,57.85,Intermediate
168,66,23,63,49,70,86,67,84,55,63,62.20000000000001,Intermediate
175,66,21,78,64,77,72,56,66,65,67,63.35000000000001,Intermediate
165,65,26,65,69,62,80,70,75,71,60,64.10000000000001,Intermediate
181,80,32,71,67,65,56,59,52,60,59,56.449999999999996,Intermediate
175,68,27,83,58,75,54,72,53,64,61,59.400000000000006,Intermediate
175,70,25,61,64,74,79,75,72,66,50,63.699999999999996,Intermediate
183,85,28,70,86,70,86,79,82,85,69,71.85,Advanced
183,80,27,70,66,81,92,87,88,64,82,71.5,Advanced
181,78,31,42,75,64,58,57,54,82,64,53.25,Intermediate
189,84,28,30,55,37,36,27,35,57,58,34.3,Beginner
187,82,34,71,78,35,51,67,40,46,70,53.7,Intermediate
191,78,25,42,58,22,30,32,24,37,60,33.349999999999994,Beginner
180,80,28,70,68,69,78,78,77,57,65,65.14999999999999,Intermediate
173,67,17,62,38,88,74,90,77,52,52,60.70000000000001,Intermediate
173,62,21,64,49,84,69,76,75,63,66,60.0,Intermediate
182,63,26,53,58,53,70,71,71,70,53,56.2,Intermediate
167,58,19,33,35,87,64,80,72,43,55,49.9,Beginner
191,78,22,63,74,53,76,68,77,75,63,62.35000000000001,Intermediate
187,80,24,73,74,50,69,59,66,51,53,59.849999999999994,Intermediate
173,70,28,70,64,77,72,73,70,67,53,63.550000000000004,Intermediate
176,72,27,89,77,59,57,54,59,52,75,60.349999999999994,Intermediate
181,70,22,42,77,64,70,52,59,61,60,55.599999999999994,Intermediate
174,63,25,61,41,80,73,80,74,79,62,60.2,Intermediate
172,70,20,70,47,82,87,85,90,38,48,65.75,Intermediate
175,62,29,54,54,69,59,69,56,71,62,53.949999999999996,Intermediate
182,70,33,72,71,64,63,70,52,67,52,60.699999999999996,Intermediate
185,78,31,74,86,55,60,53,58,80,68,60.5,Intermediate
184,67,19,52,65,48,53,31,32,64,53,47.150000000000006,Beginner
189,83,27,81,80,59,64,61,64,71,59,62.949999999999996,Intermediate
170,61,34,56,64,56,53,45,52,62,66,49.900000000000006,Beginner
176,70,19,59,46,72,59,50,63,63,61,51.75,Intermediate
193,83,28,30,64,32,49,54,48,64,72,42.1,Beginner
186,80,20,59,73,54,52,45,61,68,51,51.64999999999999,Intermediate
181,78,24,54,65,73,74,70,75,34,52,58.75,Intermediate
186,77,21,52,65,58,80,51,75,80,48,59.05,Intermediate
186,77,21,60,62,70,90,71,84,71,58,65.95,Intermediate
187,77,23,63,74,58,63,52,66,72,56,57.20000000000001,Intermediate
191,90,28,64,82,74,77,70,76,75,70,66.35,Intermediate
173,64,32,71,65,81,49,75,52,54,62,56.95,Intermediate
191,84,21,29,41,42,20,35,28,55,60,28.4,Beginner
174,69,27,91,60,84,82,84,78,76,66,72.39999999999999,Advanced
194,85,22,27,72,24,21,30,19,34,40,29.599999999999998,Beginner
188,77,20,27,38,42,20,29,32,59,60,27.15,Beginner
178,69,19,53,52,67,52,66,64,49,54,49.75000000000001,Beginner
194,92,34,39,64,30,28,33,28,57,73,34.95000000000001,Beginner
180,73,22,66,64,68,62,78,68,47,67,58.35,Intermediate
179,74,25,82,67,73,68,76,67,68,63,65.15,Intermediate
191,79,27,54,76,48,52,50,46,71,75,51.14999999999999,Intermediate
188,80,27,22,63,36,17,36,30,47,45,28.500000000000004,Beginner
183,80,30,39,61,59,47,37,53,56,67,43.449999999999996,Beginner
183,72,23,82,70,72,68,69,67,55,64,64.15,Intermediate
176,69,23,76,54,75,71,75,68,71,62,63.15,Intermediate
186,75,29,77,77,72,68,56,70,80,57,64.15,Intermediate
180,73,32,66,67,70,69,72,75,70,68,61.65,Intermediate
191,87,25,76,77,62,63,52,59,68,64,60.45,Intermediate
177,77,27,90,76,72,74,69,73,80,68,69.7,Intermediate
175,77,31,60,58,59,70,65,70,55,50,56.85,Intermediate
181,70,18,58,51,66,69,66,71,64,46,56.35,Intermediate
192,85,23,64,90,38,51,46,47,60,67,53.0,Intermediate
182,70,28,78,61,63,63,68,43,62,50,59.85,Intermediate
179,77,23,80,65,77,71,72,73,69,57,65.4,Intermediate
179,65,23,70,58,85,82,80,77,62,56,66.89999999999999,Intermediate
181,72,21,63,72,83,77,76,78,73,68,66.05000000000001,Intermediate
183,83,30,90,76,78,85,78,85,83,80,74.65,Advanced
173,67,23,68,72,89,92,90,92,90,70,74.4,Advanced
180,76,20,61,68,65,71,66,67,73,68,60.45,Intermediate
184,83,30,35,60,37,47,35,49,64,67,40.50000000000001,Beginner
187,79,25,81,76,65,75,70,76,70,65,67.1,Intermediate
184,75,22,48,45,64,60,61,64,60,66,49.85,Beginner
188,94,34,39,77,41,53,43,41,61,54,46.699999999999996,Beginner
193,90,25,82,89,33,63,40,61,67,76,59.3,Intermediate
185,81,21,17,64,43,24,35,19,62,40,31.1,Beginner
178,74,27,56,63,76,79,80,78,80,58,63.949999999999996,Intermediate
185,78,23,69,84,53,76,55,67,70,74,63.5,Intermediate
186,75,19,60,78,68,63,56,53,63,49,58.15,Intermediate
179,68,22,50,44,74,67,68,70,42,45,53.0,Intermediate
185,80,26,73,81,71,69,64,65,83,60,65.1,Intermediate
178,72,22,79,65,77,77,77,75,53,70,66.7,Intermediate
175,74,33,73,66,71,80,70,81,63,70,65.75,Intermediate
182,77,28,65,80,59,51,49,51,74,62,54.8,Intermediate
191,80,31,81,83,51,53,56,54,75,63,59.0,Intermediate
196,76,23,69,78,62,68,48,64,64,57,60.10000000000001,Intermediate
184,76,27,75,57,84,76,85,82,67,81,66.6,Intermediate
180,69,26,79,64,72,73,77,74,85,69,66.45000000000002,Intermediate
170,69,21,75,69,85,77,73,83,64,69,67.45,Intermediate
175,76,22,69,53,74,82,80,77,70,64,65.25,Intermediate
177,68,20,51,54,68,66,58,63,68,54,54.1,Intermediate
170,66,26,80,65,90,89,89,91,92,73,74.94999999999999,Advanced
191,88,30,25,60,53,47,41,46,67,70,40.85,Beginner
187,80,29,89,82,61,89,72,72,85,64,74.35,Advanced
186,86,38,55,85,64,53,65,54,80,75,56.55,Intermediate
180,78,27,74,63,73,69,75,73,65,68,63.0,Intermediate
186,84,35,74,78,58,78,65,65,73,73,65.85000000000001,Intermediate
191,86,38,38,62,30,40,55,33,50,66,39.9,Beginner
170,70,31,72,49,64,77,78,78,43,69,61.2,Intermediate
184,75,26,81,75,74,66,72,69,81,80,65.9,Intermediate
182,75,31,38,52,59,48,57,50,78,55,45.3,Beginner
177,74,33,65,49,73,64,75,65,85,73,58.60000000000001,Intermediate
186,80,28,69,85,52,65,50,64,89,66,60.7,Intermediate
179,66,29,71,63,71,77,70,76,65,45,64.1,Intermediate
183,74,23,47,46,64,55,63,51,49,68,47.949999999999996,Beginner
169,67,24,83,72,90,83,84,82,86,74,73.99999999999999,Advanced
185,75,32,82,82,66,70,61,64,76,83,66.2,Intermediate
177,78,24,65,77,76,81,67,73,71,65,66.7,Intermediate
179,66,23,74,60,75,85,78,87,67,72,67.94999999999999,Intermediate
179,77,33,78,68,59,62,66,62,53,57,59.550000000000004,Intermediate
178,73,36,65,58,80,75,82,74,70,68,63.900000000000006,Intermediate
180,71,30,64,61,74,91,80,90,54,60,67.35000000000001,Intermediate
197,93,23,26,67,44,28,34,30,49,56,33.9,Beginner
178,73,33,62,64,62,68,70,68,48,56,58.0,Intermediate
188,72,21,74,69,60,60,66,69,55,69,58.5,Intermediate
188,68,18,23,40,38,32,26,19,58,33,29.5,Beginner
187,80,30,62,64,48,52,49,62,56,65,50.099999999999994,Intermediate
184,82,28,74,77,68,74,72,68,72,66,66.14999999999999,Intermediate
178,69,20,56,49,66,61,63,61,42,57,51.85000000000001,Intermediate
194,90,30,41,77,48,29,31,30,40,69,38.349999999999994,Beginner
187,76,27,66,82,74,82,69,79,72,56,67.99999999999999,Intermediate
194,90,29,59,91,55,41,51,38,70,65,51.85,Intermediate
189,85,23,79,78,60,71,70,69,58,66,64.7,Intermediate
175,78,19,60,52,78,63,62,66,58,48,55.6,Intermediate
173,70,24,76,61,70,83,73,77,64,61,66.75,Intermediate
179,67,20,51,44,67,74,51,69,66,47,54.1,Intermediate
179,70,27,27,50,50,40,32,38,61,54,36.14999999999999,Beginner
166,61,28,86,32,92,80,81,74,86,63,67.60000000000001,Intermediate
174,69,26,70,34,79,82,80,78,57,61,62.449999999999996,Intermediate
182,78,23,53,76,54,80,74,78,45,59,61.05,Intermediate
189,79,27,72,77,53,65,64,63,80,62,61.14999999999999,Intermediate
183,78,26,52,75,74,72,71,69,72,66,61.35,Intermediate
175,66,19,60,45,73,67,54,71,64,57,54.75,Intermediate
183,86,36,66,82,54,52,71,49,75,61,57.35,Intermediate
196,96,26,68,92,51,39,45,36,66,62,52.0,Intermediate
188,70,36,69,81,56,82,65,72,85,70,66.9,Intermediate
188,72,27,57,56,72,71,82,80,73,54,60.150000000000006,Intermediate
161,61,21,70,57,67,53,55,53,70,55,54.15,Intermediate
192,88,28,70,90,35,52,56,54,82,68,56.300000000000004,Intermediate
178,76,33,54,68,69,66,62,64,66,71,57.199999999999996,Intermediate
178,70,27,83,64,72,72,70,74,68,65,65.4,Intermediate
190,78,23,65,56,72,63,67,61,65,54,57.45,Intermediate
194,84,23,24,60,24,25,26,31,32,60,27.900000000000006,Beginner
183,75,31,71,70,65,80,73,83,68,63,65.9,Intermediate
178,68,24,73,60,68,61,65,67,73,60,58.85,Intermediate
176,63,22,80,63,83,79,76,83,72,65,68.65,Intermediate
182,75,19,70,53,64,58,72,71,60,61,55.949999999999996,Intermediate
178,70,35,80,72,70,73,64,68,90,72,66.6,Intermediate
178,67,27,84,67,75,66,76,68,50,75,64.25,Intermediate
185,73,31,54,67,61,79,72,74,66,68,61.15,Intermediate
175,67,26,71,34,85,91,89,92,51,59,66.55,Intermediate
185,75,21,54,67,57,68,63,59,73,64,56.9,Intermediate
175,64,21,54,36,74,63,63,63,64,64,52.00000000000001,Intermediate
184,81,23,30,45,46,28,39,33,57,55,32.5,Beginner
186,80,30,40,62,30,55,25,52,60,62,42.3,Beginner
188,82,24,61,74,56,68,49,55,74,65,57.900000000000006,Intermediate
185,75,22,58,81,82,82,76,84,77,51,68.0,Intermediate
187,82,26,71,80,54,48,48,54,77,65,54.650000000000006,Intermediate
181,72,24,69,72,66,54,67,73,70,67,57.6,Intermediate
175,69,24,85,50,75,80,63,75,68,54,65.7,Intermediate
181,74,29,52,67,69,67,57,65,70,65,56.65,Intermediate
181,76,30,76,70,72,52,74,62,73,75,59.55,Intermediate
181,74,27,69,64,77,60,78,77,66,74,60.2,Intermediate
184,77,29,62,82,45,65,67,67,84,71,59.6,Intermediate
178,73,33,90,64,75,74,73,73,74,54,68.30000000000001,Intermediate
176,70,26,57,46,69,68,56,72,58,62,54.099999999999994,Intermediate
188,85,29,74,80,44,67,46,63,74,58,59.6,Intermediate
180,71,18,59,61,68,67,65,66,50,52,56.849999999999994,Intermediate
168,67,22,61,52,81,82,80,86,55,51,63.449999999999996,Intermediate
178,70,23,71,66,75,75,84,77,60,73,65.5,Intermediate
193,92,32,74,93,53,89,61,68,88,89,71.25000000000001,Advanced
185,80,30,83,76,63,67,56,69,82,58,64.1,Intermediate
178,65,24,71,54,77,65,68,56,46,71,58.60000000000001,Intermediate
180,75,19,81,63,65,85,79,88,48,61,67.95000000000002,Intermediate
185,70,18,51,59,57,67,60,63,50,52,53.35,Intermediate
169,71,23,61,66,89,78,82,85,69,69,66.05,Intermediate
176,77,35,68,68,74,62,67,64,80,65,60.50000000000001,Intermediate
182,73,23,61,64,67,52,65,64,67,54,53.95,Intermediate
175,70,25,73,58,66,63,67,64,68,63,58.900000000000006,Intermediate
189,80,26,65,88,61,54,42,53,82,68,56.800000000000004,Intermediate
180,73,29,75,42,71,74,73,69,64,70,61.1,Intermediate
180,72,36,64,65,62,70,69,68,59,65,59.6,Intermediate
174,66,29,76,59,77,65,71,66,64,64,61.55000000000001,Intermediate
172,76,23,74,68,65,64,67,68,78,68,61.300000000000004,Intermediate
188,86,30,40,83,71,80,72,79,79,61,62.70000000000001,Intermediate
190,77,25,90,80,55,68,65,55,84,68,66.6,Intermediate
171,61,24,81,54,76,85,78,84,55,52,67.95,Intermediate
185,78,27,60,62,56,64,50,60,69,56,54.550000000000004,Intermediate
165,71,19,66,67,85,85,86,88,64,65,69.05,Intermediate
187,78,36,79,80,62,51,64,55,77,71,59.550000000000004,Intermediate
185,77,29,85,80,67,78,72,72,84,69,70.5,Advanced
173,58,24,69,37,84,85,83,86,58,57,64.44999999999999,Intermediate
172,70,33,72,69,86,66,75,70,80,71,64.65,Intermediate
188,87,27,68,84,48,55,42,53,77,68,55.550000000000004,Intermediate
182,75,28,67,65,69,72,76,72,60,71,62.25,Intermediate
182,81,31,82,76,67,72,66,77,81,78,66.75,Intermediate
175,70,28,55,62,78,68,68,67,60,62,58.3,Intermediate
176,70,18,51,40,82,65,80,71,64,57,55.10000000000001,Intermediate
175,71,27,75,80,78,62,74,66,58,69,63.699999999999996,Intermediate
198,90,36,29,68,51,41,48,40,41,66,40.25,Beginner
193,83,27,72,89,29,62,31,55,71,69,55.9,Intermediate
168,63,31,54,69,83,63,78,69,80,60,60.14999999999999,Intermediate
178,76,34,67,70,72,44,75,59,75,63,55.550000000000004,Intermediate
174,66,23,55,43,80,76,83,78,55,68,59.3,Intermediate
192,79,28,39,61,32,48,45,41,60,59,42.050000000000004,Beginner
189,78,29,47,82,54,54,51,47,76,57,52.199999999999996,Intermediate
174,64,22,81,52,85,88,87,88,74,78,71.3,Advanced
185,86,27,55,82,49,44,41,45,61,61,48.55,Beginner
180,69,21,45,48,62,69,73,68,55,42,53.150000000000006,Intermediate
180,78,22,59,66,72,76,66,73,60,60,61.300000000000004,Intermediate
180,70,24,74,72,62,90,72,89,75,61,69.75,Intermediate
184,85,32,74,84,62,61,61,57,82,61,62.10000000000001,Intermediate
173,70,19,52,41,75,70,78,81,52,52,55.449999999999996,Intermediate
187,85,25,27,65,38,45,45,47,69,63,40.4,Beginner
183,78,19,68,55,65,80,73,81,66,52,62.95,Intermediate
183,79,36,63,70,67,55,67,54,62,76,56.10000000000001,Intermediate
177,65,21,54,45,68,79,72,87,79,54,59.2,Intermediate
185,74,28,91,67,64,63,74,65,76,78,64.74999999999999,Intermediate
176,68,22,70,62,68,74,64,76,72,63,62.300000000000004,Intermediate
176,72,33,50,61,75,65,70,66,72,60,56.75,Intermediate
183,79,25,81,77,66,67,54,65,77,64,63.699999999999996,Intermediate
178,71,28,73,77,81,77,78,79,66,68,68.44999999999999,Intermediate
173,65,25,65,57,75,76,70,82,70,61,62.349999999999994,Intermediate
176,73,27,86,59,73,77,71,76,65,69,66.8,Intermediate
173,71,29,54,77,78,67,78,74,58,65,60.949999999999996,Intermediate
175,72,21,49,44,69,59,59,59,51,51,49.449999999999996,Beginner
186,73,23,89,67,58,80,68,77,78,72,68.35,Intermediate
182,81,24,76,72,73,64,73,64,67,67,63.15,Intermediate
173,62,24,74,33,83,74,88,76,65,68,62.3,Intermediate
191,80,22,65,73,63,65,59,64,76,71,59.45,Intermediate
177,68,28,88,61,77,85,81,82,88,56,72.45,Advanced
185,84,23,50,75,59,55,45,52,67,58,51.5,Intermediate
175,72,26,83,77,72,65,67,61,72,57,65.15,Intermediate
180,82,22,55,72,53,55,46,55,74,55,51.900000000000006,Intermediate
190,84,23,25,57,20,30,22,18,52,47,29.349999999999998,Beginner
186,81,23,46,66,54,63,56,64,54,55,51.7,Intermediate
178,75,22,77,60,70,71,70,70,60,70,62.7,Intermediate
185,77,28,82,73,57,72,68,70,66,69,64.75,Intermediate
176,68,24,72,56,65,63,67,65,44,69,57.1,Intermediate
170,75,24,50,68,86,78,82,84,58,65,63.3,Intermediate
178,73,27,70,59,71,60,60,65,70,65,57.45,Intermediate
184,80,40,39,69,62,54,63,58,81,72,50.900000000000006,Intermediate
172,65,20,65,53,79,68,74,71,57,60,59.49999999999999,Intermediate
190,80,21,70,84,42,54,46,54,75,61,55.35,Intermediate
194,84,22,63,86,42,69,43,59,59,72,57.65,Intermediate
175,70,22,63,52,68,81,60,84,49,55,59.95,Intermediate
188,84,34,34,80,52,49,60,47,74,69,48.400000000000006,Beginner
178,73,30,75,76,71,84,78,83,86,65,70.8,Advanced
178,71,31,82,69,82,79,84,78,80,71,71.05,Advanced
186,74,27,35,40,65,44,39,47,55,56,39.35,Beginner
185,80,35,75,77,67,68,70,62,80,66,64.65,Intermediate
183,79,27,74,83,62,75,65,69,84,80,66.65,Intermediate
175,69,31,80,53,77,83,74,74,75,69,67.69999999999999,Intermediate
185,81,26,71,83,67,76,71,77,76,67,67.05000000000001,Intermediate
182,74,25,89,66,69,79,70,84,66,65,68.6,Intermediate
188,81,21,80,70,69,67,67,65,73,58,63.849999999999994,Intermediate
177,60,23,87,58,68,92,84,87,64,57,72.10000000000001,Advanced
195,84,24,73,81,52,82,72,72,71,72,67.30000000000001,Intermediate
186,80,35,62,71,51,67,41,51,70,58,55.85,Intermediate
177,72,21,57,65,72,80,74,76,60,52,62.75,Intermediate
175,73,23,67,61,76,73,77,78,71,72,63.3,Intermediate
193,88,34,65,81,33,62,44,52,66,62,54.74999999999999,Intermediate
201,90,32,56,89,31,74,34,67,71,72,56.8,Intermediate
182,76,24,70,62,78,72,75,73,74,60,63.89999999999999,Intermediate
180,73,27,75,65,70,62,70,56,54,65,60.05,Intermediate
181,75,24,60,50,75,75,71,73,32,55,58.2,Intermediate
186,80,20,68,72,57,68,59,69,56,62,59.199999999999996,Intermediate
184,80,20,73,67,75,73,77,79,60,69,64.75,Intermediate
193,80,24,72,85,52,68,38,65,71,65,60.099999999999994,Intermediate
178,75,24,87,68,67,69,69,76,74,67,65.6,Intermediate
191,79,22,70,74,52,79,57,68,75,50,63.45000000000001,Intermediate
186,78,24,64,77,67,61,67,60,73,61,59.7,Intermediate
179,75,23,57,70,66,69,65,72,73,66,59.35,Intermediate
195,94,28,70,92,35,84,47,68,70,64,64.7,Intermediate
177,80,26,78,59,80,81,82,86,56,63,67.75000000000001,Intermediate
176,72,27,73,56,68,65,67,67,66,52,59.3,Intermediate
180,78,24,68,66,71,73,70,74,73,62,63.15,Intermediate
184,75,28,78,74,70,76,69,77,84,74,67.60000000000001,Intermediate
178,78,19,61,69,70,73,71,74,63,65,61.7,Intermediate
188,74,31,24,43,33,21,24,21,47,45,25.600000000000005,Beginner
180,76,24,82,67,83,70,71,78,61,56,65.9,Intermediate
188,78,24,66,72,51,44,44,59,75,56,50.449999999999996,Intermediate
179,73,28,33,62,58,68,58,66,56,51,50.69999999999999,Intermediate
172,69,20,57,45,61,64,59,61,61,55,52.4,Intermediate
170,64,24,54,58,78,80,80,81,62,53,62.4,Intermediate
184,78,24,61,74,57,53,61,54,71,60,54.550000000000004,Intermediate
170,65,35,91,81,71,35,50,44,88,55,57.35,Intermediate
185,62,27,53,74,40,65,60,60,81,58,55.25,Intermediate
181,71,18,43,66,67,65,63,62,53,49,53.65,Intermediate
178,75,24,55,57,67,65,65,65,46,38,54.55,Intermediate
179,75,23,74,66,67,76,69,73,71,65,64.65,Intermediate
167,65,22,63,39,90,73,91,79,56,66,61.25,Intermediate
180,73,22,83,64,64,62,61,57,71,61,60.85,Intermediate
175,72,25,90,73,77,71,82,82,83,72,70.30000000000001,Advanced
178,71,25,68,55,79,69,77,76,55,66,60.9,Intermediate
183,73,23,58,45,73,69,61,66,66,53,55.75,Intermediate
180,84,33,33,68,78,57,68,61,61,67,51.55,Intermediate
178,68,24,81,56,83,71,85,78,46,77,65.0,Intermediate
180,71,34,72,66,81,63,82,74,68,86,62.9,Intermediate
188,85,30,40,78,48,50,47,55,64,72,47.400000000000006,Beginner
178,80,25,74,70,85,55,79,76,67,78,61.55,Intermediate
190,89,31,42,69,39,44,35,46,55,68,42.1,Beginner
183,75,27,29,38,45,46,68,64,77,72,40.45,Beginner
176,70,30,83,62,78,76,70,72,70,70,67.0,Intermediate
177,71,28,72,58,72,70,76,74,64,63,62.1,Intermediate
163,63,34,55,38,88,75,74,76,73,73,59.050000000000004,Intermediate
190,88,25,34,67,41,43,42,43,58,70,40.95,Beginner
173,63,33,76,56,81,62,77,80,78,67,61.9,Intermediate
182,71,24,66,58,73,72,69,74,69,61,61.150000000000006,Intermediate
180,75,34,66,80,61,77,62,77,90,63,65.1,Intermediate
184,80,22,27,40,44,29,31,33,67,57,30.950000000000003,Beginner
191,75,27,62,82,52,34,31,38,49,55,45.650000000000006,Beginner
187,85,26,76,79,63,65,65,65,90,68,63.85000000000001,Intermediate
165,66,32,61,44,90,70,80,74,72,54,60.400000000000006,Intermediate
181,78,24,72,69,73,77,76,79,91,56,67.3,Intermediate
178,75,22,85,56,70,85,72,78,50,69,67.6,Intermediate
188,86,21,72,82,54,68,64,64,68,75,62.29999999999999,Intermediate
186,66,19,51,48,73,70,76,72,53,50,55.95000000000001,Intermediate
179,73,23,68,65,82,81,78,85,69,66,67.10000000000001,Intermediate
171,66,23,52,57,80,80,81,81,62,66,62.15,Intermediate
190,85,40,32,72,39,35,32,30,48,53,37.199999999999996,Beginner
188,78,19,58,52,66,64,57,62,70,53,54.400000000000006,Intermediate
191,75,32,65,75,55,51,57,55,79,62,54.7,Intermediate
178,71,23,76,62,70,70,67,63,59,68,62.150000000000006,Intermediate
177,62,23,86,68,76,73,76,74,60,68,67.5,Intermediate
177,70,24,66,47,71,82,74,80,40,63,61.349999999999994,Intermediate
163,54,18,53,30,94,72,81,72,64,42,57.400000000000006,Intermediate
181,76,27,62,74,67,73,64,75,75,67,62.25,Intermediate
182,80,31,71,71,86,78,86,79,70,65,68.95,Intermediate
174,57,20,37,31,76,63,64,70,51,72,47.49999999999999,Beginner
187,74,24,63,74,52,55,48,54,72,54,53.800000000000004,Intermediate
177,76,28,74,65,83,89,75,76,67,58,70.39999999999999,Advanced
169,71,23,80,78,64,51,72,53,60,63,59.6,Intermediate
181,77,30,73,67,69,58,63,71,63,64,58.39999999999999,Intermediate
188,88,29,33,68,49,48,45,53,65,70,43.85,Beginner
173,65,20,58,43,89,79,90,86,76,65,63.449999999999996,Intermediate
175,70,26,62,57,88,84,89,86,74,63,67.55,Intermediate
175,71,23,65,61,78,69,76,72,59,55,61.2,Intermediate
183,80,37,54,79,59,51,53,51,92,64,53.75,Intermediate
189,93,27,26,46,42,25,36,25,82,69,31.5,Beginner
177,73,33,81,70,75,78,80,81,74,67,69.3,Intermediate
176,71,22,62,52,78,75,76,75,69,61,61.55,Intermediate
183,77,22,60,63,57,62,56,64,68,55,54.75,Intermediate
189,84,24,78,85,42,65,65,61,70,70,62.050000000000004,Intermediate
183,71,22,65,55,63,65,66,65,62,57,56.75000000000001,Intermediate
183,75,33,53,65,70,61,67,55,71,65,55.900000000000006,Intermediate
178,73,28,68,61,74,70,69,70,72,66,61.65,Intermediate
170,65,20,55,54,62,55,58,62,37,46,49.45000000000001,Beginner
183,73,27,75,74,70,72,69,69,59,57,64.55,Intermediate
184,80,36,74,79,55,52,60,52,75,63,57.5,Intermediate
172,65,25,63,34,90,72,92,76,34,51,59.20000000000001,Intermediate
180,72,26,56,58,54,71,65,70,34,56,54.800000000000004,Intermediate
173,72,27,75,59,76,74,73,68,61,58,64.00000000000001,Intermediate
176,73,35,72,63,73,42,68,54,55,70,53.3,Intermediate
186,82,23,65,66,53,62,64,70,66,59,56.5,Intermediate
192,85,26,25,68,28,25,21,26,57,69,30.450000000000003,Beginner
182,70,28,75,56,75,76,72,76,69,59,64.35,Intermediate
186,90,22,16,36,33,28,30,30,51,46,25.85,Beginner
174,68,21,63,49,74,69,65,75,59,59,57.5,Intermediate
174,71,29,59,70,55,84,70,84,70,55,63.5,Intermediate
192,86,29,75,85,48,58,52,55,87,57,59.50000000000001,Intermediate
190,90,25,17,42,36,31,26,16,63,60,28.35,Beginner
173,65,27,75,56,70,74,77,67,56,62,63.1,Intermediate
176,72,34,68,56,74,60,72,62,51,70,57.15,Intermediate
188,78,23,32,32,42,15,22,27,59,52,25.049999999999997,Beginner
175,71,27,79,57,70,85,75,74,56,61,67.14999999999999,Intermediate
178,76,29,45,59,43,65,55,60,58,52,50.05,Intermediate
188,83,31,85,83,59,57,63,58,75,58,62.49999999999999,Intermediate
191,87,29,33,75,45,39,34,48,54,62,40.150000000000006,Beginner
182,73,30,65,62,68,52,68,51,59,63,54.45,Intermediate
188,74,32,83,69,63,68,66,63,75,65,64.0,Intermediate
178,75,23,60,62,67,59,58,55,65,63,54.75,Intermediate
185,80,28,30,63,58,46,38,41,59,62,41.8,Beginner
195,81,22,52,71,62,76,58,67,52,51,58.45000000000001,Intermediate
184,78,26,81,76,66,75,67,72,57,63,66.25,Intermediate
188,75,25,62,75,58,52,41,50,66,64,52.45,Intermediate
191,73,36,32,67,45,32,43,30,69,63,38.3,Beginner
184,78,26,74,75,62,68,72,69,59,71,62.80000000000001,Intermediate
185,77,26,73,72,64,66,68,66,70,61,61.9,Intermediate
180,69,22,57,57,63,75,61,80,56,62,57.64999999999999,Intermediate
187,80,19,58,50,59,55,42,62,74,55,49.400000000000006,Beginner
196,89,41,40,73,40,42,43,44,66,74,43.15,Beginner
185,80,34,26,57,35,34,41,30,51,61,34.099999999999994,Beginner
183,70,21,48,53,74,68,67,69,70,52,55.550000000000004,Intermediate
180,71,29,85,75,75,83,82,81,60,80,71.85,Advanced
180,72,28,77,65,74,73,79,79,74,65,66.05,Intermediate
182,67,28,65,49,82,78,90,82,60,71,63.95,Intermediate
191,87,31,35,81,46,46,51,39,63,57,45.8,Beginner
183,76,32,64,88,60,67,65,58,75,58,62.349999999999994,Intermediate
182,80,27,77,75,77,73,73,71,80,77,67.55,Intermediate
191,73,19,55,59,51,55,53,58,55,53,49.50000000000001,Beginner
186,77,20,59,65,67,68,62,74,64,59,58.05000000000001,Intermediate
183,75,29,69,57,69,71,64,70,68,70,60.349999999999994,Intermediate
185,78,30,66,68,59,63,57,66,62,55,57.0,Intermediate
171,72,28,66,60,84,73,84,75,61,75,63.949999999999996,Intermediate
199,96,31,54,87,28,34,29,30,66,72,43.04999999999999,Beginner
192,82,25,69,79,51,50,52,39,61,68,54.0,Intermediate
174,70,32,75,60,90,55,90,69,86,82,62.8,Intermediate
177,71,33,71,68,85,72,82,75,71,74,66.25,Intermediate
183,76,25,55,68,63,70,58,68,63,56,57.449999999999996,Intermediate
177,68,22,60,53,73,72,62,76,57,48,57.9,Intermediate
183,78,21,68,81,74,67,54,66,73,53,62.3,Intermediate
182,75,25,72,54,71,79,76,73,58,70,63.800000000000004,Intermediate
169,68,29,65,61,79,84,85,83,63,65,66.9,Intermediate
186,81,21,63,70,60,55,57,55,72,57,54.900000000000006,Intermediate
178,75,29,83,66,70,69,73,63,66,65,64.8,Intermediate
192,82,30,59,81,43,40,50,48,55,55,48.0,Beginner
180,73,25,90,67,74,80,73,81,71,68,70.3,Advanced
178,75,27,91,62,73,70,69,68,77,64,66.55,Intermediate
175,73,31,91,72,78,73,76,75,69,73,69.75,Intermediate
191,82,29,41,63,28,39,38,37,50,57,38.449999999999996,Beginner
188,85,23,75,69,59,68,64,69,77,64,61.9,Intermediate
185,84,31,74,83,53,49,48,45,82,65,56.15,Intermediate
193,75,21,64,78,45,62,49,54,71,58,56.04999999999999,Intermediate
184,84,31,76,83,60,69,55,65,90,69,64.35,Intermediate
180,69,23,69,45,72,81,79,80,63,61,63.1,Intermediate
188,78,22,54,66,52,74,64,72,63,51,57.65,Intermediate
194,91,27,45,71,44,33,50,31,77,58,42.8,Beginner
182,64,24,58,65,73,90,78,90,65,61,66.7,Intermediate
188,72,24,81,75,74,75,69,73,74,73,67.95,Intermediate
182,76,30,76,70,68,63,63,63,74,72,61.400000000000006,Intermediate
179,86,27,66,77,79,67,68,69,66,74,62.84999999999999,Intermediate
183,73,27,73,78,67,71,66,65,78,54,64.80000000000001,Intermediate
172,75,32,70,74,73,72,76,66,72,60,65.19999999999999,Intermediate
188,84,24,79,75,64,67,61,62,75,67,63.4,Intermediate
180,67,27,34,40,75,69,80,76,62,57,52.1,Intermediate
183,76,31,73,72,63,64,68,66,71,62,61.249999999999986,Intermediate
180,72,23,67,65,70,70,76,72,60,65,61.75,Intermediate
182,81,20,32,60,40,42,44,41,60,57,39.4,Beginner
168,57,21,74,51,80,82,81,83,69,68,66.6,Intermediate
183,73,27,83,77,70,82,68,84,75,61,70.3,Advanced
180,71,21,62,61,67,72,69,69,64,47,59.95,Intermediate
170,65,31,90,37,65,55,50,61,52,51,54.15,Intermediate
186,83,25,69,76,58,73,62,67,59,68,62.05000000000001,Intermediate
198,92,32,72,87,30,54,34,55,69,52,53.5,Intermediate
177,74,33,79,77,72,87,83,87,91,73,73.5,Advanced
172,72,28,81,51,82,81,71,84,38,64,65.35000000000001,Intermediate
182,73,25,81,63,72,69,71,63,58,71,63.55,Intermediate
177,73,26,67,56,63,65,69,70,62,57,57.6,Intermediate
170,64,28,57,58,86,70,86,83,75,62,62.05,Intermediate
177,67,28,76,38,77,65,74,68,54,59,58.20000000000001,Intermediate
186,82,22,75,67,81,69,70,68,76,62,64.65,Intermediate
182,81,25,70,65,73,68,52,70,61,57,59.7,Intermediate
192,87,26,23,66,35,34,39,36,57,55,34.95,Beginner
180,75,18,55,58,63,64,65,65,60,46,54.7,Intermediate
192,75,28,65,84,53,54,50,53,72,64,55.699999999999996,Intermediate
176,65,21,62,65,75,84,70,78,51,57,64.4,Intermediate
193,95,21,59,74,55,49,45,63,70,54,51.1,Intermediate
178,70,28,56,65,69,75,67,67,67,56,60.400000000000006,Intermediate
195,88,36,30,68,39,28,26,23,60,64,34.1,Beginner
183,70,31,66,69,61,86,73,82,60,59,65.75,Intermediate
190,78,25,52,63,34,75,42,72,62,57,53.05,Intermediate
182,78,30,77,72,71,69,73,67,78,68,65.2,Intermediate
191,78,27,57,81,50,61,36,53,67,62,53.800000000000004,Intermediate
175,72,23,60,62,77,78,77,79,58,55,63.0,Intermediate
179,62,25,80,67,73,93,84,91,73,78,73.3,Advanced
179,75,25,66,57,63,66,69,64,62,48,57.85,Intermediate
176,67,36,69,60,72,85,87,78,66,84,67.5,Intermediate
175,73,23,63,57,78,80,81,82,60,62,64.05,Intermediate
187,80,23,60,75,52,68,53,66,74,55,57.85000000000001,Intermediate
173,69,26,53,45,78,60,50,60,57,50,51.00000000000001,Intermediate
191,95,33,34,76,58,48,54,46,47,69,46.15,Beginner
191,86,28,78,87,50,74,55,54,69,75,64.8,Intermediate
194,82,25,72,80,51,42,44,52,62,67,51.6,Intermediate
169,65,24,61,60,65,67,70,70,56,55,57.599999999999994,Intermediate
191,84,28,71,82,58,73,35,71,77,55,61.550000000000004,Intermediate
181,67,20,67,56,67,58,58,62,62,62,54.800000000000004,Intermediate
180,72,29,70,64,70,75,65,70,70,62,63.1,Intermediate
178,72,25,77,52,73,85,82,84,50,78,66.7,Intermediate
187,70,19,50,61,75,63,57,67,50,55,53.75,Intermediate
187,83,23,74,71,57,69,55,59,76,58,61.15,Intermediate
177,69,22,63,62,72,83,82,84,68,63,65.60000000000001,Intermediate
183,76,23,49,59,68,53,32,55,75,49,48.3,Beginner
184,82,24,60,70,56,62,47,63,67,44,54.75,Intermediate
190,83,28,72,90,36,65,53,62,83,63,60.45,Intermediate
180,76,24,70,69,76,84,81,82,57,60,68.1,Intermediate
191,74,19,17,46,44,33,34,20,58,35,30.9,Beginner
188,75,24,75,80,68,75,47,55,81,57,65.05,Intermediate
185,80,31,67,82,65,38,59,54,60,61,52.5,Intermediate
187,72,27,78,69,62,90,73,83,89,69,70.9,Advanced
177,72,34,84,76,80,88,83,85,76,66,74.7,Advanced
177,69,22,65,55,76,70,76,70,64,55,60.650000000000006,Intermediate
176,67,21,71,70,72,71,63,73,71,51,63.05,Intermediate
197,81,20,55,80,32,51,33,46,62,54,47.9,Beginner
186,78,33,75,76,66,49,57,42,49,67,55.85000000000001,Intermediate
191,83,23,66,68,56,78,66,74,70,67,62.5,Intermediate
188,75,30,80,82,56,62,55,53,75,67,61.74999999999999,Intermediate
190,78,20,62,63,60,59,50,60,71,49,54.099999999999994,Intermediate
179,77,29,68,80,53,68,56,71,73,63,60.550000000000004,Intermediate
184,77,33,86,80,70,66,73,68,73,71,66.95,Intermediate
178,72,21,63,60,67,77,74,77,68,56,62.2,Intermediate
179,74,23,81,67,73,74,71,75,56,72,65.64999999999999,Intermediate
175,71,35,72,64,79,56,70,59,57,65,58.550000000000004,Intermediate
183,79,30,62,74,58,65,57,61,90,62,59.0,Intermediate
173,70,33,62,69,75,69,73,70,71,68,61.8,Intermediate
187,82,30,71,79,62,56,54,55,62,68,57.550000000000004,Intermediate
190,74,26,75,73,63,64,63,65,75,61,61.5,Intermediate
179,76,29,72,70,67,81,75,82,66,58,66.7,Intermediate
178,73,18,64,55,69,78,76,73,64,64,62.150000000000006,Intermediate
192,78,23,52,72,46,69,51,63,61,54,54.65,Intermediate
174,65,22,81,67,84,89,86,81,53,55,72.60000000000001,Advanced
188,82,30,60,79,32,55,58,53,59,68,52.30000000000001,Intermediate
182,77,27,78,76,63,54,49,52,85,59,58.650000000000006,Intermediate
168,60,23,74,33,84,69,70,74,40,59,57.85,Intermediate
182,76,26,76,77,64,64,56,68,62,67,61.05,Intermediate
178,73,27,62,59,76,77,71,70,54,54,61.75000000000001,Intermediate
189,93,31,71,83,45,61,61,50,63,61,58.7,Intermediate
193,85,20,15,51,31,25,30,25,42,49,26.35,Beginner
182,80,21,55,68,59,57,53,55,67,59,52.849999999999994,Intermediate
177,69,19,45,42,74,64,58,60,53,56,50.349999999999994,Intermediate
187,87,30,17,82,43,52,37,42,58,53,42.199999999999996,Beginner
169,62,30,94,52,88,74,89,78,82,87,70.6,Advanced
173,68,25,62,47,65,77,73,79,50,70,58.849999999999994,Intermediate
175,70,31,81,71,66,82,73,85,57,76,68.19999999999999,Intermediate
184,75,29,80,73,67,76,65,77,67,60,66.3,Intermediate
176,71,21,60,48,83,86,82,85,50,51,64.0,Intermediate
180,71,28,83,59,60,87,80,83,74,63,69.25000000000001,Intermediate
194,84,34,32,60,52,34,44,42,43,61,37.35,Beginner
178,79,25,79,72,74,60,64,72,56,69,61.19999999999999,Intermediate
191,82,21,56,72,46,63,46,55,74,59,53.800000000000004,Intermediate
175,72,25,59,60,70,79,78,76,68,57,62.699999999999996,Intermediate
190,75,27,53,50,42,55,60,65,51,70,47.35,Beginner
163,65,19,57,31,82,73,83,82,56,61,57.25,Intermediate
178,74,25,70,65,74,80,71,76,68,62,65.65,Intermediate
183,82,32,75,84,64,53,63,54,91,62,60.74999999999999,Intermediate
175,64,18,54,42,77,71,72,75,70,54,56.800000000000004,Intermediate
170,75,20,59,55,54,66,64,68,66,59,54.949999999999996,Intermediate
178,71,21,50,50,63,65,60,70,63,55,52.449999999999996,Intermediate
184,77,33,71,68,68,55,68,55,61,78,57.55,Intermediate
192,67,28,77,76,58,81,75,70,70,67,67.9,Intermediate
194,75,25,59,69,53,66,64,68,74,64,57.35000000000001,Intermediate
185,80,24,78,79,65,86,73,78,79,77,71.00000000000001,Advanced
171,75,30,76,67,83,90,90,89,92,65,74.14999999999999,Advanced
200,72,26,53,87,31,60,50,54,64,61,52.95,Intermediate
176,69,20,55,41,86,82,90,83,67,51,62.699999999999996,Intermediate
184,81,22,84,77,76,79,65,79,77,66,69.99999999999999,Intermediate
181,78,30,75,76,68,74,73,67,69,75,66.15,Intermediate
175,70,37,53,72,71,52,63,57,55,77,53.15,Intermediate
180,69,33,69,67,62,45,59,49,61,64,52.5,Intermediate
185,75,22,69,79,63,65,59,53,86,66,61.64999999999999,Intermediate
191,87,27,59,90,61,59,45,56,62,67,56.7,Intermediate
180,78,26,66,78,81,81,82,82,72,58,69.1,Intermediate
179,73,30,33,74,58,66,61,64,79,66,53.35000000000001,Intermediate
186,75,26,51,65,65,81,62,80,57,58,59.800000000000004,Intermediate
180,72,23,55,63,74,77,55,75,69,56,59.9,Intermediate
171,60,21,54,39,90,74,91,87,73,68,60.6,Intermediate
169,60,21,52,40,69,68,66,65,55,41,53.05,Intermediate
185,73,19,50,55,64,67,55,60,58,59,53.14999999999999,Intermediate
178,75,25,70,62,64,67,62,69,68,56,59.39999999999999,Intermediate
185,78,28,27,32,56,47,32,42,51,63,35.65,Beginner
195,91,27,31,85,20,34,21,37,62,61,36.35,Beginner
184,79,34,54,61,60,50,63,55,60,69,50.25,Intermediate
188,77,27,67,82,55,67,62,68,59,68,60.45,Intermediate
192,90,30,28,71,43,48,42,42,60,67,42.15,Beginner
187,77,24,65,72,61,70,62,57,62,57,60.2,Intermediate
180,70,18,50,48,68,66,62,70,59,54,52.95,Intermediate
193,81,22,69,84,49,91,59,76,68,68,67.9,Intermediate
188,80,33,68,76,49,58,46,52,75,48,55.65,Intermediate
182,80,33,65,66,66,64,65,64,68,76,58.6,Intermediate
180,71,25,66,59,71,56,67,59,71,67,56.2,Intermediate
193,79,22,69,79,44,54,52,51,71,57,55.0,Intermediate
176,74,20,52,48,63,65,66,67,41,57,52.05,Intermediate
181,74,24,63,64,75,63,83,79,61,69,59.95,Intermediate
184,82,33,68,62,74,75,73,72,31,63,61.65,Intermediate
191,82,23,67,75,50,69,55,66,65,60,59.1,Intermediate
176,76,29,90,72,70,80,83,71,80,65,72.1,Advanced
183,74,26,60,58,62,62,61,64,60,52,54.6,Intermediate
183,75,20,55,59,58,61,62,61,61,48,53.2,Intermediate
193,80,26,20,44,38,37,40,32,50,53,32.0,Beginner
178,75,31,68,70,79,80,75,78,44,69,65.7,Intermediate
173,70,29,84,62,80,74,80,76,57,70,67.14999999999999,Intermediate
180,66,29,34,59,75,86,80,82,86,64,61.25,Intermediate
180,70,17,65,55,62,75,67,73,73,54,60.300000000000004,Intermediate
190,86,33,22,69,26,21,23,25,40,50,27.95,Beginner
183,74,19,20,53,33,34,38,31,48,43,31.65,Beginner
176,78,35,73,70,80,55,79,60,49,79,59.95,Intermediate
191,86,28,68,81,57,41,72,61,77,65,54.800000000000004,Intermediate
184,73,34,58,73,66,55,59,66,61,73,54.599999999999994,Intermediate
183,81,31,68,76,66,61,61,55,76,72,59.800000000000004,Intermediate
180,70,24,68,65,70,72,72,74,65,54,62.400000000000006,Intermediate
188,81,23,61,68,60,59,50,58,62,55,54.199999999999996,Intermediate
173,69,29,72,56,80,75,72,74,78,65,64.4,Intermediate
176,70,22,75,71,74,72,57,69,62,67,63.449999999999996,Intermediate
190,78,18,40,52,43,44,38,40,61,45,40.14999999999999,Beginner
182,72,22,83,67,68,69,69,74,74,72,64.75,Intermediate
192,79,28,42,73,40,46,69,40,66,76,47.349999999999994,Beginner
178,77,26,63,61,84,92,85,93,76,78,70.05,Advanced
177,74,26,87,79,74,65,66,67,58,76,65.65,Intermediate
180,73,21,72,53,75,85,79,88,64,72,66.44999999999999,Intermediate
176,79,23,59,68,69,82,73,83,72,58,64.39999999999999,Intermediate
196,83,21,55,77,38,59,34,48,44,50,49.65,Beginner
181,71,21,54,56,61,66,68,73,58,50,54.8,Intermediate
169,69,23,69,63,75,64,67,66,44,67,58.85000000000001,Intermediate
174,69,27,53,52,80,72,87,73,70,65,60.2,Intermediate
184,75,24,82,74,58,79,68,69,67,72,67.14999999999999,Intermediate
185,76,27,67,65,66,88,76,89,45,74,66.0,Intermediate
193,84,33,20,59,31,43,55,53,73,66,38.0,Beginner
175,65,23,58,40,80,62,59,67,61,50,53.15,Intermediate
181,78,31,79,70,64,62,61,66,66,63,60.699999999999996,Intermediate
177,70,19,42,47,72,66,61,64,48,61,50.95,Intermediate
184,80,28,62,71,58,77,67,75,68,64,62.050000000000004,Intermediate
201,98,29,73,93,32,75,42,63,54,75,61.150000000000006,Intermediate
180,75,29,51,71,63,69,71,70,80,51,58.95,Intermediate
185,75,19,24,58,41,17,32,26,59,36,28.85,Beginner
193,75,29,66,72,49,67,59,54,80,67,58.89999999999999,Intermediate
185,79,34,65,76,35,68,64,62,71,82,58.24999999999999,Intermediate
178,75,31,74,63,70,70,77,73,70,75,63.45,Intermediate
184,80,30,70,71,63,66,58,65,70,57,60.05,Intermediate
175,65,18,60,40,82,79,78,82,53,55,60.35,Intermediate
181,75,22,25,53,44,22,28,32,57,44,29.6,Beginner
191,80,28,82,81,38,64,61,58,72,59,61.25,Intermediate
176,64,18,58,63,77,74,74,75,48,48,60.75,Intermediate
185,79,20,73,74,77,78,84,78,66,77,68.5,Intermediate
185,78,22,37,40,52,47,51,50,58,57,40.7,Beginner
188,70,27,82,84,62,53,49,51,81,58,60.05,Intermediate
193,84,35,46,82,41,32,38,33,70,70,42.5,Beginner
182,78,28,61,58,51,66,49,64,49,48,53.150000000000006,Intermediate
174,65,22,53,47,76,66,71,59,62,48,55.25000000000001,Intermediate
182,71,25,79,70,74,71,77,77,66,68,66.0,Intermediate
190,87,34,57,85,43,47,40,40,70,58,50.05,Intermediate
191,79,25,63,75,38,35,44,38,70,53,46.05,Beginner
187,82,20,66,67,65,66,62,68,69,54,59.2,Intermediate
175,70,24,78,78,86,78,84,79,79,70,71.65,Advanced
173,68,24,63,55,85,75,85,75,71,62,63.9,Intermediate
183,79,20,62,70,64,63,58,64,70,45,57.49999999999999,Intermediate
172,74,27,71,57,87,80,84,81,58,48,66.75,Intermediate
178,70,27,75,54,78,87,91,90,60,67,69.1,Intermediate
172,70,26,80,59,59,70,61,70,60,60,60.85,Intermediate
180,75,19,62,70,65,57,57,57,70,49,55.7,Intermediate
195,87,28,35,68,52,43,37,45,50,52,41.5,Beginner
175,71,25,79,55,73,69,82,78,64,72,63.45,Intermediate
195,88,32,73,87,57,50,39,42,52,62,54.85,Intermediate
184,77,22,63,73,59,55,46,53,77,65,54.4,Intermediate
182,78,26,78,71,65,76,65,69,67,70,65.4,Intermediate
167,64,23,58,37,90,89,80,88,69,42,64.3,Intermediate
171,65,20,56,42,82,75,84,78,46,50,58.9,Intermediate
168,61,20,64,32,85,78,93,85,40,68,60.8,Intermediate
179,70,34,88,78,74,39,67,61,91,67,59.65,Intermediate
176,69,26,72,66,77,54,65,65,80,62,58.7,Intermediate
188,85,19,24,56,38,32,31,34,64,44,32.900000000000006,Beginner
180,78,37,73,73,70,67,65,65,80,73,63.150000000000006,Intermediate
173,70,36,71,62,73,45,60,55,82,69,54.4,Intermediate
180,70,24,71,57,70,80,68,77,68,55,63.949999999999996,Intermediate
175,70,31,89,73,79,85,75,81,85,76,73.9,Advanced
178,70,27,68,71,87,51,80,59,45,65,58.5,Intermediate
185,74,23,67,77,44,49,45,53,72,56,52.15,Intermediate
180,73,26,79,74,62,81,74,80,60,64,67.8,Intermediate
192,88,29,63,90,34,39,34,47,73,64,48.24999999999999,Beginner
185,71,22,60,68,61,74,80,77,53,57,61.150000000000006,Intermediate
187,88,27,28,61,40,38,37,39,59,60,36.8,Beginner
168,62,22,42,39,72,69,71,67,55,48,52.00000000000001,Intermediate
185,76,29,59,67,55,51,37,54,74,51,50.050000000000004,Intermediate
175,75,23,59,68,68,79,79,78,65,56,63.650000000000006,Intermediate
182,75,25,64,66,57,80,67,72,68,55,62.5,Intermediate
164,64,25,72,65,69,69,70,71,34,65,60.45,Intermediate
196,88,23,18,64,24,32,35,18,34,61,30.399999999999995,Beginner
196,85,21,29,50,31,44,40,44,50,61,36.1,Beginner
185,76,32,86,81,73,74,61,64,80,78,68.95,Intermediate
192,81,34,65,80,55,31,42,45,70,45,47.5,Beginner
195,82,23,25,49,46,27,25,15,62,57,30.650000000000002,Beginner
180,77,32,76,75,69,79,81,83,82,76,69.25,Intermediate
193,85,31,26,63,30,27,39,21,28,66,31.049999999999997,Beginner
188,88,30,77,87,64,80,57,73,87,76,68.89999999999999,Intermediate
173,73,29,68,66,88,87,86,87,82,59,71.1,Advanced
177,67,22,51,48,75,81,80,85,60,51,60.2,Intermediate
188,82,33,69,73,52,44,51,51,64,54,51.45000000000001,Intermediate
173,75,21,60,45,78,68,71,64,54,61,56.75,Intermediate
191,76,22,20,62,23,17,28,22,45,58,25.75,Beginner
172,60,24,77,57,87,87,93,92,89,77,72.5,Advanced
194,82,28,78,79,52,66,60,65,83,72,62.60000000000001,Intermediate
182,83,33,75,80,62,40,54,52,54,72,53.300000000000004,Intermediate
190,89,23,65,79,49,88,46,73,74,59,64.45,Intermediate
198,84,20,15,63,24,18,22,21,33,38,24.099999999999994,Beginner
189,75,22,66,75,46,53,44,55,74,56,53.050000000000004,Intermediate
175,72,31,71,62,85,71,84,75,38,58,63.599999999999994,Intermediate
169,60,22,68,63,69,78,79,75,59,60,64.2,Intermediate
182,68,23,60,58,51,65,57,63,59,57,53.95000000000001,Intermediate
170,57,23,44,52,67,82,75,71,45,40,57.65,Intermediate
184,74,37,67,71,71,68,70,66,83,75,62.699999999999996,Intermediate
177,75,31,82,68,71,68,71,73,77,73,65.05,Intermediate
175,73,26,78,75,79,69,74,74,68,69,66.25,Intermediate
193,80,24,47,59,54,55,57,61,60,57,48.85,Beginner
193,97,28,23,73,35,37,33,31,55,62,36.2,Beginner
178,68,22,72,56,78,80,70,74,59,63,64.55,Intermediate
181,77,31,58,68,63,58,52,61,59,58,53.650000000000006,Intermediate
185,76,32,80,79,61,80,67,76,66,53,67.95,Intermediate
193,80,29,71,80,46,65,62,63,69,74,59.95000000000001,Intermediate
176,72,32,62,61,79,62,78,66,86,68,60.15,Intermediate
161,63,23,63,36,87,76,72,70,62,47,59.80000000000001,Intermediate
185,86,38,25,59,49,52,52,51,55,48,42.300000000000004,Beginner
176,78,22,62,56,70,69,69,73,44,56,57.6,Intermediate
194,86,25,35,63,42,42,39,40,68,58,40.550000000000004,Beginner
181,71,24,74,65,71,67,68,66,66,67,61.85,Intermediate
188,78,23,24,64,46,42,46,38,67,62,39.550000000000004,Beginner
178,73,21,52,41,82,81,74,78,48,53,58.85,Intermediate
177,76,23,59,48,73,65,67,65,70,58,56.0,Intermediate
187,82,25,71,84,60,69,63,67,71,70,63.349999999999994,Intermediate
180,84,32,70,75,64,70,73,69,73,70,63.599999999999994,Intermediate
190,77,28,59,75,49,67,65,61,74,56,58.25,Intermediate
179,80,36,55,70,70,51,63,53,65,63,53.349999999999994,Intermediate
173,69,27,78,67,81,66,76,77,59,79,64.10000000000001,Intermediate
176,70,22,67,55,76,67,76,70,69,58,60.400000000000006,Intermediate
182,71,32,74,65,68,54,71,63,55,65,57.400000000000006,Intermediate
178,70,20,69,52,71,68,66,66,62,68,58.800000000000004,Intermediate
178,67,25,65,47,73,85,76,81,43,61,62.6,Intermediate
183,75,28,55,70,63,62,50,59,68,61,54.79999999999999,Intermediate
180,86,21,66,72,68,60,56,63,73,64,58.050000000000004,Intermediate
186,83,27,48,80,63,76,64,66,77,73,60.95000000000001,Intermediate
196,93,30,25,70,32,49,30,48,60,62,39.400000000000006,Beginner
177,64,25,70,38,57,65,72,70,46,61,54.400000000000006,Intermediate
181,78,30,93,76,75,55,62,58,76,67,64.0,Intermediate
175,66,23,81,55,82,85,83,91,60,59,69.45,Intermediate
184,78,19,58,54,71,71,71,73,50,58,57.70000000000001,Intermediate
190,89,26,42,91,58,50,40,55,62,46,49.949999999999996,Beginner
180,70,28,57,57,67,69,69,67,68,60,57.65,Intermediate
191,90,33,28,68,52,36,37,42,54,52,38.2,Beginner
188,81,25,65,79,45,55,41,44,70,59,53.45,Intermediate
175,65,18,54,36,75,64,76,66,48,50,52.9,Intermediate
180,82,34,74,73,59,78,71,77,76,69,65.95,Intermediate
192,77,22,67,79,58,80,53,76,73,58,63.99999999999999,Intermediate
180,71,35,62,73,71,82,71,82,72,77,65.75,Intermediate
185,78,27,70,68,65,55,66,65,73,60,57.45,Intermediate
188,79,24,71,75,49,55,53,53,61,61,55.199999999999996,Intermediate
186,73,23,73,72,63,53,58,43,71,69,56.94999999999999,Intermediate
182,72,21,66,58,64,78,68,75,63,59,61.64999999999999,Intermediate
178,70,23,75,60,78,79,79,81,66,73,66.7,Intermediate
178,78,21,74,71,82,79,71,79,62,68,67.55,Intermediate
184,77,21,63,68,62,63,66,64,64,66,57.70000000000001,Intermediate
190,84,29,76,85,64,47,62,54,70,65,58.15,Intermediate
189,77,25,44,56,52,41,37,43,55,58,41.150000000000006,Beginner
177,69,24,84,69,75,67,62,66,71,55,64.5,Intermediate
183,75,28,56,67,62,65,61,67,63,70,56.2,Intermediate
181,73,28,82,71,60,60,72,62,59,66,61.20000000000001,Intermediate
192,75,19,45,62,53,47,47,33,68,52,45.800000000000004,Beginner
196,72,26,67,82,40,43,34,53,68,57,49.4,Beginner
171,63,23,86,53,81,83,85,90,63,67,69.8,Intermediate
171,69,21,73,69,91,82,90,91,57,72,70.5,Advanced
181,80,34,62,76,70,72,74,70,69,65,63.25,Intermediate
171,65,23,78,38,86,90,90,92,90,56,70.4,Advanced
184,76,25,62,68,67,77,74,84,72,64,63.400000000000006,Intermediate
185,77,23,64,74,52,54,55,52,75,62,54.550000000000004,Intermediate
174,73,20,65,63,71,67,64,63,71,55,59.599999999999994,Intermediate
167,65,27,80,66,72,67,60,72,71,45,62.74999999999999,Intermediate
185,77,25,90,78,80,85,80,78,71,76,74.75,Advanced
193,83,33,84,87,59,54,71,55,85,72,63.3,Intermediate
182,78,29,64,72,59,54,61,59,73,63,55.449999999999996,Intermediate
181,71,30,82,62,70,79,75,78,81,79,67.95,Intermediate
185,81,30,59,79,55,64,58,57,71,71,57.7,Intermediate
185,85,27,68,82,60,76,66,74,78,69,65.2,Intermediate
178,72,24,69,70,72,74,60,76,75,75,63.45,Intermediate
172,67,19,63,32,83,65,62,67,34,51,53.10000000000001,Intermediate
177,72,22,60,57,78,64,71,74,61,65,57.7,Intermediate
178,77,30,54,62,65,73,48,72,75,66,57.05,Intermediate
179,72,26,69,59,67,70,71,73,58,56,60.35,Intermediate
178,69,24,68,59,73,69,72,67,54,60,60.35000000000001,Intermediate
174,70,36,80,61,78,67,72,71,71,65,63.8,Intermediate
173,62,25,71,45,82,75,73,79,69,65,62.400000000000006,Intermediate
166,60,22,70,37,62,66,66,68,62,56,55.25,Intermediate
192,75,20,19,31,44,22,35,28,56,33,25.750000000000004,Beginner
175,74,27,82,62,71,82,81,80,71,54,69.05,Intermediate
166,60,27,87,32,92,68,90,70,72,74,64.39999999999999,Intermediate
173,72,26,73,60,77,68,70,69,72,63,62.300000000000004,Intermediate
186,78,26,28,61,55,49,33,41,51,63,40.8,Beginner
172,66,31,63,55,87,65,62,67,66,63,58.550000000000004,Intermediate
178,70,19,34,33,64,68,73,67,55,47,48.6,Beginner
169,66,21,65,55,65,68,55,70,62,58,56.75,Intermediate
192,81,23,73,89,36,86,68,77,80,69,68.15,Intermediate
196,86,35,38,70,33,57,52,56,75,67,47.45,Beginner
179,78,31,91,72,71,74,72,69,71,63,69.05,Intermediate
185,75,31,73,77,52,67,67,68,86,67,62.45,Intermediate
186,86,35,54,78,62,47,63,54,80,63,53.099999999999994,Intermediate
171,70,30,69,65,87,85,84,81,87,66,70.49999999999999,Advanced
184,82,31,77,89,70,66,68,52,91,71,66.9,Intermediate
176,69,29,60,54,75,67,71,78,60,57,57.8,Intermediate
182,81,32,75,74,64,64,62,65,70,67,61.400000000000006,Intermediate
175,68,25,80,66,80,84,79,82,67,50,70.35,Advanced
180,76,18,62,67,76,79,77,73,68,56,64.85000000000001,Intermediate
188,81,22,46,80,46,76,39,59,79,50,56.45,Intermediate
173,67,26,75,62,82,80,85,81,89,65,69.45,Intermediate
178,70,29,81,69,67,66,66,65,63,62,62.800000000000004,Intermediate
192,80,23,68,74,45,67,40,64,71,57,56.85,Intermediate
177,73,39,60,60,75,60,60,57,69,63,55.95,Intermediate
170,63,19,51,44,73,54,77,69,59,54,50.95,Intermediate
182,83,23,72,74,65,70,60,70,85,55,63.25,Intermediate
180,77,33,63,65,76,73,71,59,55,71,61.7,Intermediate
170,65,24,71,45,82,69,70,72,45,64,59.1,Intermediate
177,63,28,73,63,84,80,86,85,46,77,67.35,Intermediate
187,78,37,60,80,53,50,51,47,90,70,53.900000000000006,Intermediate
175,73,27,74,60,73,78,73,79,71,54,65.35,Intermediate
178,76,29,89,60,75,67,84,78,68,73,66.2,Intermediate
174,72,30,81,60,75,79,82,84,33,71,66.25,Intermediate
187,81,39,68,79,57,40,50,47,73,67,51.800000000000004,Intermediate
191,78,22,17,61,25,50,58,54,35,53,37.599999999999994,Beginner
192,75,26,72,90,43,86,66,81,84,70,68.80000000000001,Intermediate
185,67,19,36,51,72,68,64,66,53,50,51.5,Intermediate
177,68,22,83,65,65,67,62,74,68,59,62.550000000000004,Intermediate
193,79,31,33,75,45,45,30,47,59,60,41.800000000000004,Beginner
183,72,27,82,71,63,74,61,68,70,47,65.15,Intermediate
183,83,28,74,80,62,64,62,60,76,48,62.2,Intermediate
185,85,27,69,74,59,70,59,66,62,63,60.8,Intermediate
194,87,27,52,85,34,55,48,51,56,54,50.65,Intermediate
179,69,27,64,67,57,66,58,62,63,51,57.300000000000004,Intermediate
187,85,35,14,58,32,13,24,12,23,60,22.149999999999995,Beginner
170,67,24,66,64,79,79,84,82,55,66,65.55,Intermediate
177,69,28,81,74,69,66,70,69,59,78,63.95,Intermediate
172,68,29,65,34,90,78,87,77,73,59,62.85,Intermediate
179,72,33,40,66,54,52,65,49,77,65,49.25,Beginner
180,72,29,77,63,77,78,79,74,65,62,67.1,Intermediate
181,75,32,89,74,78,73,76,75,63,91,69.35000000000001,Intermediate
169,60,25,79,60,88,65,80,68,37,61,62.949999999999996,Intermediate
185,83,29,32,35,46,29,38,30,60,48,31.750000000000004,Beginner
180,73,23,58,55,71,68,57,66,56,51,55.85,Intermediate
184,80,19,65,58,70,59,59,58,51,62,54.849999999999994,Intermediate
190,90,32,66,87,50,53,55,52,53,64,55.3,Intermediate
177,73,25,63,55,71,67,64,71,58,63,57.35,Intermediate
180,75,28,77,71,74,91,87,87,82,65,73.55,Advanced
173,68,25,90,58,76,89,91,92,68,68,73.50000000000001,Advanced
176,75,33,45,62,74,67,68,65,68,68,56.0,Intermediate
189,88,36,35,81,39,45,37,41,65,77,43.5,Beginner
190,80,26,73,85,38,84,54,74,73,64,65.39999999999999,Intermediate
178,72,26,70,62,70,74,58,71,56,69,61.099999999999994,Intermediate
183,79,24,63,67,60,65,63,63,56,52,57.25,Intermediate
167,63,35,75,54,70,76,73,77,60,64,63.2,Intermediate
190,79,32,66,82,51,36,47,34,82,67,50.2,Intermediate
185,80,37,51,72,44,33,32,33,73,68,42.15,Beginner
184,78,22,67,72,58,72,65,68,70,56,61.599999999999994,Intermediate
188,79,28,56,65,55,54,45,52,72,44,50.75,Intermediate
187,81,30,68,74,52,54,47,55,72,59,54.400000000000006,Intermediate
170,65,27,75,57,91,86,91,91,84,75,71.75,Advanced
175,70,21,58,47,75,63,56,61,57,48,53.5,Intermediate
179,67,26,80,59,73,71,73,69,65,60,64.0,Intermediate
174,64,21,63,42,72,71,72,64,52,61,57.20000000000001,Intermediate
179,79,27,70,70,62,62,68,63,64,66,59.3,Intermediate
178,75,25,72,62,84,85,85,83,79,64,70.05,Advanced
179,70,30,78,81,60,76,72,74,86,63,68.05000000000001,Intermediate
193,83,29,79,81,35,81,56,69,80,69,65.35,Intermediate
183,79,20,59,56,55,59,58,60,57,50,52.050000000000004,Intermediate
173,62,34,49,49,83,72,90,72,49,62,58.5,Intermediate
185,80,30,62,87,75,59,72,58,69,68,61.300000000000004,Intermediate
189,80,23,55,62,65,79,80,81,71,52,62.05,Intermediate
171,70,26,76,61,79,76,80,80,72,73,66.64999999999999,Intermediate
180,80,29,69,81,64,64,63,67,85,66,62.1,Intermediate
179,75,28,61,80,66,60,47,60,72,64,57.10000000000001,Intermediate
179,70,28,73,54,78,70,81,79,68,69,63.00000000000001,Intermediate
182,75,35,64,81,71,76,76,72,70,69,65.95,Intermediate
196,76,18,17,57,29,32,33,20,31,56,29.3,Beginner
180,75,21,58,47,66,64,69,68,55,58,54.1,Intermediate
169,62,22,50,58,60,64,52,66,58,48,52.0,Intermediate
175,70,24,74,74,84,75,77,79,78,64,68.4,Intermediate
185,74,24,62,57,67,78,66,77,62,56,60.75,Intermediate
188,80,20,56,70,64,59,47,56,77,58,54.35,Intermediate
192,86,23,19,60,28,25,25,32,35,55,27.35,Beginner
180,73,24,71,62,72,78,79,83,73,78,65.65,Intermediate
184,75,22,72,71,61,62,48,67,70,51,58.050000000000004,Intermediate
177,76,27,72,65,72,73,66,75,73,68,63.5,Intermediate
177,67,21,62,51,64,77,77,78,58,54,60.15,Intermediate
185,80,18,55,68,58,54,55,55,68,56,52.1,Intermediate
184,77,31,70,76,61,34,53,46,84,62,51.20000000000001,Intermediate
180,79,22,53,61,65,59,57,65,61,48,52.7,Intermediate
176,70,23,56,54,73,57,61,64,65,48,53.05,Intermediate
177,68,21,72,68,73,70,74,72,69,60,63.75,Intermediate
177,75,24,70,73,67,67,59,61,57,66,60.5,Intermediate
188,77,19,61,77,59,78,60,76,76,61,62.849999999999994,Intermediate
168,65,26,77,36,84,80,89,85,57,69,64.94999999999999,Intermediate
181,72,32,80,72,66,65,63,66,60,68,62.199999999999996,Intermediate
183,73,32,80,64,66,65,70,63,66,60,62.0,Intermediate
168,60,20,34,30,82,73,76,74,44,59,51.20000000000001,Intermediate
182,74,31,73,69,68,78,66,71,71,74,65.3,Intermediate
188,80,34,54,82,47,32,46,30,46,76,44.3,Beginner
188,80,29,68,79,56,48,57,52,90,67,55.650000000000006,Intermediate
174,68,28,69,45,83,87,86,89,72,70,67.14999999999999,Intermediate
180,73,26,78,70,70,74,71,73,90,58,66.9,Intermediate
180,75,22,66,59,71,77,78,78,58,63,62.95,Intermediate
189,81,26,69,74,66,66,68,62,77,52,61.95,Intermediate
175,70,25,65,62,70,84,83,81,65,49,66.05,Intermediate
177,76,31,73,68,77,65,74,73,69,69,62.85,Intermediate
177,74,36,53,61,61,51,64,56,80,65,51.55,Intermediate
187,80,29,63,77,57,54,55,51,78,61,55.45,Intermediate
178,75,28,64,63,82,85,87,90,68,58,68.05000000000001,Intermediate
182,77,24,68,66,67,60,61,62,61,58,57.35,Intermediate
194,75,22,64,84,35,66,42,54,78,76,56.800000000000004,Intermediate
175,69,24,83,61,76,91,89,90,90,70,74.05,Advanced
173,64,24,66,47,83,71,79,76,63,62,60.9,Intermediate
180,67,19,53,55,69,76,64,75,51,65,57.5,Intermediate
182,74,20,57,73,67,65,63,62,77,46,58.699999999999996,Intermediate
183,80,27,73,75,58,71,71,66,54,67,62.750000000000014,Intermediate
187,84,30,71,79,65,64,61,64,83,62,62.0,Intermediate
185,79,23,32,58,50,40,52,38,66,62,40.599999999999994,Beginner
187,66,28,75,79,65,65,60,60,70,70,62.35,Intermediate
181,79,25,66,69,68,70,67,70,79,62,62.000000000000014,Intermediate
191,88,27,25,67,33,54,55,57,57,66,42.9,Beginner
185,70,27,76,80,73,74,71,72,85,62,68.05,Intermediate
185,77,22,78,63,63,73,70,71,73,61,63.9,Intermediate
172,66,33,74,56,80,62,72,66,59,66,59.95,Intermediate
175,77,28,58,60,83,69,78,69,38,60,59.29999999999999,Intermediate
186,80,26,61,76,61,64,59,71,84,61,59.0,Intermediate
182,70,23,71,59,61,93,67,83,58,69,66.65,Intermediate
171,62,22,61,59,70,71,77,67,72,52,60.650000000000006,Intermediate
177,74,32,70,60,78,72,78,74,66,72,63.499999999999986,Intermediate
182,78,21,72,68,59,69,68,69,67,60,61.349999999999994,Intermediate
170,62,31,60,48,90,81,64,82,57,65,61.75,Intermediate
188,82,29,38,64,54,35,50,44,62,63,41.2,Beginner
174,68,24,83,71,79,75,77,79,79,68,69.30000000000001,Intermediate
179,74,31,55,59,63,52,40,74,43,71,47.9,Beginner
179,71,32,67,56,74,68,76,74,66,69,60.49999999999999,Intermediate
178,78,39,47,69,72,65,43,63,58,58,53.65,Intermediate
182,76,29,90,73,78,72,75,72,50,72,68.35,Intermediate
180,78,25,69,62,57,70,79,72,79,72,61.65,Intermediate
185,81,29,70,67,56,69,74,69,71,60,61.3,Intermediate
175,61,31,57,62,67,67,71,64,72,58,58.2,Intermediate
182,80,31,65,44,76,74,83,75,62,65,60.80000000000001,Intermediate
188,85,26,60,72,62,69,64,58,69,68,59.550000000000004,Intermediate
191,77,28,50,87,53,64,53,53,85,67,57.099999999999994,Intermediate
178,74,27,73,64,76,82,81,84,58,73,67.4,Intermediate
193,77,20,70,83,61,84,74,77,83,66,69.30000000000001,Intermediate
193,85,34,50,87,32,35,32,32,62,65,43.050000000000004,Beginner
173,65,20,71,33,86,88,91,90,49,55,65.7,Intermediate
174,71,23,71,73,70,68,60,69,65,64,61.8,Intermediate
181,78,23,76,75,59,76,69,74,73,58,65.7,Intermediate
184,83,24,75,80,65,77,61,69,70,65,66.19999999999999,Intermediate
175,69,22,62,60,72,70,73,72,50,57,59.400000000000006,Intermediate
174,66,26,66,56,67,69,73,70,56,61,59.099999999999994,Intermediate
174,70,20,53,53,62,64,64,68,74,59,54.050000000000004,Intermediate
196,82,21,19,57,28,27,27,32,43,52,28.099999999999998,Beginner
184,75,24,70,65,62,63,52,64,66,61,57.35,Intermediate
189,78,28,83,75,54,51,59,52,76,80,58.24999999999999,Intermediate
191,75,21,69,83,63,84,68,69,62,73,67.64999999999999,Intermediate
184,74,28,76,74,49,51,37,38,72,63,53.800000000000004,Intermediate
172,71,21,75,43,82,83,86,81,46,50,65.45,Intermediate
186,73,30,76,70,58,51,60,52,64,64,56.0,Intermediate
183,76,36,58,72,67,54,61,67,60,60,54.400000000000006,Intermediate
178,70,25,67,56,88,90,89,90,92,60,71.1,Advanced
178,69,30,88,63,70,83,83,85,62,81,70.35,Advanced
184,76,24,83,76,71,86,77,79,86,79,72.9,Advanced
184,75,21,57,69,54,61,59,56,63,47,54.5,Intermediate
190,85,23,57,85,47,72,57,62,61,60,59.2,Intermediate
190,79,22,65,74,56,65,56,55,73,66,58.45,Intermediate
179,70,32,72,70,69,62,64,64,59,62,59.75,Intermediate
175,73,24,70,60,79,80,77,82,73,58,66.25,Intermediate
178,67,38,56,70,52,34,34,52,56,73,43.3,Beginner
178,54,23,42,42,71,85,78,91,58,48,58.0,Intermediate
192,86,23,66,79,70,67,71,58,54,49,61.95,Intermediate
183,75,29,65,64,65,62,62,60,73,70,57.55,Intermediate
180,76,33,58,61,70,65,60,62,69,64,56.7,Intermediate
184,81,26,72,67,65,63,68,55,57,72,59.49999999999999,Intermediate
185,76,25,80,63,75,60,74,73,52,66,60.95,Intermediate
185,77,25,78,77,58,73,63,71,79,82,65.1,Intermediate
188,78,24,72,70,62,76,73,75,64,52,64.4,Intermediate
176,77,18,62,58,67,66,65,66,60,43,57.10000000000001,Intermediate
191,78,22,64,76,41,65,44,49,68,56,55.599999999999994,Intermediate
191,93,26,65,90,45,69,45,70,74,53,59.900000000000006,Intermediate
180,75,18,55,55,65,63,65,60,55,54,53.9,Intermediate
180,79,23,47,60,78,72,70,74,50,37,57.3,Intermediate
176,72,25,62,52,67,83,75,83,59,55,62.25,Intermediate
175,76,31,84,76,77,64,67,70,85,77,66.05000000000001,Intermediate
190,86,32,48,77,51,50,49,39,70,73,49.65,Beginner
179,76,20,53,70,69,54,48,55,65,60,52.24999999999999,Intermediate
187,76,27,73,73,67,65,55,63,75,65,61.0,Intermediate
182,73,19,62,53,63,58,58,63,56,54,52.64999999999999,Intermediate
191,80,26,65,82,47,71,46,55,65,55,59.15,Intermediate
189,80,32,78,73,48,65,57,68,61,76,59.599999999999994,Intermediate
178,75,36,54,60,68,64,48,55,76,62,54.39999999999999,Intermediate
185,71,23,48,59,61,70,73,62,59,62,55.800000000000004,Intermediate
185,74,33,34,65,31,28,27,22,59,55,33.7,Beginner
186,80,29,76,74,54,54,48,52,59,65,55.65,Intermediate
181,78,25,84,67,63,74,54,76,76,65,64.55,Intermediate
180,77,31,81,66,69,70,71,75,56,71,63.9,Intermediate
176,75,27,90,67,63,66,66,63,71,72,64.3,Intermediate
185,77,26,75,67,72,73,72,73,65,59,64.6,Intermediate
175,69,23,39,62,67,64,68,65,64,49,53.0,Intermediate
189,78,27,70,78,59,59,49,56,86,68,58.49999999999999,Intermediate
184,77,22,65,66,64,68,62,63,72,60,59.5,Intermediate
185,78,29,77,78,76,64,60,68,82,56,64.0,Intermediate
190,80,35,66,79,54,54,55,51,67,73,55.5,Intermediate
180,77,25,64,58,64,67,62,67,61,57,57.24999999999999,Intermediate
184,76,30,85,81,67,67,65,66,74,77,66.14999999999999,Intermediate
184,74,26,71,67,72,66,71,67,83,57,62.5,Intermediate
180,78,19,20,42,48,22,38,22,65,55,28.75,Beginner
184,78,26,77,75,70,86,73,84,78,78,70.65,Advanced
183,70,23,83,80,76,65,68,62,82,71,66.60000000000001,Intermediate
193,92,30,58,90,42,66,43,34,63,64,56.550000000000004,Intermediate
188,83,24,25,62,34,30,29,33,44,55,31.799999999999994,Beginner
178,77,29,76,73,79,73,80,75,88,64,68.35,Intermediate
185,76,23,60,92,74,50,50,50,86,53,57.49999999999999,Intermediate
179,87,27,65,56,67,71,63,67,73,59,59.35,Intermediate
181,72,21,55,41,70,69,77,76,47,57,54.900000000000006,Intermediate
180,76,31,67,63,67,76,76,78,73,57,63.60000000000001,Intermediate
187,78,28,65,70,62,66,60,67,64,66,58.7,Intermediate
169,67,29,73,59,92,77,87,84,54,65,67.15,Intermediate
186,82,23,64,83,53,63,58,57,80,67,59.25,Intermediate
190,80,20,67,69,56,69,63,65,62,65,59.45,Intermediate
170,68,24,65,59,89,75,90,74,50,69,64.75,Intermediate
184,78,21,62,60,64,90,73,86,64,51,65.3,Intermediate
175,67,27,55,57,72,62,69,70,60,62,55.25,Intermediate
178,73,26,75,65,75,83,79,90,66,58,68.35,Intermediate
180,70,27,79,55,67,79,78,81,79,72,66.2,Intermediate
180,72,29,77,70,69,45,57,48,67,64,55.35,Intermediate
182,80,40,34,56,56,33,38,34,44,42,36.7,Beginner
177,73,29,90,68,67,78,67,79,66,75,68.3,Intermediate
178,78,23,80,65,73,78,80,71,80,71,68.45,Intermediate
184,77,32,72,83,63,74,73,69,83,63,66.8,Intermediate
195,87,20,20,55,26,33,23,26,32,39,28.650000000000002,Beginner
178,65,20,52,44,73,71,68,73,53,47,55.050000000000004,Intermediate
173,65,23,73,52,84,84,88,86,63,65,67.95,Intermediate
183,75,27,58,68,69,90,73,88,83,63,67.14999999999999,Intermediate
175,64,22,58,58,73,65,72,62,75,50,58.05,Intermediate
186,82,33,62,86,64,65,67,64,80,73,61.9,Intermediate
182,75,33,85,72,75,80,75,80,76,68,70.6,Advanced
185,80,24,78,70,71,72,69,73,72,55,65.3,Intermediate
182,77,31,64,74,70,67,64,65,73,75,61.05,Intermediate
172,63,27,67,34,79,78,75,68,76,54,61.099999999999994,Intermediate
177,67,25,61,44,72,88,73,85,47,55,62.050000000000004,Intermediate
186,76,18,55,70,59,76,69,75,64,49,60.3,Intermediate
177,75,24,66,56,69,75,75,81,74,64,62.2,Intermediate
181,79,35,65,71,65,72,65,74,73,65,61.89999999999999,Intermediate
185,76,20,50,62,61,57,49,61,72,57,51.0,Intermediate
180,67,21,87,67,73,83,76,83,82,58,71.35,Advanced
188,88,29,70,85,57,54,59,58,70,69,58.050000000000004,Intermediate
177,73,29,69,76,68,80,76,81,82,70,67.69999999999999,Intermediate
187,67,24,78,60,67,67,67,69,58,60,61.00000000000001,Intermediate
170,66,22,56,39,78,72,78,69,42,64,56.35,Intermediate
173,77,21,61,67,87,89,89,94,75,70,70.3,Advanced
185,79,27,59,59,58,64,53,60,61,55,54.0,Intermediate
188,86,30,37,76,47,42,39,47,53,49,42.65,Beginner
182,80,31,85,72,59,62,62,57,58,69,61.39999999999999,Intermediate
185,72,28,77,79,64,64,68,68,80,69,63.65,Intermediate
181,73,23,62,64,65,69,64,68,77,67,59.45,Intermediate
175,69,31,63,44,73,71,63,74,53,64,56.75000000000001,Intermediate
178,72,20,62,61,69,64,58,65,64,55,56.65,Intermediate
191,85,21,62,80,45,60,48,59,72,56,55.300000000000004,Intermediate
182,74,25,49,55,63,67,59,68,40,49,52.349999999999994,Intermediate
191,86,25,79,77,54,69,72,77,60,69,63.65,Intermediate
177,60,21,58,45,76,73,74,62,55,54,58.0,Intermediate
188,85,28,53,76,47,62,45,61,72,60,53.400000000000006,Intermediate
188,80,26,69,76,60,58,50,52,73,59,57.25,Intermediate
189,79,26,31,55,35,26,38,25,43,61,31.7,Beginner
188,84,26,78,79,39,82,74,84,84,74,67.55,Intermediate
178,75,25,78,73,72,73,66,72,61,65,65.30000000000001,Intermediate
188,77,20,25,45,42,48,52,48,67,52,38.9,Beginner
184,81,24,85,81,66,67,65,70,64,62,65.55,Intermediate
173,65,34,68,57,80,73,74,75,79,62,63.4,Intermediate
182,75,23,66,70,84,84,83,79,74,68,69.30000000000001,Intermediate
190,86,22,66,82,49,60,58,57,50,63,56.699999999999996,Intermediate
185,81,24,63,68,57,64,49,62,72,57,56.2,Intermediate
183,77,29,90,80,71,69,68,66,89,63,69.05,Intermediate
181,80,21,73,76,72,79,74,80,75,65,68.05,Intermediate
187,80,26,71,85,33,67,64,62,81,68,60.79999999999999,Intermediate
162,60,23,34,33,89,69,78,74,37,58,51.0,Intermediate
186,73,35,68,82,66,74,67,76,72,68,65.0,Intermediate
185,82,30,80,80,36,66,57,64,64,63,60.300000000000004,Intermediate
175,70,37,61,56,70,55,70,65,62,69,54.2,Intermediate
178,74,20,47,47,76,63,55,60,55,53,51.199999999999996,Intermediate
180,76,23,54,70,61,66,67,69,75,60,57.650000000000006,Intermediate
181,73,29,74,74,64,88,66,77,81,60,69.35000000000001,Intermediate
173,74,28,71,34,80,80,81,82,45,60,61.650000000000006,Intermediate
174,72,33,65,64,76,63,69,68,72,62,59.6,Intermediate
173,71,27,70,43,79,74,80,78,33,65,60.2,Intermediate
186,82,29,69,70,61,73,56,72,61,64,60.95,Intermediate
176,70,22,53,47,77,78,67,71,54,52,58.150000000000006,Intermediate
163,66,30,67,65,90,78,78,81,80,47,67.35,Intermediate
189,82,36,82,82,53,79,61,64,59,73,66.75,Intermediate
180,71,21,60,61,73,69,59,67,57,52,57.9,Intermediate
184,70,30,34,71,44,47,47,50,83,64,44.8,Beginner
178,68,20,51,41,71,73,72,75,57,45,55.400000000000006,Intermediate
170,70,24,79,69,89,91,93,91,33,56,73.30000000000001,Advanced
187,78,22,65,69,63,72,55,62,67,53,60.1,Intermediate
174,68,30,90,59,75,70,71,73,80,65,66.45,Intermediate
173,71,24,75,48,70,80,88,89,45,73,64.25,Intermediate
179,75,30,75,75,72,73,66,68,70,64,65.45,Intermediate
177,83,21,52,65,66,68,67,72,34,54,55.550000000000004,Intermediate
185,81,23,41,68,43,77,64,69,60,63,55.199999999999996,Intermediate
178,74,30,85,69,78,76,74,78,90,81,69.85,Intermediate
184,82,31,68,81,73,82,77,77,71,71,68.9,Intermediate
182,87,31,85,77,60,67,73,65,66,50,65.24999999999999,Intermediate
177,76,25,68,72,81,88,86,87,90,57,72.0,Advanced
184,80,31,67,71,63,33,55,43,62,70,48.85,Beginner
177,70,27,58,50,71,68,58,74,55,60,55.15,Intermediate
183,82,30,64,76,72,69,63,69,72,69,62.00000000000001,Intermediate
192,87,29,28,65,41,39,37,40,66,66,38.15,Beginner
175,67,30,64,42,74,75,80,79,67,62,60.349999999999994,Intermediate
185,78,25,61,68,62,55,34,44,68,64,51.900000000000006,Intermediate
188,79,26,30,60,33,32,27,38,62,64,33.7,Beginner
168,62,31,70,59,87,85,83,86,64,68,68.55000000000001,Intermediate
185,88,31,49,82,61,66,57,63,81,61,57.75,Intermediate
196,85,21,67,77,37,62,43,49,73,52,55.199999999999996,Intermediate
182,79,34,66,73,62,54,63,54,65,67,56.099999999999994,Intermediate
179,72,21,62,64,66,73,61,67,72,54,60.2,Intermediate
168,62,25,65,58,79,76,82,74,79,60,64.55,Intermediate
183,72,22,65,63,55,57,54,55,61,57,53.49999999999999,Intermediate
173,69,29,67,50,86,76,86,85,39,70,62.85000000000001,Intermediate
175,68,35,63,67,75,56,73,64,74,62,57.95,Intermediate
183,74,22,62,62,69,76,71,71,65,66,61.75,Intermediate
185,77,28,71,76,64,55,65,59,73,62,58.65,Intermediate
173,68,27,80,67,72,69,60,72,84,56,64.15,Intermediate
173,63,29,62,37,90,90,90,90,66,65,66.25,Intermediate
177,75,28,94,68,84,60,84,77,79,88,67.75,Intermediate
196,92,32,42,79,25,51,57,54,57,79,46.6,Beginner
197,98,31,33,79,29,43,25,39,53,71,39.4,Beginner
173,65,23,59,45,83,73,81,75,53,69,59.50000000000001,Intermediate
170,59,32,66,31,92,82,90,85,90,68,65.15,Intermediate
178,72,31,70,56,74,55,70,64,65,68,56.55,Intermediate
179,69,24,70,50,75,69,74,73,34,60,58.800000000000004,Intermediate
184,83,30,52,76,51,67,56,65,70,51,56.1,Intermediate
187,82,30,72,86,56,68,54,67,73,68,62.349999999999994,Intermediate
190,83,33,29,48,37,30,43,32,41,58,32.05,Beginner
183,79,34,66,84,49,61,61,57,65,65,58.35,Intermediate
170,70,24,82,59,75,92,88,84,54,66,71.85000000000001,Advanced
181,70,21,61,51,64,64,62,65,61,50,54.699999999999996,Intermediate
180,74,26,87,78,66,90,82,89,89,69,75.35000000000001,Advanced
187,84,24,63,83,65,73,75,68,74,66,64.65,Intermediate
184,77,24,56,66,67,55,40,53,71,53,51.85,Intermediate
174,66,22,44,41,78,84,71,83,48,56,57.449999999999996,Intermediate
176,71,19,87,64,80,84,82,85,64,69,71.60000000000001,Advanced
197,87,23,29,37,29,19,31,23,33,48,24.700000000000003,Beginner
187,80,23,55,72,60,67,55,68,68,48,56.8,Intermediate
178,71,28,83,71,76,77,71,73,84,67,69.25,Intermediate
193,90,24,73,81,54,70,60,69,54,59,61.85,Intermediate
177,75,20,57,48,69,65,63,64,64,42,54.49999999999999,Intermediate
176,71,27,87,67,85,78,73,85,70,76,70.14999999999999,Advanced
191,84,38,40,79,34,36,33,38,67,66,40.699999999999996,Beginner
183,79,33,56,65,67,49,62,51,64,73,51.75000000000001,Intermediate
193,90,23,70,80,55,74,70,77,69,65,64.15,Intermediate
178,72,20,65,57,73,78,76,79,67,57,63.199999999999996,Intermediate
188,77,23,67,72,59,62,40,51,61,62,55.74999999999999,Intermediate
188,82,23,32,60,48,46,58,41,69,75,43.25,Beginner
188,79,22,37,77,43,56,34,48,39,47,45.4,Beginner
175,70,23,67,50,72,61,53,57,58,69,54.6,Intermediate
183,72,22,46,56,61,59,61,60,70,54,51.0,Intermediate
185,74,27,78,75,67,71,69,70,72,61,65.35000000000001,Intermediate
170,68,19,59,44,85,77,75,80,48,57,59.9,Intermediate
193,75,19,21,61,24,24,24,27,33,50,26.999999999999993,Beginner
166,69,25,62,58,84,70,78,75,63,49,61.44999999999999,Intermediate
181,74,36,58,58,70,54,69,63,58,66,53.3,Intermediate
183,77,32,75,74,67,73,68,75,56,61,64.3,Intermediate
175,70,28,76,54,82,93,89,92,67,81,71.64999999999999,Advanced
187,74,25,91,72,64,87,71,67,74,76,72.3,Advanced
175,65,20,53,45,74,69,64,69,52,57,54.449999999999996,Intermediate
187,76,19,62,65,56,60,53,55,70,49,54.550000000000004,Intermediate
181,75,23,66,71,74,73,72,71,61,71,63.4,Intermediate
191,80,32,34,60,34,61,65,58,74,72,47.7,Beginner
173,63,21,61,42,86,84,88,82,75,60,64.85,Intermediate
184,70,26,72,75,61,72,64,73,83,61,63.9,Intermediate
170,70,30,91,77,93,83,77,79,75,78,75.39999999999999,Advanced
189,76,24,76,77,71,84,80,87,75,81,70.8,Advanced
185,78,26,72,70,71,72,70,64,82,71,64.7,Intermediate
181,79,31,69,62,75,81,80,78,55,78,65.65,Intermediate
175,66,20,58,49,69,77,62,79,65,48,58.400000000000006,Intermediate
188,81,24,77,80,80,92,82,90,62,83,74.3,Advanced
190,78,30,72,81,61,57,57,53,67,65,58.800000000000004,Intermediate
186,84,28,25,63,37,26,27,33,53,56,31.299999999999997,Beginner
184,81,30,77,71,56,66,57,65,70,70,60.650000000000006,Intermediate
178,69,22,65,68,71,86,70,81,62,51,66.2,Intermediate
175,67,32,82,61,72,74,82,74,70,63,66.65,Intermediate
180,78,28,78,64,73,81,69,81,63,53,66.85000000000001,Intermediate
184,78,25,63,61,56,71,54,73,67,53,57.400000000000006,Intermediate
183,75,28,69,59,66,55,64,66,56,70,54.949999999999996,Intermediate
173,77,22,61,60,63,60,59,64,57,57,54.25000000000001,Intermediate
185,81,37,72,83,47,45,61,50,80,58,55.15,Intermediate
189,85,30,37,72,39,49,44,52,62,57,44.3,Beginner
190,78,32,79,81,66,81,77,77,74,70,70.25,Advanced
179,71,22,64,58,66,76,80,84,55,56,61.65,Intermediate
176,70,22,68,69,70,76,72,66,73,47,64.60000000000001,Intermediate
175,73,26,62,54,85,80,86,84,66,67,64.9,Intermediate
173,68,21,59,37,79,65,83,69,53,57,55.7,Intermediate
175,73,23,67,54,73,64,85,66,83,62,60.65,Intermediate
192,70,22,30,69,45,65,47,59,54,53,47.75000000000001,Beginner
191,77,18,24,63,23,25,23,27,35,45,28.1,Beginner
187,81,32,66,80,60,66,62,67,77,62,61.050000000000004,Intermediate
185,77,22,71,75,60,82,65,72,71,59,66.1,Intermediate
165,61,21,61,34,66,81,78,78,43,45,58.150000000000006,Intermediate
179,67,19,53,58,73,66,70,69,34,49,55.10000000000001,Intermediate
165,68,28,63,57,90,81,90,88,33,75,65.10000000000001,Intermediate
173,70,29,92,68,80,72,73,72,68,66,68.9,Intermediate
180,73,31,60,60,65,68,68,67,54,64,57.400000000000006,Intermediate
186,82,21,19,56,34,29,37,15,48,50,30.4,Beginner
188,79,20,57,57,54,55,48,54,74,50,50.35,Intermediate
185,70,25,20,45,60,55,40,59,54,50,39.95,Beginner
185,77,23,56,75,57,63,49,58,71,64,55.5,Intermediate
185,79,29,55,76,59,67,62,63,75,46,58.35,Intermediate
178,67,18,50,50,77,59,81,69,72,50,54.60000000000001,Intermediate
173,65,36,61,65,82,67,85,73,32,62,60.35,Intermediate
190,75,23,66,78,67,64,58,55,68,54,59.99999999999999,Intermediate
175,71,27,79,74,80,90,83,91,77,58,74.05,Advanced
188,78,33,38,67,53,47,53,55,70,70,45.849999999999994,Beginner
178,66,24,66,55,73,80,73,84,57,63,62.9,Intermediate
175,71,21,64,62,70,82,76,80,66,61,64.6,Intermediate
185,74,25,80,82,60,55,62,55,57,70,59.85,Intermediate
184,79,25,71,77,62,68,63,70,91,63,63.2,Intermediate
182,73,24,87,76,81,97,93,97,77,93,79.14999999999999,Advanced
178,73,25,67,53,70,81,74,80,60,58,63.050000000000004,Intermediate
176,65,21,67,50,80,62,59,59,63,69,56.55,Intermediate
166,60,27,90,68,89,68,87,77,51,80,68.75,Intermediate
170,65,30,88,68,83,64,74,74,78,73,66.60000000000001,Intermediate
178,72,34,72,73,64,48,59,52,73,74,55.699999999999996,Intermediate
171,63,23,53,39,84,62,59,69,58,63,52.24999999999999,Intermediate
183,75,26,68,68,69,54,75,60,54,72,57.1,Intermediate
176,75,29,80,69,76,72,73,72,72,60,66.45,Intermediate
190,86,27,70,73,62,56,55,62,77,58,57.300000000000004,Intermediate
180,75,32,65,70,70,72,73,76,62,59,62.49999999999999,Intermediate
188,81,34,28,57,56,51,58,37,65,60,44.1,Beginner
185,78,33,63,73,64,71,66,68,63,58,61.00000000000001,Intermediate
185,75,33,69,81,55,67,53,55,82,68,60.949999999999996,Intermediate
195,85,26,66,89,43,46,39,54,42,62,50.65,Intermediate
179,72,31,72,61,69,61,77,69,55,69,59.2,Intermediate
182,74,21,25,49,48,35,36,37,64,55,34.45,Beginner
177,76,19,50,56,66,69,62,67,48,35,54.300000000000004,Intermediate
194,91,26,64,90,40,61,53,55,66,66,57.2,Intermediate
173,67,23,70,51,81,70,73,67,72,73,61.650000000000006,Intermediate
185,78,33,33,62,56,50,37,56,54,56,42.900000000000006,Beginner
175,74,23,62,59,76,77,74,81,63,54,62.5,Intermediate
192,85,23,76,82,49,57,47,70,79,58,58.15,Intermediate
189,77,27,73,81,66,74,68,73,80,77,66.35,Intermediate
184,79,29,18,58,56,40,33,42,55,55,35.949999999999996,Beginner
178,68,33,87,64,83,88,81,86,66,69,73.1,Advanced
176,73,23,79,63,73,80,82,86,87,85,69.1,Intermediate
180,74,32,66,58,72,80,79,82,85,67,65.25,Intermediate
197,78,20,47,71,37,54,32,59,42,37,45.25000000000001,Beginner
171,69,19,54,44,86,66,85,75,68,60,57.7,Intermediate
180,72,31,73,65,63,68,70,68,74,55,61.75,Intermediate
170,66,26,68,67,70,72,69,71,69,46,62.6,Intermediate
168,75,25,84,34,91,71,92,78,80,65,65.5,Intermediate
180,78,32,75,69,69,66,66,67,62,73,61.75,Intermediate
188,78,33,30,65,39,45,35,39,58,69,39.55,Beginner
191,76,21,50,68,43,59,46,48,69,52,50.25,Intermediate
178,70,31,74,65,75,62,71,66,64,66,60.95,Intermediate
176,70,28,56,70,63,74,60,64,73,56,59.85,Intermediate
172,69,26,65,61,79,76,79,86,85,76,65.0,Intermediate
173,72,31,80,69,77,64,73,71,65,60,63.80000000000001,Intermediate
189,82,19,28,57,31,19,39,28,52,40,29.450000000000003,Beginner
173,67,23,48,50,65,65,78,73,70,39,54.400000000000006,Intermediate
175,64,25,70,68,79,81,88,79,70,72,68.7,Intermediate
191,79,30,69,89,32,55,59,61,65,65,56.0,Intermediate
191,83,23,60,81,53,55,55,65,74,61,55.150000000000006,Intermediate
188,78,25,52,76,46,62,52,54,73,57,53.85,Intermediate
178,70,25,67,75,71,73,76,69,64,58,64.45,Intermediate
172,68,24,78,56,74,67,78,65,36,68,61.1,Intermediate
190,79,22,73,54,66,71,69,70,64,61,60.70000000000001,Intermediate
172,69,35,67,66,75,76,73,70,72,60,64.5,Intermediate
187,73,29,36,59,34,24,33,28,45,55,32.2,Beginner
184,81,24,72,67,58,64,58,62,64,68,58.45,Intermediate
188,78,20,54,80,58,78,65,75,59,56,61.45,Intermediate
185,90,32,65,84,63,63,53,53,74,63,59.8,Intermediate
183,78,25,34,69,66,55,65,53,74,58,50.45,Intermediate
167,73,21,73,71,84,82,82,80,56,61,69.25,Intermediate
185,82,29,81,86,53,45,41,45,86,67,56.3,Intermediate
189,76,20,61,59,59,66,65,69,65,53,56.5,Intermediate
177,77,34,62,67,83,76,79,79,67,81,64.8,Intermediate
186,76,22,58,73,56,66,52,69,78,50,57.050000000000004,Intermediate
181,72,20,60,62,69,76,66,72,71,68,61.14999999999999,Intermediate
180,73,30,81,62,70,72,61,73,61,60,63.24999999999999,Intermediate
185,80,39,38,72,65,54,52,52,74,69,50.00000000000001,Intermediate
178,74,31,68,52,62,65,66,65,71,55,57.25,Intermediate
187,77,22,81,65,73,68,64,65,58,70,62.949999999999996,Intermediate
195,90,33,25,72,39,55,50,47,56,68,43.99999999999999,Beginner
180,75,23,54,60,70,86,81,82,44,44,62.900000000000006,Intermediate
185,74,26,75,83,48,84,66,80,76,55,67.85000000000001,Intermediate
190,84,35,26,64,42,36,42,34,72,55,37.6,Beginner
178,73,23,32,59,65,53,65,63,59,64,47.1,Beginner
170,68,26,77,64,88,77,89,82,87,54,70.14999999999999,Advanced
175,67,22,52,61,70,55,49,55,71,60,51.49999999999999,Intermediate
186,75,32,73,77,53,42,63,40,62,65,53.449999999999996,Intermediate
184,80,25,65,74,66,71,62,67,77,61,62.050000000000004,Intermediate
193,81,33,64,80,51,54,41,50,83,69,54.35,Intermediate
170,68,25,68,59,81,78,86,85,80,65,66.55000000000001,Intermediate
188,87,30,35,68,33,47,47,46,57,69,42.15,Beginner
182,70,24,68,72,70,85,71,77,81,63,68.05,Intermediate
181,62,21,66,70,79,57,45,62,77,48,57.05,Intermediate
179,73,31,70,71,70,88,71,82,68,62,68.55000000000001,Intermediate
174,69,23,78,54,83,76,73,73,75,74,65.85000000000001,Intermediate
185,64,18,54,65,67,78,62,76,73,61,60.50000000000001,Intermediate
185,67,22,46,49,51,63,62,68,57,48,49.60000000000001,Beginner
183,84,28,70,79,57,69,61,67,91,63,62.900000000000006,Intermediate
183,76,23,69,67,60,75,74,76,54,65,62.449999999999996,Intermediate
193,76,31,50,85,36,34,32,33,89,70,44.20000000000001,Beginner
182,74,29,63,68,69,68,66,65,80,62,60.7,Intermediate
177,68,23,72,53,63,67,69,65,42,56,57.75000000000001,Intermediate
198,94,30,78,90,38,55,32,54,80,66,56.6,Intermediate
193,78,22,17,63,21,33,32,29,38,60,29.95,Beginner
168,68,29,55,71,90,90,91,90,62,59,69.85,Intermediate
172,65,26,81,52,87,89,91,90,43,76,70.65,Advanced
182,72,26,81,66,75,75,76,78,45,66,65.95,Intermediate
176,68,22,64,53,85,55,76,68,69,58,56.800000000000004,Intermediate
180,76,23,66,57,64,60,58,61,75,55,55.699999999999996,Intermediate
181,77,24,55,66,65,74,66,71,67,50,59.550000000000004,Intermediate
189,86,19,40,83,39,54,51,43,35,58,47.4,Beginner
181,72,26,76,80,47,56,54,58,83,67,58.25,Intermediate
183,75,20,60,51,65,59,58,64,62,50,52.75000000000001,Intermediate
173,63,22,70,55,81,71,74,70,57,56,61.9,Intermediate
183,75,22,63,65,58,63,36,52,68,55,54.050000000000004,Intermediate
183,69,31,76,70,50,65,67,71,84,56,61.10000000000001,Intermediate
169,60,31,60,56,60,58,57,61,62,55,52.6,Intermediate
178,72,22,70,58,75,72,75,80,70,49,62.8,Intermediate
190,83,34,26,66,51,37,36,28,52,47,37.50000000000001,Beginner
185,73,22,67,71,57,73,61,70,72,55,61.35,Intermediate
175,68,33,65,37,78,83,78,83,74,65,62.75,Intermediate
178,74,24,68,71,69,77,75,78,81,58,65.8,Intermediate
178,76,36,61,64,74,68,78,68,57,70,60.25,Intermediate
185,82,24,70,80,64,67,68,71,62,65,62.39999999999999,Intermediate
181,71,20,68,48,68,68,75,74,55,53,58.25,Intermediate
178,71,28,90,64,77,85,82,84,73,68,72.65,Advanced
180,78,27,54,70,57,42,63,65,73,63,49.550000000000004,Beginner
188,77,25,79,82,62,83,81,79,83,73,71.45,Advanced
185,85,33,30,64,56,47,43,48,72,75,43.2,Beginner
175,72,24,62,59,62,71,58,71,43,63,56.70000000000001,Intermediate
184,81,34,67,77,66,47,66,51,31,67,53.8,Intermediate
176,70,28,63,49,74,69,54,69,63,60,56.599999999999994,Intermediate
182,84,31,73,73,68,59,73,73,74,63,61.05,Intermediate
186,87,35,62,80,43,54,53,46,80,58,54.2,Intermediate
185,80,31,77,76,57,76,76,80,73,85,66.55000000000001,Intermediate
181,76,19,64,65,70,73,75,74,55,58,61.7,Intermediate
190,83,19,60,80,46,54,37,55,72,55,52.10000000000001,Intermediate
165,68,32,80,70,91,90,92,90,90,70,76.3,Advanced
179,72,24,62,60,81,77,87,80,76,58,65.10000000000001,Intermediate
170,60,25,80,32,94,78,92,84,51,70,65.35,Intermediate
180,74,23,81,67,71,64,71,65,63,70,62.8,Intermediate
170,64,25,77,49,88,89,85,84,34,61,68.45,Intermediate
183,82,36,40,68,57,42,52,46,68,55,45.1,Beginner
167,57,21,51,33,80,72,83,74,36,42,54.849999999999994,Intermediate
177,71,32,72,68,71,63,78,67,80,64,62.4,Intermediate
168,65,26,81,65,87,72,80,80,81,65,68.3,Intermediate
178,72,22,75,72,67,71,68,69,72,63,64.19999999999999,Intermediate
182,80,29,68,61,74,55,76,67,57,68,57.1,Intermediate
183,75,33,48,68,76,54,65,54,76,70,53.9,Intermediate
184,72,29,17,37,31,26,30,22,46,64,25.150000000000002,Beginner
178,70,25,76,71,78,76,73,69,67,67,67.1,Intermediate
178,67,22,52,44,68,62,51,69,53,48,50.15,Intermediate
180,75,23,72,69,66,40,62,71,66,63,52.85,Intermediate
186,90,24,65,88,67,89,63,76,87,80,70.25,Advanced
180,76,20,71,58,67,76,81,79,56,63,63.300000000000004,Intermediate
172,67,22,61,34,70,73,74,76,58,56,56.5,Intermediate
188,87,31,78,79,59,63,61,55,84,77,62.550000000000004,Intermediate
184,79,25,65,67,64,62,59,61,59,57,56.9,Intermediate
170,70,25,71,65,82,82,75,81,72,60,67.85,Intermediate
186,74,19,48,60,57,54,40,66,73,52,48.15,Beginner
183,73,26,69,65,65,63,57,63,61,61,57.7,Intermediate
188,82,34,69,89,49,83,65,71,63,57,66.60000000000001,Intermediate
183,75,22,36,56,46,76,77,77,57,49,53.550000000000004,Intermediate
183,78,22,72,75,59,76,45,73,88,55,63.25,Intermediate
169,70,31,92,56,88,74,90,76,81,75,70.85,Advanced
185,81,25,37,55,49,40,55,45,53,67,40.699999999999996,Beginner
186,80,19,48,74,62,65,67,64,68,51,56.50000000000001,Intermediate
183,78,31,77,73,59,61,65,60,73,71,60.7,Intermediate
184,73,20,72,77,64,78,69,71,75,76,66.39999999999999,Intermediate
173,75,26,62,67,70,81,71,77,61,62,63.9,Intermediate
186,81,26,80,74,64,75,65,72,80,67,66.5,Intermediate
180,80,32,60,75,65,55,47,55,66,49,54.25,Intermediate
183,72,23,55,68,67,69,71,67,65,61,58.95,Intermediate
165,61,23,41,30,86,67,75,69,57,44,51.75,Intermediate
185,76,26,69,70,62,69,69,72,79,69,62.050000000000004,Intermediate
182,79,23,63,74,59,69,49,67,88,79,59.599999999999994,Intermediate
188,72,20,34,70,50,67,58,53,71,45,51.75,Intermediate
178,61,20,53,60,64,64,56,66,73,46,54.449999999999996,Intermediate
182,70,28,50,57,74,80,82,80,54,60,60.85,Intermediate
193,88,25,68,85,35,56,41,63,70,53,54.25000000000001,Intermediate
175,73,27,63,66,77,81,79,77,59,66,65.35000000000001,Intermediate
177,64,25,56,59,68,58,63,64,74,46,54.25,Intermediate
181,74,36,63,80,63,65,60,67,88,75,60.800000000000004,Intermediate
192,87,28,70,82,50,72,64,61,89,60,63.74999999999999,Intermediate
180,71,23,60,48,62,68,67,67,44,56,54.7,Intermediate
179,76,30,75,72,67,67,66,67,79,69,63.15,Intermediate
175,72,23,72,57,74,69,72,79,60,63,61.25,Intermediate
185,70,23,76,59,69,76,76,79,56,59,64.15,Intermediate
194,84,20,65,73,62,81,63,73,60,41,63.75,Intermediate
194,88,24,28,66,26,28,32,20,34,52,31.4,Beginner
167,63,34,56,47,84,70,83,80,58,57,58.849999999999994,Intermediate
180,82,27,62,77,60,65,61,58,66,68,58.849999999999994,Intermediate
189,82,25,24,70,32,29,36,26,40,73,32.8,Beginner
173,70,31,81,57,82,64,76,69,76,72,63.55,Intermediate
189,87,41,33,73,47,40,43,44,69,69,42.00000000000001,Beginner
195,76,29,69,86,34,49,33,53,85,64,52.349999999999994,Intermediate
191,80,23,62,75,58,68,62,53,71,60,59.599999999999994,Intermediate
182,70,20,54,58,70,79,62,80,53,54,59.050000000000004,Intermediate
179,77,31,78,70,66,72,66,71,53,66,63.550000000000004,Intermediate
176,62,21,64,54,76,64,71,65,38,60,56.7,Intermediate
188,83,23,57,73,69,71,71,66,70,61,61.150000000000006,Intermediate
191,77,26,79,82,63,48,50,55,71,58,57.349999999999994,Intermediate
187,85,32,37,68,47,58,59,53,72,70,49.2,Beginner
185,73,23,78,79,72,78,74,76,89,71,69.9,Intermediate
180,73,23,63,39,74,67,79,70,61,64,56.9,Intermediate
175,71,27,65,61,78,69,76,72,59,55,61.2,Intermediate
171,55,19,63,30,75,72,53,75,71,53,55.05,Intermediate
192,87,23,56,80,43,55,56,59,68,57,53.0,Intermediate
171,76,29,75,60,85,80,81,80,76,63,68.39999999999999,Intermediate
189,89,36,34,63,47,49,60,42,57,82,44.50000000000001,Beginner
173,70,27,69,53,81,79,82,81,35,54,63.50000000000001,Intermediate
188,87,29,65,84,47,67,59,66,51,60,58.849999999999994,Intermediate
180,73,18,33,58,52,65,66,62,79,42,50.550000000000004,Intermediate
190,75,19,61,67,65,73,69,67,72,59,61.15,Intermediate
185,82,23,60,79,77,86,77,82,66,54,68.35,Intermediate
171,79,28,85,76,85,54,65,52,76,69,63.4,Intermediate
189,78,20,60,65,56,62,58,70,70,62,55.24999999999999,Intermediate
174,73,34,80,81,79,72,78,74,67,69,68.8,Intermediate
173,74,31,76,65,83,82,78,80,62,62,68.74999999999999,Intermediate
175,74,27,66,68,68,82,77,80,66,63,65.8,Intermediate
186,81,23,53,77,58,67,59,66,70,62,57.45,Intermediate
177,73,31,74,58,76,72,81,69,71,52,64.35,Intermediate
184,73,31,74,73,72,77,69,79,81,69,67.0,Intermediate
174,77,22,82,56,80,88,87,89,46,54,70.2,Advanced
193,88,25,60,73,34,53,44,53,71,61,50.19999999999999,Intermediate
183,75,20,34,49,67,67,75,74,40,35,50.45,Intermediate
184,75,21,31,58,61,44,56,50,58,62,42.699999999999996,Beginner
173,76,30,85,62,73,74,73,78,71,52,66.64999999999999,Intermediate
186,83,22,64,73,58,77,68,74,70,53,62.94999999999999,Intermediate
183,80,26,79,85,77,73,64,73,85,56,68.8,Intermediate
185,75,25,61,73,57,70,49,65,71,61,58.300000000000004,Intermediate
165,61,29,36,58,80,75,74,78,34,51,55.5,Intermediate
186,70,25,75,73,74,91,81,85,76,83,72.55,Advanced
185,81,26,75,78,60,64,62,63,88,60,62.50000000000001,Intermediate
180,70,29,77,63,67,71,87,76,40,69,63.55000000000001,Intermediate
177,75,35,61,70,75,77,73,80,85,62,64.85,Intermediate
175,67,22,71,57,77,72,72,74,80,55,63.25,Intermediate
177,71,33,74,72,79,74,77,75,78,70,67.3,Intermediate
196,88,29,38,70,45,42,55,41,74,69,44.400000000000006,Beginner
170,63,27,85,43,71,58,64,56,56,50,57.15,Intermediate
187,64,20,63,66,76,67,75,69,61,59,60.75,Intermediate
181,79,32,72,72,68,89,86,89,66,58,70.6,Advanced
183,80,29,85,76,62,80,72,73,59,63,68.75,Intermediate
188,82,25,68,73,49,66,60,67,72,59,58.85000000000001,Intermediate
187,83,32,59,71,50,67,65,62,58,59,56.949999999999996,Intermediate
165,65,31,42,45,75,74,76,80,65,62,55.7,Intermediate
182,83,23,26,55,59,30,34,30,55,39,34.5,Beginner
169,70,20,82,48,83,63,81,71,44,58,61.10000000000001,Intermediate
180,72,22,74,67,72,90,79,87,83,76,71.1,Advanced
182,72,24,75,70,69,69,68,69,67,59,63.25,Intermediate
186,84,30,81,90,68,54,43,49,71,66,60.55,Intermediate
188,79,32,68,79,57,56,54,53,60,63,56.35,Intermediate
193,92,39,36,69,36,47,44,41,75,76,43.4,Beginner
178,63,31,58,49,68,76,78,77,72,55,59.95000000000001,Intermediate
180,70,25,84,70,57,72,64,73,72,54,64.6,Intermediate
188,70,30,78,75,64,63,62,61,71,65,61.9,Intermediate
180,69,29,67,70,73,79,72,76,49,68,64.55000000000001,Intermediate
190,82,30,79,91,35,50,38,46,32,66,53.35,Intermediate
189,85,23,45,75,49,60,70,46,46,60,52.449999999999996,Intermediate
156,55,19,46,41,80,60,58,61,57,62,50.00000000000001,Intermediate
181,73,33,74,70,63,52,61,46,70,59,56.8,Intermediate
188,77,33,20,43,31,35,33,29,48,49,29.75,Beginner
183,75,17,46,60,61,53,50,58,62,56,48.300000000000004,Beginner
182,74,33,75,72,64,72,70,70,72,64,64.39999999999999,Intermediate
175,70,27,83,68,79,79,82,81,76,62,70.4,Advanced
182,68,22,57,29,84,73,74,79,67,60,56.8,Intermediate
176,71,23,34,56,83,79,69,73,52,53,56.699999999999996,Intermediate
189,83,22,64,80,73,72,60,71,62,52,62.800000000000004,Intermediate
190,79,23,64,83,47,75,66,72,61,72,62.1,Intermediate
185,83,28,88,86,66,65,65,65,75,62,66.85,Intermediate
180,76,25,68,57,66,75,59,78,59,63,60.1,Intermediate
168,63,26,81,38,92,68,87,72,67,68,63.550000000000004,Intermediate
190,84,24,25,60,50,30,47,38,60,60,35.7,Beginner
192,80,22,22,59,26,32,30,21,37,45,30.300000000000004,Beginner
178,70,25,67,61,83,80,84,82,80,63,67.25,Intermediate
192,84,27,70,85,41,61,39,59,38,75,54.949999999999996,Intermediate
180,77,31,80,70,68,74,73,71,70,59,66.3,Intermediate
175,65,21,42,47,76,63,74,67,56,59,52.14999999999999,Intermediate
173,74,35,78,75,64,80,76,79,76,74,68.65,Intermediate
185,76,22,62,57,66,75,74,77,56,61,60.24999999999999,Intermediate
180,70,31,66,65,67,63,62,67,51,57,57.300000000000004,Intermediate
176,70,23,66,51,66,62,64,64,49,52,54.9,Intermediate
181,82,33,70,73,63,76,71,77,51,53,63.7,Intermediate
188,76,27,67,76,68,73,59,64,72,66,62.99999999999999,Intermediate
188,85,32,66,74,68,63,66,59,73,65,60.25000000000001,Intermediate
195,80,23,59,75,44,51,34,55,64,50,49.35,Beginner
173,64,23,58,45,81,70,70,68,56,57,57.25,Intermediate
181,72,22,66,69,69,74,73,78,86,58,64.25,Intermediate
191,85,32,70,81,37,56,55,50,66,60,55.45,Intermediate
187,86,28,62,71,56,82,72,79,73,67,64.10000000000001,Intermediate
181,75,32,77,70,67,75,65,67,73,67,65.25,Intermediate
175,70,18,52,32,73,71,74,75,63,46,54.35,Intermediate
180,70,28,61,61,76,70,74,67,63,63,60.5,Intermediate
180,78,24,70,71,71,61,73,71,72,64,60.95,Intermediate
186,80,18,50,67,59,67,61,64,71,61,55.699999999999996,Intermediate
194,85,29,22,72,23,32,25,28,36,52,31.4,Beginner
185,65,25,75,61,68,55,59,63,58,68,56.24999999999999,Intermediate
184,80,31,30,63,37,46,47,43,71,63,41.199999999999996,Beginner
172,70,21,50,59,70,70,58,64,60,44,55.650000000000006,Intermediate
185,80,31,63,76,44,58,55,60,78,73,55.199999999999996,Intermediate
199,95,22,28,76,29,25,28,26,38,57,32.1,Beginner
170,65,23,77,60,83,73,80,84,69,58,66.05,Intermediate
173,70,29,72,62,78,76,74,77,75,66,65.45,Intermediate
176,73,25,84,47,73,86,74,80,70,60,67.85,Intermediate
180,75,21,60,67,65,69,73,74,57,61,59.4,Intermediate
192,80,26,22,58,32,36,42,34,58,60,34.199999999999996,Beginner
195,76,26,20,42,28,33,33,40,52,66,28.900000000000002,Beginner
189,95,33,84,92,33,69,60,53,80,68,64.6,Intermediate
181,73,27,84,72,64,83,78,81,80,73,70.7,Advanced
168,66,27,78,67,71,77,72,68,68,74,66.45,Intermediate
189,88,33,39,66,44,59,33,59,80,68,47.099999999999994,Beginner
193,86,24,65,81,53,69,62,66,84,77,61.55000000000001,Intermediate
184,85,27,32,37,45,46,53,31,48,55,37.949999999999996,Beginner
182,74,30,80,73,68,79,71,80,72,59,68.15,Intermediate
184,77,37,63,75,63,53,61,54,72,70,55.75000000000001,Intermediate
191,93,39,55,88,41,45,42,55,63,39,49.150000000000006,Beginner
185,80,33,70,80,36,57,36,62,53,64,52.949999999999996,Intermediate
185,79,24,73,84,66,78,69,74,87,72,68.44999999999999,Intermediate
187,85,31,68,84,38,48,50,55,68,61,52.8,Intermediate
193,93,32,31,72,25,39,32,37,57,67,37.24999999999999,Beginner
173,68,19,63,55,68,64,72,64,57,48,56.9,Intermediate
182,77,22,84,75,60,72,69,71,53,78,65.2,Intermediate
190,87,31,77,86,60,66,61,62,80,70,64.2,Intermediate
177,78,26,66,47,81,84,81,87,85,66,65.9,Intermediate
185,76,23,55,76,58,79,69,84,55,55,61.55,Intermediate
177,72,21,55,57,72,65,60,63,56,55,55.05,Intermediate
181,74,22,60,56,68,70,75,73,47,53,58.050000000000004,Intermediate
179,68,30,72,54,65,77,81,76,71,68,63.75,Intermediate
171,68,29,53,59,78,80,90,88,63,63,63.4,Intermediate
173,71,21,64,59,71,68,62,64,73,59,59.00000000000001,Intermediate
167,58,25,85,34,93,69,90,73,69,77,64.55000000000001,Intermediate
187,76,27,69,68,66,52,59,54,61,72,55.14999999999999,Intermediate
184,77,32,17,77,45,23,25,23,55,60,31.6,Beginner
178,67,25,82,56,82,81,84,77,60,64,68.7,Intermediate
185,75,28,72,65,60,66,58,68,80,71,59.75,Intermediate
169,66,26,81,58,81,80,90,85,55,70,68.75,Intermediate
176,69,24,71,64,73,68,70,68,66,68,61.8,Intermediate
191,91,21,66,80,42,78,54,61,73,63,61.85,Intermediate
180,76,30,74,77,69,75,79,73,91,71,68.19999999999999,Intermediate
191,84,26,78,80,51,57,75,65,84,76,61.50000000000001,Intermediate
173,77,30,74,70,72,75,70,80,59,64,64.95,Intermediate
165,77,21,53,30,85,72,82,75,69,43,56.85000000000001,Intermediate
186,73,23,53,69,54,72,57,67,51,51,56.2,Intermediate
168,60,27,79,51,95,85,92,87,90,63,72.15,Advanced
183,70,24,66,48,70,75,69,81,47,64,59.150000000000006,Intermediate
186,80,29,76,83,53,54,61,63,71,61,58.8,Intermediate
187,80,28,30,68,32,39,55,41,38,54,38.5,Beginner
177,75,31,82,62,77,65,72,65,67,73,63.45000000000001,Intermediate
177,72,22,61,45,70,63,53,69,62,48,53.25000000000001,Intermediate
169,68,27,69,33,84,54,89,64,73,67,55.9,Intermediate
191,85,38,30,57,45,30,36,25,63,58,34.8,Beginner
181,72,24,83,72,85,78,81,78,86,62,71.7,Advanced
178,76,27,91,74,71,69,75,75,89,65,69.05,Intermediate
182,77,32,69,82,60,71,67,70,91,81,64.65,Intermediate
174,73,23,78,47,81,71,65,67,72,76,62.150000000000006,Intermediate
184,76,23,69,56,65,77,83,79,63,78,63.24999999999999,Intermediate
186,78,22,85,76,62,85,66,77,77,57,70.55,Advanced
177,70,22,72,55,72,78,64,67,62,62,62.75,Intermediate
183,73,30,81,69,73,69,69,66,70,68,64.95,Intermediate
181,76,30,73,67,77,76,82,73,39,64,65.30000000000001,Intermediate
190,82,26,66,80,46,85,70,82,79,67,66.25,Intermediate
189,90,28,79,92,64,68,65,62,86,79,67.2,Intermediate
180,66,25,74,66,79,84,78,83,59,81,68.55000000000001,Intermediate
192,80,34,50,85,37,50,42,43,51,64,48.2,Beginner
180,79,37,58,69,73,44,63,45,65,69,52.0,Intermediate
191,82,23,62,78,40,56,49,58,67,67,53.150000000000006,Intermediate
187,77,24,76,73,72,74,68,70,75,66,66.1,Intermediate
180,73,22,63,46,59,67,77,69,49,51,55.650000000000006,Intermediate
188,75,28,53,76,64,71,61,65,72,47,59.400000000000006,Intermediate
178,70,24,70,61,73,64,57,65,62,66,58.45000000000001,Intermediate
188,79,32,70,83,50,54,59,51,80,53,57.55,Intermediate
171,65,24,74,68,83,90,76,90,72,61,71.5,Advanced
176,68,31,48,80,73,74,71,74,65,62,61.45,Intermediate
187,79,25,79,69,69,79,74,78,68,79,67.55000000000001,Intermediate
185,74,22,57,58,63,66,68,65,61,56,56.05,Intermediate
184,75,23,83,78,68,59,54,60,72,59,61.800000000000004,Intermediate
173,68,21,61,67,79,72,76,74,58,51,62.24999999999999,Intermediate
194,86,25,55,92,41,53,40,54,75,63,52.55,Intermediate
177,79,32,66,62,79,73,76,70,79,63,63.85,Intermediate
181,73,28,62,70,67,63,38,57,77,67,56.15,Intermediate
180,70,34,80,71,73,69,75,70,68,69,65.55000000000001,Intermediate
172,65,32,69,57,66,73,70,76,58,59,60.75,Intermediate
185,73,22,75,72,63,69,61,69,68,69,62.300000000000004,Intermediate
175,70,28,79,76,81,71,75,75,78,76,68.0,Intermediate
175,72,30,75,61,69,69,64,67,41,71,60.199999999999996,Intermediate
180,74,29,90,68,68,72,73,76,80,82,67.89999999999999,Intermediate
187,80,34,29,61,44,34,44,33,68,68,37.349999999999994,Beginner
188,77,31,78,82,57,73,67,68,82,66,66.3,Intermediate
180,77,29,77,60,77,74,73,75,46,74,63.900000000000006,Intermediate
180,70,30,71,58,77,76,84,75,56,71,64.60000000000001,Intermediate
175,72,28,78,67,73,68,73,75,83,71,64.8,Intermediate
179,70,28,60,56,77,61,71,66,43,70,55.650000000000006,Intermediate
185,82,22,51,60,55,68,70,69,56,53,54.9,Intermediate
181,73,26,62,65,66,79,71,70,67,54,62.900000000000006,Intermediate
179,66,28,89,69,77,70,81,64,56,64,67.75,Intermediate
177,68,20,71,65,66,79,75,77,61,55,64.8,Intermediate
191,80,24,59,83,42,63,44,62,74,57,55.45,Intermediate
178,73,22,58,64,69,74,63,68,72,62,60.2,Intermediate
189,85,26,26,50,40,25,28,14,60,55,30.0,Beginner
189,77,22,57,65,64,69,56,64,68,55,57.25,Intermediate
170,69,26,80,44,82,80,73,80,62,58,65.2,Intermediate
168,75,22,41,55,81,63,57,53,63,50,52.300000000000004,Intermediate
187,73,32,67,80,61,50,55,47,82,73,56.1,Intermediate
170,65,25,82,64,84,75,80,76,76,63,68.7,Intermediate
195,85,28,30,65,56,45,36,46,52,69,41.050000000000004,Beginner
176,70,28,75,68,78,75,80,75,44,66,65.7,Intermediate
184,78,26,75,69,64,54,60,62,53,63,56.599999999999994,Intermediate
177,65,23,74,56,69,79,78,84,64,62,64.8,Intermediate
188,78,33,78,83,50,67,63,61,80,70,63.45,Intermediate
178,65,20,52,62,46,82,69,77,60,54,58.8,Intermediate
169,71,29,74,54,84,74,83,76,81,64,65.85000000000001,Intermediate
185,78,26,81,76,67,64,65,63,76,62,63.8,Intermediate
182,71,33,68,54,75,61,73,67,59,72,57.75,Intermediate
186,73,25,68,77,53,55,56,49,64,60,55.75,Intermediate
193,75,27,73,78,54,74,64,65,75,69,64.05,Intermediate
178,85,28,67,60,76,69,58,67,59,60,59.45000000000001,Intermediate
183,76,27,70,72,72,61,70,65,72,60,60.9,Intermediate
181,79,26,79,57,80,77,78,79,72,80,66.85,Intermediate
184,74,26,57,76,67,73,61,63,57,51,60.35,Intermediate
182,76,20,67,64,66,88,78,86,66,66,67.10000000000001,Intermediate
190,81,25,63,85,51,34,48,34,67,64,48.8,Beginner
184,77,25,25,43,40,34,32,34,53,63,31.5,Beginner
194,81,33,74,85,43,71,54,52,80,83,62.55,Intermediate
182,75,31,76,75,67,60,67,68,83,73,62.00000000000001,Intermediate
185,77,28,72,66,72,95,79,93,46,71,70.19999999999999,Advanced
178,76,30,81,70,72,61,72,65,64,71,62.60000000000001,Intermediate
170,65,24,73,53,86,90,93,91,90,68,71.94999999999999,Advanced
178,68,27,81,58,70,75,72,74,55,60,64.35000000000001,Intermediate
194,86,31,75,90,34,49,34,53,55,70,52.75,Intermediate
178,75,22,78,63,80,87,86,89,55,79,70.5,Advanced
184,71,27,73,71,67,33,57,57,80,59,51.550000000000004,Intermediate
195,87,22,35,69,25,21,38,23,33,47,31.599999999999998,Beginner
186,76,35,75,76,59,54,69,65,77,72,59.25,Intermediate
173,67,25,77,49,83,44,85,65,54,79,55.45,Intermediate
184,79,33,67,71,78,78,78,77,75,77,66.8,Intermediate
174,78,28,84,73,63,68,67,65,72,65,64.75,Intermediate
179,72,26,66,57,70,55,66,57,65,67,55.1,Intermediate
174,70,28,74,58,75,88,84,91,61,56,68.85000000000001,Intermediate
175,75,29,85,67,71,73,80,73,90,59,68.55,Intermediate
183,77,21,81,62,81,83,82,83,82,70,70.79999999999998,Advanced
183,73,27,82,67,72,65,71,61,68,66,63.650000000000006,Intermediate
187,70,19,90,66,56,79,75,72,44,64,66.9,Intermediate
179,76,24,74,61,78,85,84,84,82,62,69.74999999999999,Intermediate
188,82,22,55,70,68,77,66,70,71,52,61.55,Intermediate
176,77,29,66,65,58,75,71,75,74,53,62.05000000000001,Intermediate
185,83,27,67,77,65,67,67,73,78,68,62.15,Intermediate
187,86,28,65,85,64,62,59,63,80,63,60.64999999999999,Intermediate
182,65,23,73,41,71,73,77,79,49,49,59.900000000000006,Intermediate
175,72,26,57,51,76,65,75,69,60,54,56.65,Intermediate
181,72,24,62,73,65,65,64,68,64,52,58.949999999999996,Intermediate
187,80,25,28,63,32,30,32,30,60,53,33.45,Beginner
192,92,25,57,80,52,52,34,50,66,52,50.9,Intermediate
181,70,31,78,61,70,75,75,73,74,65,65.45,Intermediate
187,80,25,87,79,67,77,64,64,77,74,69.3,Intermediate
175,70,27,85,65,79,65,72,71,70,74,64.85,Intermediate
169,68,32,74,70,82,82,84,72,67,62,69.85,Intermediate
179,71,26,55,49,70,80,65,80,61,60,58.9,Intermediate
178,73,34,69,71,72,74,77,76,77,71,65.4,Intermediate
191,82,27,88,84,65,62,65,54,72,82,65.4,Intermediate
189,90,26,62,85,39,66,46,54,71,66,57.0,Intermediate
182,73,24,87,76,81,97,93,97,77,93,79.14999999999999,Advanced
185,81,35,82,82,72,80,78,79,79,92,71.65,Advanced
175,71,31,87,76,91,89,89,89,69,92,76.95,Advanced
174,69,31,85,72,88,86,93,91,87,91,76.04999999999998,Advanced
175,68,31,79,52,82,86,93,88,62,88,70.0,Advanced
187,83,38,70,75,67,82,77,76,95,90,69.0,Intermediate
195,102,41,34,85,51,61,67,55,77,77,53.50000000000001,Intermediate
